study,condition_or_density,attacker_or_conversion,policy,seed,leaked,attack_requests,legit_users,legit_completed_pct,first_time_completed_pct,returning_completed_pct,challenged_pct
E1,200 independent,concentrated_pumper_no_verify,none,300,335,3518,1245,65.0602,65.6732,62.8676,1.4458
E1,200 independent,concentrated_pumper_no_verify,none,301,342,1110,1180,66.1017,66.8449,63.2653,0.9322
E1,200 independent,concentrated_pumper_no_verify,none,302,343,1243,1235,62.834,63.4888,60.241,1.7814
E1,200 independent,concentrated_pumper_no_verify,none,303,363,1444,1131,64.191,64.7577,61.8834,1.2378
E1,200 independent,concentrated_pumper_no_verify,none,304,334,3253,1253,63.9266,64.008,63.6,1.7558
E1,200 independent,concentrated_pumper_no_verify,none,305,333,796,1240,63.7097,64.0201,62.449,1.371
E1,200 independent,concentrated_pumper_no_verify,none,306,331,2907,1228,65.9609,65.0615,69.4444,1.1401
E1,200 independent,concentrated_pumper_no_verify,none,307,362,1586,1209,63.3581,63.1256,64.3478,1.4888
E1,200 independent,concentrated_pumper_no_verify,none,308,355,2640,1169,64.0719,65.3887,58.6957,1.4542
E1,200 independent,concentrated_pumper_no_verify,none,309,358,1420,1153,62.8794,63.6266,59.7285,1.1275
E1,200 independent,concentrated_pumper_no_verify,sequential T1000 c1,300,185,3518,1245,65.0602,65.6732,62.8676,2.49
E1,200 independent,concentrated_pumper_no_verify,sequential T1000 c1,301,56,1110,1180,66.1017,66.8449,63.2653,0.9322
E1,200 independent,concentrated_pumper_no_verify,sequential T1000 c1,302,74,1243,1235,62.753,63.3874,60.241,1.9433
E1,200 independent,concentrated_pumper_no_verify,sequential T1000 c1,303,80,1444,1131,64.1026,64.6476,61.8834,2.0336
E1,200 independent,concentrated_pumper_no_verify,sequential T1000 c1,304,148,3253,1253,63.9266,64.008,63.6,1.7558
E1,200 independent,concentrated_pumper_no_verify,sequential T1000 c1,305,58,796,1240,63.7097,64.0201,62.449,1.6935
E1,200 independent,concentrated_pumper_no_verify,sequential T1000 c1,306,147,2907,1228,66.1238,65.2664,69.4444,1.1401
E1,200 independent,concentrated_pumper_no_verify,sequential T1000 c1,307,105,1586,1209,63.3581,63.1256,64.3478,1.737
E1,200 independent,concentrated_pumper_no_verify,sequential T1000 c1,308,136,2640,1169,64.1574,65.4952,58.6957,2.3952
E1,200 independent,concentrated_pumper_no_verify,sequential T1000 c1,309,83,1420,1153,62.8794,63.6266,59.7285,1.3877
E1,200 independent,concentrated_pumper_no_verify,sequential T300 c0,300,185,3518,1245,64.5783,65.0565,62.8676,5.8635
E1,200 independent,concentrated_pumper_no_verify,sequential T300 c0,301,56,1110,1180,66.1017,66.8449,63.2653,1.5254
E1,200 independent,concentrated_pumper_no_verify,sequential T300 c0,302,65,1243,1235,62.6721,63.286,60.241,2.753
E1,200 independent,concentrated_pumper_no_verify,sequential T300 c0,303,80,1444,1131,64.0141,64.5374,61.8834,3.2714
E1,200 independent,concentrated_pumper_no_verify,sequential T300 c0,304,148,3253,1253,63.6872,63.7089,63.6,4.0702
E1,200 independent,concentrated_pumper_no_verify,sequential T300 c0,305,51,796,1240,63.629,63.9196,62.449,4.5968
E1,200 independent,concentrated_pumper_no_verify,sequential T300 c0,306,147,2907,1228,65.7166,64.7541,69.4444,4.8046
E1,200 independent,concentrated_pumper_no_verify,sequential T300 c0,307,105,1586,1209,63.2754,63.0235,64.3478,3.3085
E1,200 independent,concentrated_pumper_no_verify,sequential T300 c0,308,136,2640,1169,64.1574,65.4952,58.6957,5.1326
E1,200 independent,concentrated_pumper_no_verify,sequential T300 c0,309,78,1420,1153,62.5325,63.1974,59.7285,4.9436
E1,200 independent,concentrated_pumper_no_verify,counter graded 4/10 min,300,61,3518,1245,64.9799,65.5704,62.8676,2.008
E1,200 independent,concentrated_pumper_no_verify,counter graded 4/10 min,301,72,1110,1180,66.1017,66.8449,63.2653,1.6949
E1,200 independent,concentrated_pumper_no_verify,counter graded 4/10 min,302,72,1243,1235,62.6721,63.286,60.241,2.5911
E1,200 independent,concentrated_pumper_no_verify,counter graded 4/10 min,303,72,1444,1131,64.1026,64.6476,61.8834,1.6799
E1,200 independent,concentrated_pumper_no_verify,counter graded 4/10 min,304,71,3253,1253,63.9266,64.008,63.6,2.9529
E1,200 independent,concentrated_pumper_no_verify,counter graded 4/10 min,305,72,796,1240,63.7097,64.0201,62.449,1.9355
E1,200 independent,concentrated_pumper_no_verify,counter graded 4/10 min,306,72,2907,1228,66.0423,65.1639,69.4444,2.1987
E1,200 independent,concentrated_pumper_no_verify,counter graded 4/10 min,307,72,1586,1209,63.2754,63.0235,64.3478,2.316
E1,200 independent,concentrated_pumper_no_verify,counter graded 4/10 min,308,73,2640,1169,63.9008,65.1757,58.6957,2.6518
E1,200 independent,concentrated_pumper_no_verify,counter graded 4/10 min,309,72,1420,1153,62.8794,63.6266,59.7285,1.7346
E1,200 independent,concentrated_pumper_no_verify,token bucket 4/10 min burst 4,300,66,3518,1245,65.0602,65.6732,62.8676,1.3655
E1,200 independent,concentrated_pumper_no_verify,token bucket 4/10 min burst 4,301,81,1110,1180,66.1017,66.8449,63.2653,1.0169
E1,200 independent,concentrated_pumper_no_verify,token bucket 4/10 min burst 4,302,81,1243,1235,62.834,63.4888,60.241,1.7004
E1,200 independent,concentrated_pumper_no_verify,token bucket 4/10 min burst 4,303,81,1444,1131,64.191,64.7577,61.8834,1.2378
E1,200 independent,concentrated_pumper_no_verify,token bucket 4/10 min burst 4,304,78,3253,1253,63.9266,64.008,63.6,1.7558
E1,200 independent,concentrated_pumper_no_verify,token bucket 4/10 min burst 4,305,81,796,1240,63.7097,64.0201,62.449,1.371
E1,200 independent,concentrated_pumper_no_verify,token bucket 4/10 min burst 4,306,79,2907,1228,66.1238,65.2664,69.4444,1.3029
E1,200 independent,concentrated_pumper_no_verify,token bucket 4/10 min burst 4,307,81,1586,1209,63.3581,63.1256,64.3478,1.4888
E1,200 independent,concentrated_pumper_no_verify,token bucket 4/10 min burst 4,308,82,2640,1169,64.0719,65.3887,58.6957,1.7964
E1,200 independent,concentrated_pumper_no_verify,token bucket 4/10 min burst 4,309,81,1420,1153,62.8794,63.6266,59.7285,1.1275
E1,200 independent,concentrated_pumper_no_verify,token bucket 4/10 min burst 12,300,84,3518,1245,65.0602,65.6732,62.8676,1.3655
E1,200 independent,concentrated_pumper_no_verify,token bucket 4/10 min burst 12,301,105,1110,1180,66.1017,66.8449,63.2653,0.9322
E1,200 independent,concentrated_pumper_no_verify,token bucket 4/10 min burst 12,302,105,1243,1235,62.834,63.4888,60.241,1.6194
E1,200 independent,concentrated_pumper_no_verify,token bucket 4/10 min burst 12,303,105,1444,1131,64.191,64.7577,61.8834,1.2378
E1,200 independent,concentrated_pumper_no_verify,token bucket 4/10 min burst 12,304,102,3253,1253,63.9266,64.008,63.6,1.7558
E1,200 independent,concentrated_pumper_no_verify,token bucket 4/10 min burst 12,305,105,796,1240,63.7097,64.0201,62.449,1.371
E1,200 independent,concentrated_pumper_no_verify,token bucket 4/10 min burst 12,306,103,2907,1228,66.1238,65.2664,69.4444,1.1401
E1,200 independent,concentrated_pumper_no_verify,token bucket 4/10 min burst 12,307,105,1586,1209,63.3581,63.1256,64.3478,1.4888
E1,200 independent,concentrated_pumper_no_verify,token bucket 4/10 min burst 12,308,106,2640,1169,63.9863,65.2822,58.6957,1.7109
E1,200 independent,concentrated_pumper_no_verify,token bucket 4/10 min burst 12,309,105,1420,1153,62.8794,63.6266,59.7285,1.1275
E1,200 independent,concentrated_pumper_no_verify,counter 4/10 min + sequential,300,24,3518,1245,64.9799,65.5704,62.8676,3.1325
E1,200 independent,concentrated_pumper_no_verify,counter 4/10 min + sequential,301,24,1110,1180,66.1017,66.8449,63.2653,1.6949
E1,200 independent,concentrated_pumper_no_verify,counter 4/10 min + sequential,302,24,1243,1235,62.5911,63.1846,60.241,2.915
E1,200 independent,concentrated_pumper_no_verify,counter 4/10 min + sequential,303,24,1444,1131,64.0141,64.5374,61.8834,2.4757
E1,200 independent,concentrated_pumper_no_verify,counter 4/10 min + sequential,304,24,3253,1253,63.9266,64.008,63.6,2.9529
E1,200 independent,concentrated_pumper_no_verify,counter 4/10 min + sequential,305,24,796,1240,63.7097,64.0201,62.449,2.0161
E1,200 independent,concentrated_pumper_no_verify,counter 4/10 min + sequential,306,24,2907,1228,66.0423,65.1639,69.4444,2.1987
E1,200 independent,concentrated_pumper_no_verify,counter 4/10 min + sequential,307,24,1586,1209,63.2754,63.0235,64.3478,2.5641
E1,200 independent,concentrated_pumper_no_verify,counter 4/10 min + sequential,308,25,2640,1169,63.9008,65.1757,58.6957,3.5928
E1,200 independent,concentrated_pumper_no_verify,counter 4/10 min + sequential,309,24,1420,1153,62.8794,63.6266,59.7285,1.9948
E1,200 independent,concentrated_pumper_no_verify,counter 4/10 min + trust budget,300,61,3518,1245,64.9799,65.5704,62.8676,2.008
E1,200 independent,concentrated_pumper_no_verify,counter 4/10 min + trust budget,301,72,1110,1180,66.1017,66.8449,63.2653,1.6949
E1,200 independent,concentrated_pumper_no_verify,counter 4/10 min + trust budget,302,72,1243,1235,62.6721,63.286,60.241,2.5911
E1,200 independent,concentrated_pumper_no_verify,counter 4/10 min + trust budget,303,72,1444,1131,64.1026,64.6476,61.8834,1.6799
E1,200 independent,concentrated_pumper_no_verify,counter 4/10 min + trust budget,304,71,3253,1253,63.9266,64.008,63.6,2.9529
E1,200 independent,concentrated_pumper_no_verify,counter 4/10 min + trust budget,305,72,796,1240,63.7097,64.0201,62.449,1.9355
E1,200 independent,concentrated_pumper_no_verify,counter 4/10 min + trust budget,306,72,2907,1228,66.0423,65.1639,69.4444,2.1987
E1,200 independent,concentrated_pumper_no_verify,counter 4/10 min + trust budget,307,72,1586,1209,63.2754,63.0235,64.3478,2.316
E1,200 independent,concentrated_pumper_no_verify,counter 4/10 min + trust budget,308,73,2640,1169,63.9008,65.1757,58.6957,2.6518
E1,200 independent,concentrated_pumper_no_verify,counter 4/10 min + trust budget,309,72,1420,1153,62.8794,63.6266,59.7285,1.7346
E1,200 independent,concentrated_pumper_verifies_instantly,none,300,3430,3518,1245,64.3373,64.7482,62.8676,7.3092
E1,200 independent,concentrated_pumper_verifies_instantly,none,301,1105,1110,1180,66.1017,66.8449,63.2653,0.9322
E1,200 independent,concentrated_pumper_verifies_instantly,none,302,1232,1243,1235,62.6721,63.286,60.241,3.4008
E1,200 independent,concentrated_pumper_verifies_instantly,none,303,1432,1444,1131,64.191,64.7577,61.8834,2.122
E1,200 independent,concentrated_pumper_verifies_instantly,none,304,3167,3253,1253,63.4477,63.4098,63.6,6.3049
E1,200 independent,concentrated_pumper_verifies_instantly,none,305,789,796,1240,63.7097,64.0201,62.449,1.371
E1,200 independent,concentrated_pumper_verifies_instantly,none,306,2849,2907,1228,65.6352,64.6516,69.4444,3.7459
E1,200 independent,concentrated_pumper_verifies_instantly,none,307,1571,1586,1209,63.2754,63.0235,64.3478,2.8122
E1,200 independent,concentrated_pumper_verifies_instantly,none,308,2593,2640,1169,63.8152,65.0692,58.6957,5.2181
E1,200 independent,concentrated_pumper_verifies_instantly,none,309,1404,1420,1153,62.9662,63.7339,59.7285,1.3877
E1,200 independent,concentrated_pumper_verifies_instantly,sequential T1000 c1,300,20,3518,1245,65.0602,65.6732,62.8676,2.49
E1,200 independent,concentrated_pumper_verifies_instantly,sequential T1000 c1,301,17,1110,1180,66.1017,66.8449,63.2653,0.9322
E1,200 independent,concentrated_pumper_verifies_instantly,sequential T1000 c1,302,19,1243,1235,62.753,63.3874,60.241,1.9433
E1,200 independent,concentrated_pumper_verifies_instantly,sequential T1000 c1,303,34,1444,1131,64.1026,64.6476,61.8834,2.0336
E1,200 independent,concentrated_pumper_verifies_instantly,sequential T1000 c1,304,22,3253,1253,63.9266,64.008,63.6,1.7558
E1,200 independent,concentrated_pumper_verifies_instantly,sequential T1000 c1,305,19,796,1240,63.7097,64.0201,62.449,1.6935
E1,200 independent,concentrated_pumper_verifies_instantly,sequential T1000 c1,306,22,2907,1228,66.1238,65.2664,69.4444,1.1401
E1,200 independent,concentrated_pumper_verifies_instantly,sequential T1000 c1,307,16,1586,1209,63.3581,63.1256,64.3478,1.737
E1,200 independent,concentrated_pumper_verifies_instantly,sequential T1000 c1,308,20,2640,1169,64.0719,65.3887,58.6957,2.7374
E1,200 independent,concentrated_pumper_verifies_instantly,sequential T1000 c1,309,16,1420,1153,62.8794,63.6266,59.7285,1.3877
E1,200 independent,concentrated_pumper_verifies_instantly,sequential T300 c0,300,18,3518,1245,64.5783,65.0565,62.8676,5.8635
E1,200 independent,concentrated_pumper_verifies_instantly,sequential T300 c0,301,14,1110,1180,66.1017,66.8449,63.2653,1.5254
E1,200 independent,concentrated_pumper_verifies_instantly,sequential T300 c0,302,15,1243,1235,62.6721,63.286,60.241,2.753
E1,200 independent,concentrated_pumper_verifies_instantly,sequential T300 c0,303,29,1444,1131,64.0141,64.5374,61.8834,3.2714
E1,200 independent,concentrated_pumper_verifies_instantly,sequential T300 c0,304,20,3253,1253,63.6872,63.7089,63.6,4.0702
E1,200 independent,concentrated_pumper_verifies_instantly,sequential T300 c0,305,15,796,1240,63.629,63.9196,62.449,4.5968
E1,200 independent,concentrated_pumper_verifies_instantly,sequential T300 c0,306,16,2907,1228,65.7166,64.7541,69.4444,4.8046
E1,200 independent,concentrated_pumper_verifies_instantly,sequential T300 c0,307,15,1586,1209,63.2754,63.0235,64.3478,3.3085
E1,200 independent,concentrated_pumper_verifies_instantly,sequential T300 c0,308,19,2640,1169,64.0719,65.3887,58.6957,5.4748
E1,200 independent,concentrated_pumper_verifies_instantly,sequential T300 c0,309,13,1420,1153,62.5325,63.1974,59.7285,4.9436
E1,200 independent,concentrated_pumper_verifies_instantly,counter graded 4/10 min,300,77,3518,1245,64.9799,65.5704,62.8676,2.008
E1,200 independent,concentrated_pumper_verifies_instantly,counter graded 4/10 min,301,74,1110,1180,66.1017,66.8449,63.2653,1.6949
E1,200 independent,concentrated_pumper_verifies_instantly,counter graded 4/10 min,302,74,1243,1235,62.6721,63.286,60.241,2.5911
E1,200 independent,concentrated_pumper_verifies_instantly,counter graded 4/10 min,303,73,1444,1131,64.1026,64.6476,61.8834,1.6799
E1,200 independent,concentrated_pumper_verifies_instantly,counter graded 4/10 min,304,78,3253,1253,63.9266,64.008,63.6,2.9529
E1,200 independent,concentrated_pumper_verifies_instantly,counter graded 4/10 min,305,74,796,1240,63.7097,64.0201,62.449,1.9355
E1,200 independent,concentrated_pumper_verifies_instantly,counter graded 4/10 min,306,79,2907,1228,66.0423,65.1639,69.4444,2.1987
E1,200 independent,concentrated_pumper_verifies_instantly,counter graded 4/10 min,307,73,1586,1209,63.2754,63.0235,64.3478,2.316
E1,200 independent,concentrated_pumper_verifies_instantly,counter graded 4/10 min,308,78,2640,1169,63.9008,65.1757,58.6957,2.6518
E1,200 independent,concentrated_pumper_verifies_instantly,counter graded 4/10 min,309,72,1420,1153,62.8794,63.6266,59.7285,1.7346
E1,200 independent,concentrated_pumper_verifies_instantly,token bucket 4/10 min burst 4,300,85,3518,1245,65.0602,65.6732,62.8676,1.3655
E1,200 independent,concentrated_pumper_verifies_instantly,token bucket 4/10 min burst 4,301,84,1110,1180,66.1017,66.8449,63.2653,1.0169
E1,200 independent,concentrated_pumper_verifies_instantly,token bucket 4/10 min burst 4,302,84,1243,1235,62.834,63.4888,60.241,1.7004
E1,200 independent,concentrated_pumper_verifies_instantly,token bucket 4/10 min burst 4,303,82,1444,1131,64.191,64.7577,61.8834,1.2378
E1,200 independent,concentrated_pumper_verifies_instantly,token bucket 4/10 min burst 4,304,85,3253,1253,63.9266,64.008,63.6,1.7558
E1,200 independent,concentrated_pumper_verifies_instantly,token bucket 4/10 min burst 4,305,83,796,1240,63.7097,64.0201,62.449,1.371
E1,200 independent,concentrated_pumper_verifies_instantly,token bucket 4/10 min burst 4,306,84,2907,1228,66.1238,65.2664,69.4444,1.3029
E1,200 independent,concentrated_pumper_verifies_instantly,token bucket 4/10 min burst 4,307,83,1586,1209,63.3581,63.1256,64.3478,1.4888
E1,200 independent,concentrated_pumper_verifies_instantly,token bucket 4/10 min burst 4,308,87,2640,1169,64.0719,65.3887,58.6957,1.7964
E1,200 independent,concentrated_pumper_verifies_instantly,token bucket 4/10 min burst 4,309,85,1420,1153,62.8794,63.6266,59.7285,1.1275
E1,200 independent,concentrated_pumper_verifies_instantly,token bucket 4/10 min burst 12,300,112,3518,1245,65.0602,65.6732,62.8676,1.3655
E1,200 independent,concentrated_pumper_verifies_instantly,token bucket 4/10 min burst 12,301,109,1110,1180,66.1017,66.8449,63.2653,0.9322
E1,200 independent,concentrated_pumper_verifies_instantly,token bucket 4/10 min burst 12,302,108,1243,1235,62.834,63.4888,60.241,1.6194
E1,200 independent,concentrated_pumper_verifies_instantly,token bucket 4/10 min burst 12,303,107,1444,1131,64.191,64.7577,61.8834,1.2378
E1,200 independent,concentrated_pumper_verifies_instantly,token bucket 4/10 min burst 12,304,112,3253,1253,63.9266,64.008,63.6,1.7558
E1,200 independent,concentrated_pumper_verifies_instantly,token bucket 4/10 min burst 12,305,107,796,1240,63.7097,64.0201,62.449,1.371
E1,200 independent,concentrated_pumper_verifies_instantly,token bucket 4/10 min burst 12,306,110,2907,1228,66.1238,65.2664,69.4444,1.1401
E1,200 independent,concentrated_pumper_verifies_instantly,token bucket 4/10 min burst 12,307,110,1586,1209,63.3581,63.1256,64.3478,1.4888
E1,200 independent,concentrated_pumper_verifies_instantly,token bucket 4/10 min burst 12,308,113,2640,1169,64.1574,65.4952,58.6957,1.7109
E1,200 independent,concentrated_pumper_verifies_instantly,token bucket 4/10 min burst 12,309,110,1420,1153,62.8794,63.6266,59.7285,1.1275
E1,200 independent,concentrated_pumper_verifies_instantly,counter 4/10 min + sequential,300,21,3518,1245,64.9799,65.5704,62.8676,3.1325
E1,200 independent,concentrated_pumper_verifies_instantly,counter 4/10 min + sequential,301,16,1110,1180,66.1017,66.8449,63.2653,1.6949
E1,200 independent,concentrated_pumper_verifies_instantly,counter 4/10 min + sequential,302,17,1243,1235,62.5911,63.1846,60.241,2.915
E1,200 independent,concentrated_pumper_verifies_instantly,counter 4/10 min + sequential,303,21,1444,1131,64.0141,64.5374,61.8834,2.4757
E1,200 independent,concentrated_pumper_verifies_instantly,counter 4/10 min + sequential,304,24,3253,1253,63.9266,64.008,63.6,2.9529
E1,200 independent,concentrated_pumper_verifies_instantly,counter 4/10 min + sequential,305,15,796,1240,63.7097,64.0201,62.449,2.0161
E1,200 independent,concentrated_pumper_verifies_instantly,counter 4/10 min + sequential,306,16,2907,1228,66.0423,65.1639,69.4444,2.1987
E1,200 independent,concentrated_pumper_verifies_instantly,counter 4/10 min + sequential,307,18,1586,1209,63.2754,63.0235,64.3478,2.5641
E1,200 independent,concentrated_pumper_verifies_instantly,counter 4/10 min + sequential,308,20,2640,1169,63.9008,65.1757,58.6957,3.5928
E1,200 independent,concentrated_pumper_verifies_instantly,counter 4/10 min + sequential,309,15,1420,1153,62.8794,63.6266,59.7285,1.9948
E1,200 independent,concentrated_pumper_verifies_instantly,counter 4/10 min + trust budget,300,77,3518,1245,64.9799,65.5704,62.8676,2.008
E1,200 independent,concentrated_pumper_verifies_instantly,counter 4/10 min + trust budget,301,74,1110,1180,66.1017,66.8449,63.2653,1.6949
E1,200 independent,concentrated_pumper_verifies_instantly,counter 4/10 min + trust budget,302,74,1243,1235,62.6721,63.286,60.241,2.5911
E1,200 independent,concentrated_pumper_verifies_instantly,counter 4/10 min + trust budget,303,73,1444,1131,64.1026,64.6476,61.8834,1.6799
E1,200 independent,concentrated_pumper_verifies_instantly,counter 4/10 min + trust budget,304,78,3253,1253,63.9266,64.008,63.6,2.9529
E1,200 independent,concentrated_pumper_verifies_instantly,counter 4/10 min + trust budget,305,74,796,1240,63.7097,64.0201,62.449,1.9355
E1,200 independent,concentrated_pumper_verifies_instantly,counter 4/10 min + trust budget,306,79,2907,1228,66.0423,65.1639,69.4444,2.1987
E1,200 independent,concentrated_pumper_verifies_instantly,counter 4/10 min + trust budget,307,73,1586,1209,63.2754,63.0235,64.3478,2.316
E1,200 independent,concentrated_pumper_verifies_instantly,counter 4/10 min + trust budget,308,78,2640,1169,63.9008,65.1757,58.6957,2.6518
E1,200 independent,concentrated_pumper_verifies_instantly,counter 4/10 min + trust budget,309,72,1420,1153,62.8794,63.6266,59.7285,1.7346
E1,200 independent,concentrated_pumper_verifies_humanlike,none,300,3489,3518,1245,65.0602,65.6732,62.8676,1.3655
E1,200 independent,concentrated_pumper_verifies_humanlike,none,301,1107,1110,1180,66.1017,66.8449,63.2653,0.9322
E1,200 independent,concentrated_pumper_verifies_humanlike,none,302,1234,1243,1235,62.834,63.4888,60.241,1.6194
E1,200 independent,concentrated_pumper_verifies_humanlike,none,303,1438,1444,1131,64.191,64.7577,61.8834,1.2378
E1,200 independent,concentrated_pumper_verifies_humanlike,none,304,3229,3253,1253,63.9266,64.008,63.6,1.7558
E1,200 independent,concentrated_pumper_verifies_humanlike,none,305,789,796,1240,63.7097,64.0201,62.449,1.371
E1,200 independent,concentrated_pumper_verifies_humanlike,none,306,2885,2907,1228,66.1238,65.2664,69.4444,1.1401
E1,200 independent,concentrated_pumper_verifies_humanlike,none,307,1577,1586,1209,63.3581,63.1256,64.3478,1.4888
E1,200 independent,concentrated_pumper_verifies_humanlike,none,308,2625,2640,1169,64.0719,65.3887,58.6957,1.5398
E1,200 independent,concentrated_pumper_verifies_humanlike,none,309,1409,1420,1153,62.8794,63.6266,59.7285,1.1275
E1,200 independent,concentrated_pumper_verifies_humanlike,sequential T1000 c1,300,296,3518,1245,65.0602,65.6732,62.8676,2.49
E1,200 independent,concentrated_pumper_verifies_humanlike,sequential T1000 c1,301,1099,1110,1180,66.1017,66.8449,63.2653,0.9322
E1,200 independent,concentrated_pumper_verifies_humanlike,sequential T1000 c1,302,1234,1243,1235,62.753,63.3874,60.241,1.9433
E1,200 independent,concentrated_pumper_verifies_humanlike,sequential T1000 c1,303,1420,1444,1131,64.1026,64.6476,61.8834,2.0336
E1,200 independent,concentrated_pumper_verifies_humanlike,sequential T1000 c1,304,508,3253,1253,63.9266,64.008,63.6,1.7558
E1,200 independent,concentrated_pumper_verifies_humanlike,sequential T1000 c1,305,789,796,1240,63.7097,64.0201,62.449,1.6935
E1,200 independent,concentrated_pumper_verifies_humanlike,sequential T1000 c1,306,498,2907,1228,66.1238,65.2664,69.4444,1.1401
E1,200 independent,concentrated_pumper_verifies_humanlike,sequential T1000 c1,307,1134,1586,1209,63.3581,63.1256,64.3478,1.737
E1,200 independent,concentrated_pumper_verifies_humanlike,sequential T1000 c1,308,924,2640,1169,64.0719,65.3887,58.6957,2.6518
E1,200 independent,concentrated_pumper_verifies_humanlike,sequential T1000 c1,309,1021,1420,1153,62.8794,63.6266,59.7285,1.3877
E1,200 independent,concentrated_pumper_verifies_humanlike,sequential T300 c0,300,198,3518,1245,64.5783,65.0565,62.8676,5.8635
E1,200 independent,concentrated_pumper_verifies_humanlike,sequential T300 c0,301,84,1110,1180,66.1017,66.8449,63.2653,1.5254
E1,200 independent,concentrated_pumper_verifies_humanlike,sequential T300 c0,302,133,1243,1235,62.6721,63.286,60.241,2.753
E1,200 independent,concentrated_pumper_verifies_humanlike,sequential T300 c0,303,150,1444,1131,64.0141,64.5374,61.8834,3.2714
E1,200 independent,concentrated_pumper_verifies_humanlike,sequential T300 c0,304,172,3253,1253,63.6872,63.7089,63.6,4.0702
E1,200 independent,concentrated_pumper_verifies_humanlike,sequential T300 c0,305,113,796,1240,63.629,63.9196,62.449,4.5968
E1,200 independent,concentrated_pumper_verifies_humanlike,sequential T300 c0,306,198,2907,1228,65.7166,64.7541,69.4444,4.8046
E1,200 independent,concentrated_pumper_verifies_humanlike,sequential T300 c0,307,125,1586,1209,63.2754,63.0235,64.3478,3.3085
E1,200 independent,concentrated_pumper_verifies_humanlike,sequential T300 c0,308,183,2640,1169,64.1574,65.4952,58.6957,5.1326
E1,200 independent,concentrated_pumper_verifies_humanlike,sequential T300 c0,309,130,1420,1153,62.5325,63.1974,59.7285,4.9436
E1,200 independent,concentrated_pumper_verifies_humanlike,counter graded 4/10 min,300,76,3518,1245,64.9799,65.5704,62.8676,2.008
E1,200 independent,concentrated_pumper_verifies_humanlike,counter graded 4/10 min,301,74,1110,1180,66.1017,66.8449,63.2653,1.6949
E1,200 independent,concentrated_pumper_verifies_humanlike,counter graded 4/10 min,302,74,1243,1235,62.6721,63.286,60.241,2.5911
E1,200 independent,concentrated_pumper_verifies_humanlike,counter graded 4/10 min,303,73,1444,1131,64.1026,64.6476,61.8834,1.6799
E1,200 independent,concentrated_pumper_verifies_humanlike,counter graded 4/10 min,304,75,3253,1253,63.9266,64.008,63.6,2.9529
E1,200 independent,concentrated_pumper_verifies_humanlike,counter graded 4/10 min,305,73,796,1240,63.7097,64.0201,62.449,1.9355
E1,200 independent,concentrated_pumper_verifies_humanlike,counter graded 4/10 min,306,76,2907,1228,66.0423,65.1639,69.4444,2.1987
E1,200 independent,concentrated_pumper_verifies_humanlike,counter graded 4/10 min,307,73,1586,1209,63.2754,63.0235,64.3478,2.316
E1,200 independent,concentrated_pumper_verifies_humanlike,counter graded 4/10 min,308,76,2640,1169,63.9008,65.1757,58.6957,2.6518
E1,200 independent,concentrated_pumper_verifies_humanlike,counter graded 4/10 min,309,72,1420,1153,62.8794,63.6266,59.7285,1.7346
E1,200 independent,concentrated_pumper_verifies_humanlike,token bucket 4/10 min burst 4,300,84,3518,1245,65.0602,65.6732,62.8676,1.3655
E1,200 independent,concentrated_pumper_verifies_humanlike,token bucket 4/10 min burst 4,301,83,1110,1180,66.1017,66.8449,63.2653,1.0169
E1,200 independent,concentrated_pumper_verifies_humanlike,token bucket 4/10 min burst 4,302,84,1243,1235,62.834,63.4888,60.241,1.7004
E1,200 independent,concentrated_pumper_verifies_humanlike,token bucket 4/10 min burst 4,303,81,1444,1131,64.191,64.7577,61.8834,1.2378
E1,200 independent,concentrated_pumper_verifies_humanlike,token bucket 4/10 min burst 4,304,83,3253,1253,63.9266,64.008,63.6,1.7558
E1,200 independent,concentrated_pumper_verifies_humanlike,token bucket 4/10 min burst 4,305,81,796,1240,63.7097,64.0201,62.449,1.371
E1,200 independent,concentrated_pumper_verifies_humanlike,token bucket 4/10 min burst 4,306,81,2907,1228,66.1238,65.2664,69.4444,1.3029
E1,200 independent,concentrated_pumper_verifies_humanlike,token bucket 4/10 min burst 4,307,82,1586,1209,63.3581,63.1256,64.3478,1.4888
E1,200 independent,concentrated_pumper_verifies_humanlike,token bucket 4/10 min burst 4,308,85,2640,1169,64.0719,65.3887,58.6957,1.7964
E1,200 independent,concentrated_pumper_verifies_humanlike,token bucket 4/10 min burst 4,309,83,1420,1153,62.8794,63.6266,59.7285,1.1275
E1,200 independent,concentrated_pumper_verifies_humanlike,token bucket 4/10 min burst 12,300,108,3518,1245,65.0602,65.6732,62.8676,1.3655
E1,200 independent,concentrated_pumper_verifies_humanlike,token bucket 4/10 min burst 12,301,107,1110,1180,66.1017,66.8449,63.2653,0.9322
E1,200 independent,concentrated_pumper_verifies_humanlike,token bucket 4/10 min burst 12,302,108,1243,1235,62.834,63.4888,60.241,1.6194
E1,200 independent,concentrated_pumper_verifies_humanlike,token bucket 4/10 min burst 12,303,106,1444,1131,64.191,64.7577,61.8834,1.2378
E1,200 independent,concentrated_pumper_verifies_humanlike,token bucket 4/10 min burst 12,304,108,3253,1253,63.9266,64.008,63.6,1.7558
E1,200 independent,concentrated_pumper_verifies_humanlike,token bucket 4/10 min burst 12,305,105,796,1240,63.7097,64.0201,62.449,1.371
E1,200 independent,concentrated_pumper_verifies_humanlike,token bucket 4/10 min burst 12,306,107,2907,1228,66.1238,65.2664,69.4444,1.1401
E1,200 independent,concentrated_pumper_verifies_humanlike,token bucket 4/10 min burst 12,307,108,1586,1209,63.3581,63.1256,64.3478,1.4888
E1,200 independent,concentrated_pumper_verifies_humanlike,token bucket 4/10 min burst 12,308,110,2640,1169,64.0719,65.3887,58.6957,1.7964
E1,200 independent,concentrated_pumper_verifies_humanlike,token bucket 4/10 min burst 12,309,107,1420,1153,62.8794,63.6266,59.7285,1.1275
E1,200 independent,concentrated_pumper_verifies_humanlike,counter 4/10 min + sequential,300,76,3518,1245,64.9799,65.5704,62.8676,3.1325
E1,200 independent,concentrated_pumper_verifies_humanlike,counter 4/10 min + sequential,301,74,1110,1180,66.1017,66.8449,63.2653,1.6949
E1,200 independent,concentrated_pumper_verifies_humanlike,counter 4/10 min + sequential,302,74,1243,1235,62.5911,63.1846,60.241,2.915
E1,200 independent,concentrated_pumper_verifies_humanlike,counter 4/10 min + sequential,303,73,1444,1131,64.0141,64.5374,61.8834,2.4757
E1,200 independent,concentrated_pumper_verifies_humanlike,counter 4/10 min + sequential,304,75,3253,1253,63.9266,64.008,63.6,2.9529
E1,200 independent,concentrated_pumper_verifies_humanlike,counter 4/10 min + sequential,305,73,796,1240,63.7097,64.0201,62.449,2.0161
E1,200 independent,concentrated_pumper_verifies_humanlike,counter 4/10 min + sequential,306,76,2907,1228,66.0423,65.1639,69.4444,2.1987
E1,200 independent,concentrated_pumper_verifies_humanlike,counter 4/10 min + sequential,307,73,1586,1209,63.2754,63.0235,64.3478,2.5641
E1,200 independent,concentrated_pumper_verifies_humanlike,counter 4/10 min + sequential,308,60,2640,1169,63.9008,65.1757,58.6957,3.5928
E1,200 independent,concentrated_pumper_verifies_humanlike,counter 4/10 min + sequential,309,72,1420,1153,62.8794,63.6266,59.7285,1.9948
E1,200 independent,concentrated_pumper_verifies_humanlike,counter 4/10 min + trust budget,300,76,3518,1245,64.9799,65.5704,62.8676,2.008
E1,200 independent,concentrated_pumper_verifies_humanlike,counter 4/10 min + trust budget,301,74,1110,1180,66.1017,66.8449,63.2653,1.6949
E1,200 independent,concentrated_pumper_verifies_humanlike,counter 4/10 min + trust budget,302,74,1243,1235,62.6721,63.286,60.241,2.5911
E1,200 independent,concentrated_pumper_verifies_humanlike,counter 4/10 min + trust budget,303,73,1444,1131,64.1026,64.6476,61.8834,1.6799
E1,200 independent,concentrated_pumper_verifies_humanlike,counter 4/10 min + trust budget,304,75,3253,1253,63.9266,64.008,63.6,2.9529
E1,200 independent,concentrated_pumper_verifies_humanlike,counter 4/10 min + trust budget,305,73,796,1240,63.7097,64.0201,62.449,1.9355
E1,200 independent,concentrated_pumper_verifies_humanlike,counter 4/10 min + trust budget,306,76,2907,1228,66.0423,65.1639,69.4444,2.1987
E1,200 independent,concentrated_pumper_verifies_humanlike,counter 4/10 min + trust budget,307,73,1586,1209,63.2754,63.0235,64.3478,2.316
E1,200 independent,concentrated_pumper_verifies_humanlike,counter 4/10 min + trust budget,308,76,2640,1169,63.9008,65.1757,58.6957,2.6518
E1,200 independent,concentrated_pumper_verifies_humanlike,counter 4/10 min + trust budget,309,72,1420,1153,62.8794,63.6266,59.7285,1.7346
E1,200 independent,concentrated_pumper_solves_challenges,none,300,474,3518,1245,65.0602,65.6732,62.8676,1.6064
E1,200 independent,concentrated_pumper_solves_challenges,none,301,1018,1110,1180,66.1017,66.8449,63.2653,0.9322
E1,200 independent,concentrated_pumper_solves_challenges,none,302,1128,1243,1235,62.6721,63.286,60.241,2.0243
E1,200 independent,concentrated_pumper_solves_challenges,none,303,1162,1444,1131,64.1026,64.6476,61.8834,1.4147
E1,200 independent,concentrated_pumper_solves_challenges,none,304,476,3253,1253,63.9266,64.008,63.6,1.7558
E1,200 independent,concentrated_pumper_solves_challenges,none,305,789,796,1240,63.7097,64.0201,62.449,1.5323
E1,200 independent,concentrated_pumper_solves_challenges,none,306,554,2907,1228,65.9609,65.0615,69.4444,1.3029
E1,200 independent,concentrated_pumper_solves_challenges,none,307,1158,1586,1209,63.2754,63.0235,64.3478,1.8197
E1,200 independent,concentrated_pumper_solves_challenges,none,308,680,2640,1169,64.0719,65.3887,58.6957,1.7109
E1,200 independent,concentrated_pumper_solves_challenges,none,309,1125,1420,1153,62.8794,63.6266,59.7285,1.301
E1,200 independent,concentrated_pumper_solves_challenges,sequential T1000 c1,300,185,3518,1245,65.0602,65.6732,62.8676,2.49
E1,200 independent,concentrated_pumper_solves_challenges,sequential T1000 c1,301,65,1110,1180,66.1017,66.8449,63.2653,0.9322
E1,200 independent,concentrated_pumper_solves_challenges,sequential T1000 c1,302,74,1243,1235,62.753,63.3874,60.241,1.9433
E1,200 independent,concentrated_pumper_solves_challenges,sequential T1000 c1,303,84,1444,1131,64.1026,64.6476,61.8834,2.0336
E1,200 independent,concentrated_pumper_solves_challenges,sequential T1000 c1,304,148,3253,1253,63.9266,64.008,63.6,1.7558
E1,200 independent,concentrated_pumper_solves_challenges,sequential T1000 c1,305,65,796,1240,63.7097,64.0201,62.449,1.6935
E1,200 independent,concentrated_pumper_solves_challenges,sequential T1000 c1,306,147,2907,1228,66.1238,65.2664,69.4444,1.1401
E1,200 independent,concentrated_pumper_solves_challenges,sequential T1000 c1,307,105,1586,1209,63.3581,63.1256,64.3478,1.737
E1,200 independent,concentrated_pumper_solves_challenges,sequential T1000 c1,308,136,2640,1169,64.1574,65.4952,58.6957,2.3952
E1,200 independent,concentrated_pumper_solves_challenges,sequential T1000 c1,309,104,1420,1153,62.8794,63.6266,59.7285,1.3877
E1,200 independent,concentrated_pumper_solves_challenges,sequential T300 c0,300,185,3518,1245,64.5783,65.0565,62.8676,5.8635
E1,200 independent,concentrated_pumper_solves_challenges,sequential T300 c0,301,65,1110,1180,66.1017,66.8449,63.2653,1.5254
E1,200 independent,concentrated_pumper_solves_challenges,sequential T300 c0,302,74,1243,1235,62.6721,63.286,60.241,2.753
E1,200 independent,concentrated_pumper_solves_challenges,sequential T300 c0,303,84,1444,1131,64.0141,64.5374,61.8834,3.2714
E1,200 independent,concentrated_pumper_solves_challenges,sequential T300 c0,304,148,3253,1253,63.6872,63.7089,63.6,4.0702
E1,200 independent,concentrated_pumper_solves_challenges,sequential T300 c0,305,61,796,1240,63.629,63.9196,62.449,4.5968
E1,200 independent,concentrated_pumper_solves_challenges,sequential T300 c0,306,147,2907,1228,65.7166,64.7541,69.4444,4.8046
E1,200 independent,concentrated_pumper_solves_challenges,sequential T300 c0,307,105,1586,1209,63.2754,63.0235,64.3478,3.3085
E1,200 independent,concentrated_pumper_solves_challenges,sequential T300 c0,308,136,2640,1169,64.1574,65.4952,58.6957,5.1326
E1,200 independent,concentrated_pumper_solves_challenges,sequential T300 c0,309,83,1420,1153,62.5325,63.1974,59.7285,4.9436
E1,200 independent,concentrated_pumper_solves_challenges,counter graded 4/10 min,300,144,3518,1245,64.9799,65.5704,62.8676,2.008
E1,200 independent,concentrated_pumper_solves_challenges,counter graded 4/10 min,301,144,1110,1180,66.1017,66.8449,63.2653,1.6949
E1,200 independent,concentrated_pumper_solves_challenges,counter graded 4/10 min,302,144,1243,1235,62.6721,63.286,60.241,2.5911
E1,200 independent,concentrated_pumper_solves_challenges,counter graded 4/10 min,303,144,1444,1131,64.1026,64.6476,61.8834,1.6799
E1,200 independent,concentrated_pumper_solves_challenges,counter graded 4/10 min,304,144,3253,1253,63.9266,64.008,63.6,2.9529
E1,200 independent,concentrated_pumper_solves_challenges,counter graded 4/10 min,305,144,796,1240,63.7097,64.0201,62.449,1.9355
E1,200 independent,concentrated_pumper_solves_challenges,counter graded 4/10 min,306,144,2907,1228,66.0423,65.1639,69.4444,2.1987
E1,200 independent,concentrated_pumper_solves_challenges,counter graded 4/10 min,307,144,1586,1209,63.2754,63.0235,64.3478,2.316
E1,200 independent,concentrated_pumper_solves_challenges,counter graded 4/10 min,308,145,2640,1169,63.9863,65.2822,58.6957,2.3097
E1,200 independent,concentrated_pumper_solves_challenges,counter graded 4/10 min,309,144,1420,1153,62.8794,63.6266,59.7285,1.7346
E1,200 independent,concentrated_pumper_solves_challenges,token bucket 4/10 min burst 4,300,162,3518,1245,65.0602,65.6732,62.8676,1.3655
E1,200 independent,concentrated_pumper_solves_challenges,token bucket 4/10 min burst 4,301,162,1110,1180,66.1017,66.8449,63.2653,1.0169
E1,200 independent,concentrated_pumper_solves_challenges,token bucket 4/10 min burst 4,302,162,1243,1235,62.834,63.4888,60.241,1.7004
E1,200 independent,concentrated_pumper_solves_challenges,token bucket 4/10 min burst 4,303,162,1444,1131,64.191,64.7577,61.8834,1.2378
E1,200 independent,concentrated_pumper_solves_challenges,token bucket 4/10 min burst 4,304,162,3253,1253,63.9266,64.008,63.6,1.7558
E1,200 independent,concentrated_pumper_solves_challenges,token bucket 4/10 min burst 4,305,162,796,1240,63.7097,64.0201,62.449,1.371
E1,200 independent,concentrated_pumper_solves_challenges,token bucket 4/10 min burst 4,306,162,2907,1228,66.1238,65.2664,69.4444,1.3029
E1,200 independent,concentrated_pumper_solves_challenges,token bucket 4/10 min burst 4,307,162,1586,1209,63.3581,63.1256,64.3478,1.4888
E1,200 independent,concentrated_pumper_solves_challenges,token bucket 4/10 min burst 4,308,163,2640,1169,64.1574,65.4952,58.6957,1.4542
E1,200 independent,concentrated_pumper_solves_challenges,token bucket 4/10 min burst 4,309,162,1420,1153,62.8794,63.6266,59.7285,1.1275
E1,200 independent,concentrated_pumper_solves_challenges,token bucket 4/10 min burst 12,300,210,3518,1245,65.0602,65.6732,62.8676,1.3655
E1,200 independent,concentrated_pumper_solves_challenges,token bucket 4/10 min burst 12,301,210,1110,1180,66.1017,66.8449,63.2653,0.9322
E1,200 independent,concentrated_pumper_solves_challenges,token bucket 4/10 min burst 12,302,210,1243,1235,62.834,63.4888,60.241,1.6194
E1,200 independent,concentrated_pumper_solves_challenges,token bucket 4/10 min burst 12,303,210,1444,1131,64.191,64.7577,61.8834,1.2378
E1,200 independent,concentrated_pumper_solves_challenges,token bucket 4/10 min burst 12,304,210,3253,1253,63.9266,64.008,63.6,1.7558
E1,200 independent,concentrated_pumper_solves_challenges,token bucket 4/10 min burst 12,305,209,796,1240,63.7097,64.0201,62.449,1.371
E1,200 independent,concentrated_pumper_solves_challenges,token bucket 4/10 min burst 12,306,210,2907,1228,66.1238,65.2664,69.4444,1.1401
E1,200 independent,concentrated_pumper_solves_challenges,token bucket 4/10 min burst 12,307,210,1586,1209,63.3581,63.1256,64.3478,1.4888
E1,200 independent,concentrated_pumper_solves_challenges,token bucket 4/10 min burst 12,308,211,2640,1169,64.1574,65.4952,58.6957,1.4542
E1,200 independent,concentrated_pumper_solves_challenges,token bucket 4/10 min burst 12,309,210,1420,1153,62.8794,63.6266,59.7285,1.1275
E1,200 independent,concentrated_pumper_solves_challenges,counter 4/10 min + sequential,300,48,3518,1245,64.9799,65.5704,62.8676,3.1325
E1,200 independent,concentrated_pumper_solves_challenges,counter 4/10 min + sequential,301,48,1110,1180,66.1017,66.8449,63.2653,1.6949
E1,200 independent,concentrated_pumper_solves_challenges,counter 4/10 min + sequential,302,48,1243,1235,62.5911,63.1846,60.241,2.915
E1,200 independent,concentrated_pumper_solves_challenges,counter 4/10 min + sequential,303,48,1444,1131,64.0141,64.5374,61.8834,2.4757
E1,200 independent,concentrated_pumper_solves_challenges,counter 4/10 min + sequential,304,48,3253,1253,63.9266,64.008,63.6,2.9529
E1,200 independent,concentrated_pumper_solves_challenges,counter 4/10 min + sequential,305,48,796,1240,63.7097,64.0201,62.449,2.0161
E1,200 independent,concentrated_pumper_solves_challenges,counter 4/10 min + sequential,306,48,2907,1228,66.0423,65.1639,69.4444,2.1987
E1,200 independent,concentrated_pumper_solves_challenges,counter 4/10 min + sequential,307,48,1586,1209,63.2754,63.0235,64.3478,2.5641
E1,200 independent,concentrated_pumper_solves_challenges,counter 4/10 min + sequential,308,49,2640,1169,63.9863,65.2822,58.6957,3.2506
E1,200 independent,concentrated_pumper_solves_challenges,counter 4/10 min + sequential,309,48,1420,1153,62.8794,63.6266,59.7285,1.9948
E1,200 independent,concentrated_pumper_solves_challenges,counter 4/10 min + trust budget,300,144,3518,1245,64.9799,65.5704,62.8676,2.008
E1,200 independent,concentrated_pumper_solves_challenges,counter 4/10 min + trust budget,301,144,1110,1180,66.1017,66.8449,63.2653,1.6949
E1,200 independent,concentrated_pumper_solves_challenges,counter 4/10 min + trust budget,302,144,1243,1235,62.6721,63.286,60.241,2.5911
E1,200 independent,concentrated_pumper_solves_challenges,counter 4/10 min + trust budget,303,144,1444,1131,64.1026,64.6476,61.8834,1.6799
E1,200 independent,concentrated_pumper_solves_challenges,counter 4/10 min + trust budget,304,144,3253,1253,63.9266,64.008,63.6,2.9529
E1,200 independent,concentrated_pumper_solves_challenges,counter 4/10 min + trust budget,305,144,796,1240,63.7097,64.0201,62.449,1.9355
E1,200 independent,concentrated_pumper_solves_challenges,counter 4/10 min + trust budget,306,144,2907,1228,66.0423,65.1639,69.4444,2.1987
E1,200 independent,concentrated_pumper_solves_challenges,counter 4/10 min + trust budget,307,144,1586,1209,63.2754,63.0235,64.3478,2.316
E1,200 independent,concentrated_pumper_solves_challenges,counter 4/10 min + trust budget,308,145,2640,1169,63.9863,65.2822,58.6957,2.3097
E1,200 independent,concentrated_pumper_solves_challenges,counter 4/10 min + trust budget,309,144,1420,1153,62.8794,63.6266,59.7285,1.7346
E1,200 shared,concentrated_pumper_no_verify,none,300,378,3573,1245,64.8996,65.4676,62.8676,1.6064
E1,200 shared,concentrated_pumper_no_verify,none,301,514,1110,1180,65.5932,66.2032,63.2653,1.3559
E1,200 shared,concentrated_pumper_no_verify,none,302,596,1243,1235,62.5911,63.1846,60.241,2.3482
E1,200 shared,concentrated_pumper_no_verify,none,303,514,1444,1131,64.0141,64.5374,61.8834,1.7683
E1,200 shared,concentrated_pumper_no_verify,none,304,420,3253,1253,63.6073,63.6092,63.6,1.9952
E1,200 shared,concentrated_pumper_no_verify,none,305,510,796,1240,63.5484,63.8191,62.449,1.6935
E1,200 shared,concentrated_pumper_no_verify,none,306,442,2907,1228,65.8795,64.959,69.4444,1.873
E1,200 shared,concentrated_pumper_no_verify,none,307,713,1586,1209,63.1927,62.9213,64.3478,2.4814
E1,200 shared,concentrated_pumper_no_verify,none,308,485,2640,1169,63.9863,65.2822,58.6957,1.9675
E1,200 shared,concentrated_pumper_no_verify,none,309,533,1387,1153,62.8794,63.6266,59.7285,1.4744
E1,200 shared,concentrated_pumper_no_verify,sequential T1000 c1,300,200,3573,1245,64.8996,65.4676,62.8676,2.49
E1,200 shared,concentrated_pumper_no_verify,sequential T1000 c1,301,61,1110,1180,65.8475,66.5241,63.2653,0.9322
E1,200 shared,concentrated_pumper_no_verify,sequential T1000 c1,302,77,1243,1235,62.5911,63.1846,60.241,1.9433
E1,200 shared,concentrated_pumper_no_verify,sequential T1000 c1,303,88,1444,1131,63.8373,64.3172,61.8834,2.122
E1,200 shared,concentrated_pumper_no_verify,sequential T1000 c1,304,160,3253,1253,63.767,63.8086,63.6,1.7558
E1,200 shared,concentrated_pumper_no_verify,sequential T1000 c1,305,62,796,1240,63.5484,63.8191,62.449,1.6935
E1,200 shared,concentrated_pumper_no_verify,sequential T1000 c1,306,149,2907,1228,66.0423,65.1639,69.4444,1.1401
E1,200 shared,concentrated_pumper_no_verify,sequential T1000 c1,307,107,1586,1209,63.3581,63.1256,64.3478,1.737
E1,200 shared,concentrated_pumper_no_verify,sequential T1000 c1,308,143,2640,1169,63.9863,65.2822,58.6957,2.4808
E1,200 shared,concentrated_pumper_no_verify,sequential T1000 c1,309,78,1387,1153,62.7927,63.5193,59.7285,1.4744
E1,200 shared,concentrated_pumper_no_verify,sequential T300 c0,300,200,3573,1245,64.4177,64.851,62.8676,5.8635
E1,200 shared,concentrated_pumper_no_verify,sequential T300 c0,301,57,1110,1180,65.8475,66.5241,63.2653,1.5254
E1,200 shared,concentrated_pumper_no_verify,sequential T300 c0,302,72,1243,1235,62.5101,63.0832,60.241,2.753
E1,200 shared,concentrated_pumper_no_verify,sequential T300 c0,303,84,1444,1131,63.7489,64.207,61.8834,3.0946
E1,200 shared,concentrated_pumper_no_verify,sequential T300 c0,304,160,3253,1253,63.5275,63.5095,63.6,4.0702
E1,200 shared,concentrated_pumper_no_verify,sequential T300 c0,305,52,796,1240,63.4677,63.7186,62.449,4.5968
E1,200 shared,concentrated_pumper_no_verify,sequential T300 c0,306,149,2907,1228,65.6352,64.6516,69.4444,4.7231
E1,200 shared,concentrated_pumper_no_verify,sequential T300 c0,307,107,1586,1209,63.2754,63.0235,64.3478,3.2258
E1,200 shared,concentrated_pumper_no_verify,sequential T300 c0,308,143,2640,1169,63.9863,65.2822,58.6957,5.2181
E1,200 shared,concentrated_pumper_no_verify,sequential T300 c0,309,78,1387,1153,62.4458,63.0901,59.7285,5.0304
E1,200 shared,concentrated_pumper_no_verify,counter graded 4/10 min,300,88,3573,1245,64.9799,65.5704,62.8676,2.8112
E1,200 shared,concentrated_pumper_no_verify,counter graded 4/10 min,301,78,1110,1180,66.0169,66.738,63.2653,2.9661
E1,200 shared,concentrated_pumper_no_verify,counter graded 4/10 min,302,81,1243,1235,62.6721,63.286,60.241,3.8057
E1,200 shared,concentrated_pumper_no_verify,counter graded 4/10 min,303,81,1444,1131,64.1026,64.6476,61.8834,2.6525
E1,200 shared,concentrated_pumper_no_verify,counter graded 4/10 min,304,90,3253,1253,63.767,63.8086,63.6,3.9106
E1,200 shared,concentrated_pumper_no_verify,counter graded 4/10 min,305,73,796,1240,63.629,63.9196,62.449,2.5806
E1,200 shared,concentrated_pumper_no_verify,counter graded 4/10 min,306,80,2907,1228,66.0423,65.1639,69.4444,3.2573
E1,200 shared,concentrated_pumper_no_verify,counter graded 4/10 min,307,73,1586,1209,63.2754,63.0235,64.3478,3.7221
E1,200 shared,concentrated_pumper_no_verify,counter graded 4/10 min,308,83,2640,1169,63.9008,65.1757,58.6957,3.5073
E1,200 shared,concentrated_pumper_no_verify,counter graded 4/10 min,309,77,1387,1153,62.8794,63.6266,59.7285,2.6019
E1,200 shared,concentrated_pumper_no_verify,token bucket 4/10 min burst 4,300,92,3573,1245,65.0602,65.6732,62.8676,2.1687
E1,200 shared,concentrated_pumper_no_verify,token bucket 4/10 min burst 4,301,80,1110,1180,66.0169,66.738,63.2653,2.2881
E1,200 shared,concentrated_pumper_no_verify,token bucket 4/10 min burst 4,302,83,1243,1235,62.834,63.4888,60.241,2.915
E1,200 shared,concentrated_pumper_no_verify,token bucket 4/10 min burst 4,303,82,1444,1131,64.191,64.7577,61.8834,2.2104
E1,200 shared,concentrated_pumper_no_verify,token bucket 4/10 min burst 4,304,93,3253,1253,63.767,63.8086,63.6,2.9529
E1,200 shared,concentrated_pumper_no_verify,token bucket 4/10 min burst 4,305,82,796,1240,63.629,63.9196,62.449,2.0161
E1,200 shared,concentrated_pumper_no_verify,token bucket 4/10 min burst 4,306,81,2907,1228,66.1238,65.2664,69.4444,2.3616
E1,200 shared,concentrated_pumper_no_verify,token bucket 4/10 min burst 4,307,81,1586,1209,63.3581,63.1256,64.3478,3.0604
E1,200 shared,concentrated_pumper_no_verify,token bucket 4/10 min burst 4,308,89,2640,1169,64.0719,65.3887,58.6957,2.6518
E1,200 shared,concentrated_pumper_no_verify,token bucket 4/10 min burst 4,309,83,1387,1153,62.8794,63.6266,59.7285,1.9948
E1,200 shared,concentrated_pumper_no_verify,token bucket 4/10 min burst 12,300,116,3573,1245,65.0602,65.6732,62.8676,2.1687
E1,200 shared,concentrated_pumper_no_verify,token bucket 4/10 min burst 12,301,102,1110,1180,66.0169,66.738,63.2653,2.0339
E1,200 shared,concentrated_pumper_no_verify,token bucket 4/10 min burst 12,302,107,1243,1235,62.834,63.4888,60.241,2.834
E1,200 shared,concentrated_pumper_no_verify,token bucket 4/10 min burst 12,303,106,1444,1131,64.1026,64.6476,61.8834,2.2104
E1,200 shared,concentrated_pumper_no_verify,token bucket 4/10 min burst 12,304,117,3253,1253,63.6872,63.7089,63.6,2.7135
E1,200 shared,concentrated_pumper_no_verify,token bucket 4/10 min burst 12,305,106,796,1240,63.629,63.9196,62.449,2.0161
E1,200 shared,concentrated_pumper_no_verify,token bucket 4/10 min burst 12,306,105,2907,1228,66.1238,65.2664,69.4444,2.3616
E1,200 shared,concentrated_pumper_no_verify,token bucket 4/10 min burst 12,307,104,1586,1209,63.3581,63.1256,64.3478,3.0604
E1,200 shared,concentrated_pumper_no_verify,token bucket 4/10 min burst 12,308,113,2640,1169,63.8152,65.0692,58.6957,2.6518
E1,200 shared,concentrated_pumper_no_verify,token bucket 4/10 min burst 12,309,106,1387,1153,62.8794,63.6266,59.7285,1.9948
E1,200 shared,concentrated_pumper_no_verify,counter 4/10 min + sequential,300,29,3573,1245,64.9799,65.5704,62.8676,3.9357
E1,200 shared,concentrated_pumper_no_verify,counter 4/10 min + sequential,301,23,1110,1180,66.0169,66.738,63.2653,3.0508
E1,200 shared,concentrated_pumper_no_verify,counter 4/10 min + sequential,302,26,1243,1235,62.5911,63.1846,60.241,4.2105
E1,200 shared,concentrated_pumper_no_verify,counter 4/10 min + sequential,303,25,1444,1131,63.9257,64.4273,61.8834,3.183
E1,200 shared,concentrated_pumper_no_verify,counter 4/10 min + sequential,304,35,3253,1253,63.8468,63.9083,63.6,3.9904
E1,200 shared,concentrated_pumper_no_verify,counter 4/10 min + sequential,305,23,796,1240,63.629,63.9196,62.449,2.6613
E1,200 shared,concentrated_pumper_no_verify,counter 4/10 min + sequential,306,36,2907,1228,66.0423,65.1639,69.4444,3.2573
E1,200 shared,concentrated_pumper_no_verify,counter 4/10 min + sequential,307,31,1586,1209,63.2754,63.0235,64.3478,4.0529
E1,200 shared,concentrated_pumper_no_verify,counter 4/10 min + sequential,308,35,2640,1169,63.9008,65.1757,58.6957,4.4482
E1,200 shared,concentrated_pumper_no_verify,counter 4/10 min + sequential,309,25,1387,1153,62.8794,63.6266,59.7285,2.8621
E1,200 shared,concentrated_pumper_no_verify,counter 4/10 min + trust budget,300,88,3573,1245,64.9799,65.5704,62.8676,2.8112
E1,200 shared,concentrated_pumper_no_verify,counter 4/10 min + trust budget,301,78,1110,1180,66.0169,66.738,63.2653,2.9661
E1,200 shared,concentrated_pumper_no_verify,counter 4/10 min + trust budget,302,81,1243,1235,62.6721,63.286,60.241,3.8057
E1,200 shared,concentrated_pumper_no_verify,counter 4/10 min + trust budget,303,81,1444,1131,64.1026,64.6476,61.8834,2.6525
E1,200 shared,concentrated_pumper_no_verify,counter 4/10 min + trust budget,304,90,3253,1253,63.767,63.8086,63.6,3.9904
E1,200 shared,concentrated_pumper_no_verify,counter 4/10 min + trust budget,305,73,796,1240,63.629,63.9196,62.449,2.5806
E1,200 shared,concentrated_pumper_no_verify,counter 4/10 min + trust budget,306,80,2907,1228,65.9609,65.1639,69.0476,3.3388
E1,200 shared,concentrated_pumper_no_verify,counter 4/10 min + trust budget,307,73,1586,1209,63.2754,63.0235,64.3478,3.7221
E1,200 shared,concentrated_pumper_no_verify,counter 4/10 min + trust budget,308,82,2640,1169,63.9008,65.1757,58.6957,3.5073
E1,200 shared,concentrated_pumper_no_verify,counter 4/10 min + trust budget,309,77,1387,1153,62.8794,63.6266,59.7285,2.6019
E1,200 shared,concentrated_pumper_verifies_instantly,none,300,3495,3573,1245,64.1767,64.5427,62.8676,9.2369
E1,200 shared,concentrated_pumper_verifies_instantly,none,301,1106,1110,1180,66.1017,66.8449,63.2653,1.0169
E1,200 shared,concentrated_pumper_verifies_instantly,none,302,1232,1243,1235,62.834,63.4888,60.241,1.7814
E1,200 shared,concentrated_pumper_verifies_instantly,none,303,1432,1444,1131,64.1026,64.6476,61.8834,2.5641
E1,200 shared,concentrated_pumper_verifies_instantly,none,304,3168,3253,1253,63.2881,63.2104,63.6,6.3847
E1,200 shared,concentrated_pumper_verifies_instantly,none,305,789,796,1240,63.7097,64.0201,62.449,1.4516
E1,200 shared,concentrated_pumper_verifies_instantly,none,306,2849,2907,1228,65.798,64.8566,69.4444,5.5375
E1,200 shared,concentrated_pumper_verifies_instantly,none,307,1571,1586,1209,63.3581,63.1256,64.3478,3.6394
E1,200 shared,concentrated_pumper_verifies_instantly,none,308,2593,2640,1169,63.5586,64.7497,58.6957,5.7314
E1,200 shared,concentrated_pumper_verifies_instantly,none,309,1371,1387,1153,62.706,63.412,59.7285,1.8213
E1,200 shared,concentrated_pumper_verifies_instantly,sequential T1000 c1,300,43,3573,1245,64.9799,65.5704,62.8676,2.8916
E1,200 shared,concentrated_pumper_verifies_instantly,sequential T1000 c1,301,24,1110,1180,66.0169,66.738,63.2653,2.1186
E1,200 shared,concentrated_pumper_verifies_instantly,sequential T1000 c1,302,21,1243,1235,62.753,63.3874,60.241,3.2389
E1,200 shared,concentrated_pumper_verifies_instantly,sequential T1000 c1,303,43,1444,1131,64.1026,64.6476,61.8834,3.0062
E1,200 shared,concentrated_pumper_verifies_instantly,sequential T1000 c1,304,40,3253,1253,63.767,63.8086,63.6,2.6337
E1,200 shared,concentrated_pumper_verifies_instantly,sequential T1000 c1,305,25,796,1240,63.629,63.9196,62.449,2.3387
E1,200 shared,concentrated_pumper_verifies_instantly,sequential T1000 c1,306,28,2907,1228,66.1238,65.2664,69.4444,2.2801
E1,200 shared,concentrated_pumper_verifies_instantly,sequential T1000 c1,307,30,1586,1209,63.3581,63.1256,64.3478,3.3912
E1,200 shared,concentrated_pumper_verifies_instantly,sequential T1000 c1,308,35,2640,1169,64.0719,65.3887,58.6957,3.6784
E1,200 shared,concentrated_pumper_verifies_instantly,sequential T1000 c1,309,20,1387,1153,62.8794,63.6266,59.7285,2.255
E1,200 shared,concentrated_pumper_verifies_instantly,sequential T300 c0,300,34,3573,1245,64.498,64.9538,62.8676,6.1044
E1,200 shared,concentrated_pumper_verifies_instantly,sequential T300 c0,301,16,1110,1180,66.0169,66.738,63.2653,2.7966
E1,200 shared,concentrated_pumper_verifies_instantly,sequential T300 c0,302,17,1243,1235,62.6721,63.286,60.241,4.0486
E1,200 shared,concentrated_pumper_verifies_instantly,sequential T300 c0,303,37,1444,1131,64.0141,64.5374,61.8834,4.0672
E1,200 shared,concentrated_pumper_verifies_instantly,sequential T300 c0,304,32,3253,1253,63.5275,63.5095,63.6,4.9481
E1,200 shared,concentrated_pumper_verifies_instantly,sequential T300 c0,305,12,796,1240,63.5484,63.8191,62.449,5.2419
E1,200 shared,concentrated_pumper_verifies_instantly,sequential T300 c0,306,15,2907,1228,65.7166,64.7541,69.4444,5.8632
E1,200 shared,concentrated_pumper_verifies_instantly,sequential T300 c0,307,17,1586,1209,63.2754,63.0235,64.3478,4.8801
E1,200 shared,concentrated_pumper_verifies_instantly,sequential T300 c0,308,26,2640,1169,63.9863,65.2822,58.6957,5.988
E1,200 shared,concentrated_pumper_verifies_instantly,sequential T300 c0,309,16,1387,1153,62.5325,63.1974,59.7285,5.8109
E1,200 shared,concentrated_pumper_verifies_instantly,counter graded 4/10 min,300,89,3573,1245,64.9799,65.5704,62.8676,2.8112
E1,200 shared,concentrated_pumper_verifies_instantly,counter graded 4/10 min,301,80,1110,1180,66.0169,66.738,63.2653,2.9661
E1,200 shared,concentrated_pumper_verifies_instantly,counter graded 4/10 min,302,83,1243,1235,62.6721,63.286,60.241,3.8057
E1,200 shared,concentrated_pumper_verifies_instantly,counter graded 4/10 min,303,82,1444,1131,64.1026,64.6476,61.8834,2.6525
E1,200 shared,concentrated_pumper_verifies_instantly,counter graded 4/10 min,304,93,3253,1253,63.8468,63.9083,63.6,3.9106
E1,200 shared,concentrated_pumper_verifies_instantly,counter graded 4/10 min,305,75,796,1240,63.629,63.9196,62.449,2.5806
E1,200 shared,concentrated_pumper_verifies_instantly,counter graded 4/10 min,306,83,2907,1228,66.0423,65.1639,69.4444,3.2573
E1,200 shared,concentrated_pumper_verifies_instantly,counter graded 4/10 min,307,73,1586,1209,63.2754,63.0235,64.3478,3.7221
E1,200 shared,concentrated_pumper_verifies_instantly,counter graded 4/10 min,308,91,2640,1169,63.8152,65.0692,58.6957,3.4217
E1,200 shared,concentrated_pumper_verifies_instantly,counter graded 4/10 min,309,77,1387,1153,62.8794,63.6266,59.7285,2.6019
E1,200 shared,concentrated_pumper_verifies_instantly,token bucket 4/10 min burst 4,300,100,3573,1245,65.0602,65.6732,62.8676,2.1687
E1,200 shared,concentrated_pumper_verifies_instantly,token bucket 4/10 min burst 4,301,83,1110,1180,66.0169,66.738,63.2653,2.2881
E1,200 shared,concentrated_pumper_verifies_instantly,token bucket 4/10 min burst 4,302,87,1243,1235,62.834,63.4888,60.241,2.915
E1,200 shared,concentrated_pumper_verifies_instantly,token bucket 4/10 min burst 4,303,82,1444,1131,64.191,64.7577,61.8834,2.2104
E1,200 shared,concentrated_pumper_verifies_instantly,token bucket 4/10 min burst 4,304,95,3253,1253,63.8468,63.9083,63.6,2.9529
E1,200 shared,concentrated_pumper_verifies_instantly,token bucket 4/10 min burst 4,305,84,796,1240,63.629,63.9196,62.449,2.0161
E1,200 shared,concentrated_pumper_verifies_instantly,token bucket 4/10 min burst 4,306,82,2907,1228,66.1238,65.2664,69.4444,2.3616
E1,200 shared,concentrated_pumper_verifies_instantly,token bucket 4/10 min burst 4,307,83,1586,1209,63.3581,63.1256,64.3478,3.0604
E1,200 shared,concentrated_pumper_verifies_instantly,token bucket 4/10 min burst 4,308,95,2640,1169,63.9863,65.2822,58.6957,2.6518
E1,200 shared,concentrated_pumper_verifies_instantly,token bucket 4/10 min burst 4,309,86,1387,1153,62.8794,63.6266,59.7285,1.9948
E1,200 shared,concentrated_pumper_verifies_instantly,token bucket 4/10 min burst 12,300,125,3573,1245,65.0602,65.6732,62.8676,2.1687
E1,200 shared,concentrated_pumper_verifies_instantly,token bucket 4/10 min burst 12,301,106,1110,1180,66.0169,66.738,63.2653,2.0339
E1,200 shared,concentrated_pumper_verifies_instantly,token bucket 4/10 min burst 12,302,111,1243,1235,62.834,63.4888,60.241,2.834
E1,200 shared,concentrated_pumper_verifies_instantly,token bucket 4/10 min burst 12,303,107,1444,1131,64.1026,64.6476,61.8834,2.2104
E1,200 shared,concentrated_pumper_verifies_instantly,token bucket 4/10 min burst 12,304,122,3253,1253,63.8468,63.9083,63.6,2.8731
E1,200 shared,concentrated_pumper_verifies_instantly,token bucket 4/10 min burst 12,305,108,796,1240,63.629,63.9196,62.449,2.0161
E1,200 shared,concentrated_pumper_verifies_instantly,token bucket 4/10 min burst 12,306,109,2907,1228,66.1238,65.2664,69.4444,2.3616
E1,200 shared,concentrated_pumper_verifies_instantly,token bucket 4/10 min burst 12,307,108,1586,1209,63.3581,63.1256,64.3478,3.0604
E1,200 shared,concentrated_pumper_verifies_instantly,token bucket 4/10 min burst 12,308,121,2640,1169,63.9863,65.2822,58.6957,2.6518
E1,200 shared,concentrated_pumper_verifies_instantly,token bucket 4/10 min burst 12,309,111,1387,1153,62.8794,63.6266,59.7285,1.9948
E1,200 shared,concentrated_pumper_verifies_instantly,counter 4/10 min + sequential,300,34,3573,1245,64.9799,65.5704,62.8676,3.9357
E1,200 shared,concentrated_pumper_verifies_instantly,counter 4/10 min + sequential,301,23,1110,1180,66.0169,66.738,63.2653,3.0508
E1,200 shared,concentrated_pumper_verifies_instantly,counter 4/10 min + sequential,302,20,1243,1235,62.5911,63.1846,60.241,4.2105
E1,200 shared,concentrated_pumper_verifies_instantly,counter 4/10 min + sequential,303,27,1444,1131,64.0141,64.5374,61.8834,3.4483
E1,200 shared,concentrated_pumper_verifies_instantly,counter 4/10 min + sequential,304,34,3253,1253,63.8468,63.9083,63.6,4.0702
E1,200 shared,concentrated_pumper_verifies_instantly,counter 4/10 min + sequential,305,27,796,1240,63.629,63.9196,62.449,2.6613
E1,200 shared,concentrated_pumper_verifies_instantly,counter 4/10 min + sequential,306,23,2907,1228,66.0423,65.1639,69.4444,3.2573
E1,200 shared,concentrated_pumper_verifies_instantly,counter 4/10 min + sequential,307,31,1586,1209,63.2754,63.0235,64.3478,4.0529
E1,200 shared,concentrated_pumper_verifies_instantly,counter 4/10 min + sequential,308,35,2640,1169,63.9008,65.1757,58.6957,4.4482
E1,200 shared,concentrated_pumper_verifies_instantly,counter 4/10 min + sequential,309,24,1387,1153,62.8794,63.6266,59.7285,2.8621
E1,200 shared,concentrated_pumper_verifies_instantly,counter 4/10 min + trust budget,300,89,3573,1245,64.9799,65.5704,62.8676,2.8112
E1,200 shared,concentrated_pumper_verifies_instantly,counter 4/10 min + trust budget,301,80,1110,1180,66.0169,66.738,63.2653,2.9661
E1,200 shared,concentrated_pumper_verifies_instantly,counter 4/10 min + trust budget,302,83,1243,1235,62.6721,63.286,60.241,3.8057
E1,200 shared,concentrated_pumper_verifies_instantly,counter 4/10 min + trust budget,303,82,1444,1131,64.1026,64.6476,61.8834,2.6525
E1,200 shared,concentrated_pumper_verifies_instantly,counter 4/10 min + trust budget,304,93,3253,1253,63.8468,63.9083,63.6,3.9904
E1,200 shared,concentrated_pumper_verifies_instantly,counter 4/10 min + trust budget,305,75,796,1240,63.629,63.9196,62.449,2.5806
E1,200 shared,concentrated_pumper_verifies_instantly,counter 4/10 min + trust budget,306,83,2907,1228,65.9609,65.1639,69.0476,3.3388
E1,200 shared,concentrated_pumper_verifies_instantly,counter 4/10 min + trust budget,307,73,1586,1209,63.2754,63.0235,64.3478,3.7221
E1,200 shared,concentrated_pumper_verifies_instantly,counter 4/10 min + trust budget,308,90,2640,1169,63.8152,65.0692,58.6957,3.4217
E1,200 shared,concentrated_pumper_verifies_instantly,counter 4/10 min + trust budget,309,77,1387,1153,62.8794,63.6266,59.7285,2.6019
E1,200 shared,concentrated_pumper_verifies_humanlike,none,300,3549,3573,1245,65.0602,65.6732,62.8676,1.4458
E1,200 shared,concentrated_pumper_verifies_humanlike,none,301,1107,1110,1180,66.1017,66.8449,63.2653,0.9322
E1,200 shared,concentrated_pumper_verifies_humanlike,none,302,1234,1243,1235,62.834,63.4888,60.241,1.6194
E1,200 shared,concentrated_pumper_verifies_humanlike,none,303,1438,1444,1131,64.191,64.7577,61.8834,1.3263
E1,200 shared,concentrated_pumper_verifies_humanlike,none,304,3229,3253,1253,63.8468,63.9083,63.6,2.075
E1,200 shared,concentrated_pumper_verifies_humanlike,none,305,789,796,1240,63.7097,64.0201,62.449,1.371
E1,200 shared,concentrated_pumper_verifies_humanlike,none,306,2885,2907,1228,66.1238,65.2664,69.4444,1.3844
E1,200 shared,concentrated_pumper_verifies_humanlike,none,307,1577,1586,1209,63.3581,63.1256,64.3478,1.5715
E1,200 shared,concentrated_pumper_verifies_humanlike,none,308,2625,2640,1169,64.1574,65.4952,58.6957,1.6253
E1,200 shared,concentrated_pumper_verifies_humanlike,none,309,1375,1387,1153,62.8794,63.6266,59.7285,1.1275
E1,200 shared,concentrated_pumper_verifies_humanlike,sequential T1000 c1,300,604,3573,1245,65.0602,65.6732,62.8676,2.5703
E1,200 shared,concentrated_pumper_verifies_humanlike,sequential T1000 c1,301,1099,1110,1180,66.1017,66.8449,63.2653,1.0169
E1,200 shared,concentrated_pumper_verifies_humanlike,sequential T1000 c1,302,1234,1243,1235,62.753,63.3874,60.241,1.9433
E1,200 shared,concentrated_pumper_verifies_humanlike,sequential T1000 c1,303,1420,1444,1131,64.1026,64.6476,61.8834,2.122
E1,200 shared,concentrated_pumper_verifies_humanlike,sequential T1000 c1,304,518,3253,1253,63.767,63.8086,63.6,1.8356
E1,200 shared,concentrated_pumper_verifies_humanlike,sequential T1000 c1,305,789,796,1240,63.7097,64.0201,62.449,1.6935
E1,200 shared,concentrated_pumper_verifies_humanlike,sequential T1000 c1,306,235,2907,1228,66.0423,65.1639,69.4444,1.1401
E1,200 shared,concentrated_pumper_verifies_humanlike,sequential T1000 c1,307,1116,1586,1209,63.3581,63.1256,64.3478,2.0678
E1,200 shared,concentrated_pumper_verifies_humanlike,sequential T1000 c1,308,624,2640,1169,63.9863,65.2822,58.6957,2.5663
E1,200 shared,concentrated_pumper_verifies_humanlike,sequential T1000 c1,309,1185,1387,1153,62.8794,63.6266,59.7285,1.7346
E1,200 shared,concentrated_pumper_verifies_humanlike,sequential T300 c0,300,214,3573,1245,64.4177,64.851,62.8676,5.8635
E1,200 shared,concentrated_pumper_verifies_humanlike,sequential T300 c0,301,85,1110,1180,65.9322,66.631,63.2653,1.9492
E1,200 shared,concentrated_pumper_verifies_humanlike,sequential T300 c0,302,108,1243,1235,62.5101,63.0832,60.241,2.834
E1,200 shared,concentrated_pumper_verifies_humanlike,sequential T300 c0,303,154,1444,1131,63.8373,64.3172,61.8834,3.2714
E1,200 shared,concentrated_pumper_verifies_humanlike,sequential T300 c0,304,183,3253,1253,63.5275,63.5095,63.6,4.0702
E1,200 shared,concentrated_pumper_verifies_humanlike,sequential T300 c0,305,117,796,1240,63.4677,63.7186,62.449,4.6774
E1,200 shared,concentrated_pumper_verifies_humanlike,sequential T300 c0,306,199,2907,1228,65.6352,64.6516,69.4444,4.8046
E1,200 shared,concentrated_pumper_verifies_humanlike,sequential T300 c0,307,122,1586,1209,63.2754,63.0235,64.3478,3.2258
E1,200 shared,concentrated_pumper_verifies_humanlike,sequential T300 c0,308,209,2640,1169,63.9863,65.2822,58.6957,5.2181
E1,200 shared,concentrated_pumper_verifies_humanlike,sequential T300 c0,309,107,1387,1153,62.4458,63.0901,59.7285,4.9436
E1,200 shared,concentrated_pumper_verifies_humanlike,counter graded 4/10 min,300,89,3573,1245,64.9799,65.5704,62.8676,2.8112
E1,200 shared,concentrated_pumper_verifies_humanlike,counter graded 4/10 min,301,80,1110,1180,66.0169,66.738,63.2653,2.9661
E1,200 shared,concentrated_pumper_verifies_humanlike,counter graded 4/10 min,302,82,1243,1235,62.6721,63.286,60.241,3.8057
E1,200 shared,concentrated_pumper_verifies_humanlike,counter graded 4/10 min,303,81,1444,1131,64.1026,64.6476,61.8834,2.6525
E1,200 shared,concentrated_pumper_verifies_humanlike,counter graded 4/10 min,304,92,3253,1253,63.8468,63.9083,63.6,3.9904
E1,200 shared,concentrated_pumper_verifies_humanlike,counter graded 4/10 min,305,74,796,1240,63.629,63.9196,62.449,2.5806
E1,200 shared,concentrated_pumper_verifies_humanlike,counter graded 4/10 min,306,82,2907,1228,66.0423,65.1639,69.4444,3.2573
E1,200 shared,concentrated_pumper_verifies_humanlike,counter graded 4/10 min,307,73,1586,1209,63.2754,63.0235,64.3478,3.7221
E1,200 shared,concentrated_pumper_verifies_humanlike,counter graded 4/10 min,308,90,2640,1169,63.9008,65.1757,58.6957,3.4217
E1,200 shared,concentrated_pumper_verifies_humanlike,counter graded 4/10 min,309,77,1387,1153,62.8794,63.6266,59.7285,2.6019
E1,200 shared,concentrated_pumper_verifies_humanlike,token bucket 4/10 min burst 4,300,97,3573,1245,65.0602,65.6732,62.8676,2.1687
E1,200 shared,concentrated_pumper_verifies_humanlike,token bucket 4/10 min burst 4,301,83,1110,1180,66.0169,66.738,63.2653,2.2881
E1,200 shared,concentrated_pumper_verifies_humanlike,token bucket 4/10 min burst 4,302,86,1243,1235,62.834,63.4888,60.241,2.915
E1,200 shared,concentrated_pumper_verifies_humanlike,token bucket 4/10 min burst 4,303,82,1444,1131,64.191,64.7577,61.8834,2.122
E1,200 shared,concentrated_pumper_verifies_humanlike,token bucket 4/10 min burst 4,304,94,3253,1253,63.8468,63.9083,63.6,2.9529
E1,200 shared,concentrated_pumper_verifies_humanlike,token bucket 4/10 min burst 4,305,82,796,1240,63.629,63.9196,62.449,2.0161
E1,200 shared,concentrated_pumper_verifies_humanlike,token bucket 4/10 min burst 4,306,81,2907,1228,66.1238,65.2664,69.4444,2.3616
E1,200 shared,concentrated_pumper_verifies_humanlike,token bucket 4/10 min burst 4,307,81,1586,1209,63.3581,63.1256,64.3478,3.0604
E1,200 shared,concentrated_pumper_verifies_humanlike,token bucket 4/10 min burst 4,308,95,2640,1169,64.0719,65.3887,58.6957,2.6518
E1,200 shared,concentrated_pumper_verifies_humanlike,token bucket 4/10 min burst 4,309,86,1387,1153,62.8794,63.6266,59.7285,1.9948
E1,200 shared,concentrated_pumper_verifies_humanlike,token bucket 4/10 min burst 12,300,122,3573,1245,65.0602,65.6732,62.8676,2.1687
E1,200 shared,concentrated_pumper_verifies_humanlike,token bucket 4/10 min burst 12,301,105,1110,1180,66.0169,66.738,63.2653,2.0339
E1,200 shared,concentrated_pumper_verifies_humanlike,token bucket 4/10 min burst 12,302,110,1243,1235,62.834,63.4888,60.241,2.834
E1,200 shared,concentrated_pumper_verifies_humanlike,token bucket 4/10 min burst 12,303,107,1444,1131,64.191,64.7577,61.8834,2.122
E1,200 shared,concentrated_pumper_verifies_humanlike,token bucket 4/10 min burst 12,304,119,3253,1253,63.8468,63.9083,63.6,2.9529
E1,200 shared,concentrated_pumper_verifies_humanlike,token bucket 4/10 min burst 12,305,106,796,1240,63.629,63.9196,62.449,2.0161
E1,200 shared,concentrated_pumper_verifies_humanlike,token bucket 4/10 min burst 12,306,106,2907,1228,66.1238,65.2664,69.4444,2.3616
E1,200 shared,concentrated_pumper_verifies_humanlike,token bucket 4/10 min burst 12,307,105,1586,1209,63.3581,63.1256,64.3478,3.0604
E1,200 shared,concentrated_pumper_verifies_humanlike,token bucket 4/10 min burst 12,308,121,2640,1169,64.0719,65.3887,58.6957,2.6518
E1,200 shared,concentrated_pumper_verifies_humanlike,token bucket 4/10 min burst 12,309,111,1387,1153,62.8794,63.6266,59.7285,1.9948
E1,200 shared,concentrated_pumper_verifies_humanlike,counter 4/10 min + sequential,300,89,3573,1245,64.9799,65.5704,62.8676,3.9357
E1,200 shared,concentrated_pumper_verifies_humanlike,counter 4/10 min + sequential,301,80,1110,1180,66.0169,66.738,63.2653,2.9661
E1,200 shared,concentrated_pumper_verifies_humanlike,counter 4/10 min + sequential,302,82,1243,1235,62.5911,63.1846,60.241,4.1296
E1,200 shared,concentrated_pumper_verifies_humanlike,counter 4/10 min + sequential,303,81,1444,1131,64.0141,64.5374,61.8834,3.4483
E1,200 shared,concentrated_pumper_verifies_humanlike,counter 4/10 min + sequential,304,92,3253,1253,63.8468,63.9083,63.6,3.9904
E1,200 shared,concentrated_pumper_verifies_humanlike,counter 4/10 min + sequential,305,74,796,1240,63.629,63.9196,62.449,2.6613
E1,200 shared,concentrated_pumper_verifies_humanlike,counter 4/10 min + sequential,306,82,2907,1228,66.0423,65.1639,69.4444,3.2573
E1,200 shared,concentrated_pumper_verifies_humanlike,counter 4/10 min + sequential,307,73,1586,1209,63.2754,63.0235,64.3478,3.9702
E1,200 shared,concentrated_pumper_verifies_humanlike,counter 4/10 min + sequential,308,90,2640,1169,63.9008,65.1757,58.6957,4.3627
E1,200 shared,concentrated_pumper_verifies_humanlike,counter 4/10 min + sequential,309,77,1387,1153,62.8794,63.6266,59.7285,2.8621
E1,200 shared,concentrated_pumper_verifies_humanlike,counter 4/10 min + trust budget,300,89,3573,1245,64.9799,65.5704,62.8676,2.8112
E1,200 shared,concentrated_pumper_verifies_humanlike,counter 4/10 min + trust budget,301,80,1110,1180,66.0169,66.738,63.2653,2.9661
E1,200 shared,concentrated_pumper_verifies_humanlike,counter 4/10 min + trust budget,302,82,1243,1235,62.6721,63.286,60.241,3.8057
E1,200 shared,concentrated_pumper_verifies_humanlike,counter 4/10 min + trust budget,303,81,1444,1131,64.1026,64.6476,61.8834,2.6525
E1,200 shared,concentrated_pumper_verifies_humanlike,counter 4/10 min + trust budget,304,92,3253,1253,63.8468,63.9083,63.6,4.0702
E1,200 shared,concentrated_pumper_verifies_humanlike,counter 4/10 min + trust budget,305,74,796,1240,63.629,63.9196,62.449,2.5806
E1,200 shared,concentrated_pumper_verifies_humanlike,counter 4/10 min + trust budget,306,82,2907,1228,65.9609,65.1639,69.0476,3.3388
E1,200 shared,concentrated_pumper_verifies_humanlike,counter 4/10 min + trust budget,307,73,1586,1209,63.2754,63.0235,64.3478,3.7221
E1,200 shared,concentrated_pumper_verifies_humanlike,counter 4/10 min + trust budget,308,89,2640,1169,63.9008,65.1757,58.6957,3.4217
E1,200 shared,concentrated_pumper_verifies_humanlike,counter 4/10 min + trust budget,309,77,1387,1153,62.8794,63.6266,59.7285,2.6019
E1,200 shared,concentrated_pumper_solves_challenges,none,300,871,3573,1245,64.8996,65.4676,62.8676,1.6867
E1,200 shared,concentrated_pumper_solves_challenges,none,301,1028,1110,1180,65.5932,66.2032,63.2653,1.2712
E1,200 shared,concentrated_pumper_solves_challenges,none,302,1141,1243,1235,62.5911,63.1846,60.241,2.5911
E1,200 shared,concentrated_pumper_solves_challenges,none,303,1179,1444,1131,63.9257,64.4273,61.8834,1.9452
E1,200 shared,concentrated_pumper_solves_challenges,none,304,1014,3253,1253,63.6073,63.6092,63.6,2.075
E1,200 shared,concentrated_pumper_solves_challenges,none,305,787,796,1240,63.5484,63.8191,62.449,1.6935
E1,200 shared,concentrated_pumper_solves_challenges,none,306,1138,2907,1228,65.7166,64.7541,69.4444,2.1173
E1,200 shared,concentrated_pumper_solves_challenges,none,307,1254,1586,1209,63.2754,63.0235,64.3478,2.6468
E1,200 shared,concentrated_pumper_solves_challenges,none,308,988,2640,1169,63.8152,65.0692,58.6957,2.1386
E1,200 shared,concentrated_pumper_solves_challenges,none,309,1169,1387,1153,62.7927,63.5193,59.7285,1.8213
E1,200 shared,concentrated_pumper_solves_challenges,sequential T1000 c1,300,200,3573,1245,64.8996,65.4676,62.8676,2.49
E1,200 shared,concentrated_pumper_solves_challenges,sequential T1000 c1,301,82,1110,1180,65.8475,66.5241,63.2653,0.9322
E1,200 shared,concentrated_pumper_solves_challenges,sequential T1000 c1,302,89,1243,1235,62.5911,63.1846,60.241,1.9433
E1,200 shared,concentrated_pumper_solves_challenges,sequential T1000 c1,303,93,1444,1131,63.8373,64.3172,61.8834,2.122
E1,200 shared,concentrated_pumper_solves_challenges,sequential T1000 c1,304,160,3253,1253,63.767,63.8086,63.6,1.7558
E1,200 shared,concentrated_pumper_solves_challenges,sequential T1000 c1,305,66,796,1240,63.5484,63.8191,62.449,1.6935
E1,200 shared,concentrated_pumper_solves_challenges,sequential T1000 c1,306,158,2907,1228,66.0423,65.1639,69.4444,1.1401
E1,200 shared,concentrated_pumper_solves_challenges,sequential T1000 c1,307,126,1586,1209,63.3581,63.1256,64.3478,1.737
E1,200 shared,concentrated_pumper_solves_challenges,sequential T1000 c1,308,156,2640,1169,63.9863,65.2822,58.6957,2.4808
E1,200 shared,concentrated_pumper_solves_challenges,sequential T1000 c1,309,103,1387,1153,62.7927,63.5193,59.7285,1.4744
E1,200 shared,concentrated_pumper_solves_challenges,sequential T300 c0,300,200,3573,1245,64.4177,64.851,62.8676,5.8635
E1,200 shared,concentrated_pumper_solves_challenges,sequential T300 c0,301,61,1110,1180,65.8475,66.5241,63.2653,1.5254
E1,200 shared,concentrated_pumper_solves_challenges,sequential T300 c0,302,77,1243,1235,62.5101,63.0832,60.241,2.753
E1,200 shared,concentrated_pumper_solves_challenges,sequential T300 c0,303,88,1444,1131,63.7489,64.207,61.8834,3.0946
E1,200 shared,concentrated_pumper_solves_challenges,sequential T300 c0,304,160,3253,1253,63.5275,63.5095,63.6,4.0702
E1,200 shared,concentrated_pumper_solves_challenges,sequential T300 c0,305,62,796,1240,63.4677,63.7186,62.449,4.5968
E1,200 shared,concentrated_pumper_solves_challenges,sequential T300 c0,306,149,2907,1228,65.6352,64.6516,69.4444,4.7231
E1,200 shared,concentrated_pumper_solves_challenges,sequential T300 c0,307,107,1586,1209,63.2754,63.0235,64.3478,3.2258
E1,200 shared,concentrated_pumper_solves_challenges,sequential T300 c0,308,143,2640,1169,63.9863,65.2822,58.6957,5.2181
E1,200 shared,concentrated_pumper_solves_challenges,sequential T300 c0,309,103,1387,1153,62.4458,63.0901,59.7285,5.0304
E1,200 shared,concentrated_pumper_solves_challenges,counter graded 4/10 min,300,167,3573,1245,64.8193,65.3649,62.8676,2.0884
E1,200 shared,concentrated_pumper_solves_challenges,counter graded 4/10 min,301,156,1110,1180,65.8475,66.5241,63.2653,1.8644
E1,200 shared,concentrated_pumper_solves_challenges,counter graded 4/10 min,302,162,1243,1235,62.5101,63.0832,60.241,2.6721
E1,200 shared,concentrated_pumper_solves_challenges,counter graded 4/10 min,303,160,1444,1131,63.8373,64.3172,61.8834,1.6799
E1,200 shared,concentrated_pumper_solves_challenges,counter graded 4/10 min,304,172,3253,1253,63.767,63.8086,63.6,2.7933
E1,200 shared,concentrated_pumper_solves_challenges,counter graded 4/10 min,305,143,796,1240,63.629,63.9196,62.449,2.0968
E1,200 shared,concentrated_pumper_solves_challenges,counter graded 4/10 min,306,160,2907,1228,65.9609,65.0615,69.4444,2.1987
E1,200 shared,concentrated_pumper_solves_challenges,counter graded 4/10 min,307,149,1586,1209,63.2754,63.0235,64.3478,2.2333
E1,200 shared,concentrated_pumper_solves_challenges,counter graded 4/10 min,308,157,2640,1169,63.8152,65.0692,58.6957,2.3952
E1,200 shared,concentrated_pumper_solves_challenges,counter graded 4/10 min,309,151,1387,1153,62.706,63.412,59.7285,1.7346
E1,200 shared,concentrated_pumper_solves_challenges,token bucket 4/10 min burst 4,300,173,3573,1245,64.8996,65.4676,62.8676,1.3655
E1,200 shared,concentrated_pumper_solves_challenges,token bucket 4/10 min burst 4,301,159,1110,1180,65.8475,66.5241,63.2653,1.2712
E1,200 shared,concentrated_pumper_solves_challenges,token bucket 4/10 min burst 4,302,162,1243,1235,62.753,63.3874,60.241,1.8623
E1,200 shared,concentrated_pumper_solves_challenges,token bucket 4/10 min burst 4,303,164,1444,1131,63.9257,64.4273,61.8834,1.3263
E1,200 shared,concentrated_pumper_solves_challenges,token bucket 4/10 min burst 4,304,172,3253,1253,63.767,63.8086,63.6,1.9154
E1,200 shared,concentrated_pumper_solves_challenges,token bucket 4/10 min burst 4,305,163,796,1240,63.5484,63.8191,62.449,1.371
E1,200 shared,concentrated_pumper_solves_challenges,token bucket 4/10 min burst 4,306,162,2907,1228,66.0423,65.1639,69.4444,1.2215
E1,200 shared,concentrated_pumper_solves_challenges,token bucket 4/10 min burst 4,307,162,1586,1209,63.3581,63.1256,64.3478,1.5715
E1,200 shared,concentrated_pumper_solves_challenges,token bucket 4/10 min burst 4,308,170,2640,1169,63.9863,65.2822,58.6957,1.5398
E1,200 shared,concentrated_pumper_solves_challenges,token bucket 4/10 min burst 4,309,163,1387,1153,62.706,63.412,59.7285,1.2142
E1,200 shared,concentrated_pumper_solves_challenges,token bucket 4/10 min burst 12,300,221,3573,1245,64.8996,65.4676,62.8676,1.3655
E1,200 shared,concentrated_pumper_solves_challenges,token bucket 4/10 min burst 12,301,207,1110,1180,65.8475,66.5241,63.2653,1.0169
E1,200 shared,concentrated_pumper_solves_challenges,token bucket 4/10 min burst 12,302,211,1243,1235,62.6721,63.286,60.241,1.7004
E1,200 shared,concentrated_pumper_solves_challenges,token bucket 4/10 min burst 12,303,212,1444,1131,63.9257,64.4273,61.8834,1.3263
E1,200 shared,concentrated_pumper_solves_challenges,token bucket 4/10 min burst 12,304,220,3253,1253,63.767,63.8086,63.6,1.8356
E1,200 shared,concentrated_pumper_solves_challenges,token bucket 4/10 min burst 12,305,208,796,1240,63.5484,63.8191,62.449,1.5323
E1,200 shared,concentrated_pumper_solves_challenges,token bucket 4/10 min burst 12,306,209,2907,1228,66.0423,65.1639,69.4444,1.3029
E1,200 shared,concentrated_pumper_solves_challenges,token bucket 4/10 min burst 12,307,209,1586,1209,63.3581,63.1256,64.3478,1.5715
E1,200 shared,concentrated_pumper_solves_challenges,token bucket 4/10 min burst 12,308,218,2640,1169,63.9863,65.2822,58.6957,1.5398
E1,200 shared,concentrated_pumper_solves_challenges,token bucket 4/10 min burst 12,309,209,1387,1153,62.706,63.412,59.7285,1.2142
E1,200 shared,concentrated_pumper_solves_challenges,counter 4/10 min + sequential,300,57,3573,1245,64.8193,65.3649,62.8676,3.1325
E1,200 shared,concentrated_pumper_solves_challenges,counter 4/10 min + sequential,301,45,1110,1180,65.8475,66.5241,63.2653,1.8644
E1,200 shared,concentrated_pumper_solves_challenges,counter 4/10 min + sequential,302,46,1243,1235,62.4291,62.9817,60.241,2.915
E1,200 shared,concentrated_pumper_solves_challenges,counter 4/10 min + sequential,303,49,1444,1131,63.7489,64.207,61.8834,2.4757
E1,200 shared,concentrated_pumper_solves_challenges,counter 4/10 min + sequential,304,61,3253,1253,63.767,63.8086,63.6,2.7933
E1,200 shared,concentrated_pumper_solves_challenges,counter 4/10 min + sequential,305,47,796,1240,63.5484,63.8191,62.449,2.0161
E1,200 shared,concentrated_pumper_solves_challenges,counter 4/10 min + sequential,306,48,2907,1228,65.9609,65.0615,69.4444,2.1987
E1,200 shared,concentrated_pumper_solves_challenges,counter 4/10 min + sequential,307,55,1586,1209,63.2754,63.0235,64.3478,2.5641
E1,200 shared,concentrated_pumper_solves_challenges,counter 4/10 min + sequential,308,54,2640,1169,63.8152,65.0692,58.6957,3.4217
E1,200 shared,concentrated_pumper_solves_challenges,counter 4/10 min + sequential,309,48,1387,1153,62.706,63.412,59.7285,1.9948
E1,200 shared,concentrated_pumper_solves_challenges,counter 4/10 min + trust budget,300,167,3573,1245,64.8193,65.3649,62.8676,2.0884
E1,200 shared,concentrated_pumper_solves_challenges,counter 4/10 min + trust budget,301,156,1110,1180,65.8475,66.5241,63.2653,1.8644
E1,200 shared,concentrated_pumper_solves_challenges,counter 4/10 min + trust budget,302,162,1243,1235,62.5101,63.0832,60.241,2.6721
E1,200 shared,concentrated_pumper_solves_challenges,counter 4/10 min + trust budget,303,160,1444,1131,63.8373,64.3172,61.8834,1.6799
E1,200 shared,concentrated_pumper_solves_challenges,counter 4/10 min + trust budget,304,172,3253,1253,63.767,63.8086,63.6,2.7933
E1,200 shared,concentrated_pumper_solves_challenges,counter 4/10 min + trust budget,305,143,796,1240,63.629,63.9196,62.449,2.0968
E1,200 shared,concentrated_pumper_solves_challenges,counter 4/10 min + trust budget,306,160,2907,1228,65.8795,65.0615,69.0476,2.1987
E1,200 shared,concentrated_pumper_solves_challenges,counter 4/10 min + trust budget,307,149,1586,1209,63.2754,63.0235,64.3478,2.2333
E1,200 shared,concentrated_pumper_solves_challenges,counter 4/10 min + trust budget,308,156,2640,1169,63.8152,65.0692,58.6957,2.3952
E1,200 shared,concentrated_pumper_solves_challenges,counter 4/10 min + trust budget,309,151,1387,1153,62.706,63.412,59.7285,1.7346
E1,200 shared,block_poisoner,none,300,3498,3517,1245,64.9799,65.5704,62.8676,3.9357
E1,200 shared,block_poisoner,none,301,1078,1082,1180,66.1017,66.8449,63.2653,0.9322
E1,200 shared,block_poisoner,none,302,1346,1349,1235,62.834,63.4888,60.241,1.6194
E1,200 shared,block_poisoner,none,303,1444,1451,1131,64.191,64.7577,61.8834,1.2378
E1,200 shared,block_poisoner,none,304,3164,3181,1253,63.767,63.8086,63.6,3.0327
E1,200 shared,block_poisoner,none,305,859,867,1240,63.7097,64.0201,62.449,1.371
E1,200 shared,block_poisoner,none,306,2939,2961,1228,66.0423,65.1639,69.4444,2.1987
E1,200 shared,block_poisoner,none,307,1531,1538,1209,63.3581,63.1256,64.3478,1.4888
E1,200 shared,block_poisoner,none,308,2533,2548,1169,64.1574,65.4952,58.6957,1.9675
E1,200 shared,block_poisoner,none,309,1363,1371,1153,62.8794,63.6266,59.7285,1.1275
E1,200 shared,block_poisoner,sequential T1000 c1,300,1706,3517,1245,62.5703,62.4872,62.8676,40.0803
E1,200 shared,block_poisoner,sequential T1000 c1,301,1012,1082,1180,65.678,66.3102,63.2653,6.0169
E1,200 shared,block_poisoner,sequential T1000 c1,302,1231,1349,1235,62.6721,63.286,60.241,7.9352
E1,200 shared,block_poisoner,sequential T1000 c1,303,1218,1451,1131,63.13,63.4361,61.8834,14.1468
E1,200 shared,block_poisoner,sequential T1000 c1,304,1755,3181,1253,61.2929,60.7178,63.6,36.233
E1,200 shared,block_poisoner,sequential T1000 c1,305,806,867,1240,63.5484,63.8191,62.449,5.3226
E1,200 shared,block_poisoner,sequential T1000 c1,306,1667,2961,1228,64.0879,62.7049,69.4444,33.5505
E1,200 shared,block_poisoner,sequential T1000 c1,307,1332,1538,1209,62.6964,62.3085,64.3478,10.5873
E1,200 shared,block_poisoner,sequential T1000 c1,308,1641,2548,1169,63.1309,64.2173,58.6957,27.9726
E1,200 shared,block_poisoner,sequential T1000 c1,309,1198,1371,1153,62.3591,62.9828,59.7285,10.928
E1,200 shared,block_poisoner,sequential T300 c0,300,945,3517,1245,60.5622,59.9178,62.8676,54.0562
E1,200 shared,block_poisoner,sequential T300 c0,301,772,1082,1180,64.0678,64.2781,63.2653,23.8983
E1,200 shared,block_poisoner,sequential T300 c0,302,869,1349,1235,60.9717,61.1562,60.241,30.3644
E1,200 shared,block_poisoner,sequential T300 c0,303,828,1451,1131,61.6269,61.5639,61.8834,33.9523
E1,200 shared,block_poisoner,sequential T300 c0,304,945,3181,1253,60.415,59.6211,63.6,54.9082
E1,200 shared,block_poisoner,sequential T300 c0,305,633,867,1240,62.5806,62.6131,62.449,20.8065
E1,200 shared,block_poisoner,sequential T300 c0,306,985,2961,1228,63.1922,61.5779,69.4444,49.2671
E1,200 shared,block_poisoner,sequential T300 c0,307,873,1538,1209,61.0422,60.2656,64.3478,34.9876
E1,200 shared,block_poisoner,sequential T300 c0,308,920,2548,1169,61.5056,62.1938,58.6957,51.1548
E1,200 shared,block_poisoner,sequential T300 c0,309,805,1371,1153,60.5377,60.7296,59.7285,32.6973
E1,200 shared,block_poisoner,counter graded 4/10 min,300,2660,3517,1245,63.2932,63.4121,62.8676,21.6867
E1,200 shared,block_poisoner,counter graded 4/10 min,301,1011,1082,1180,65.7627,66.4171,63.2653,6.2712
E1,200 shared,block_poisoner,counter graded 4/10 min,302,1229,1349,1235,62.1862,62.6775,60.241,8.2591
E1,200 shared,block_poisoner,counter graded 4/10 min,303,1324,1451,1131,63.6605,64.0969,61.8834,6.5429
E1,200 shared,block_poisoner,counter graded 4/10 min,304,2440,3181,1253,62.5698,62.3131,63.6,19.0742
E1,200 shared,block_poisoner,counter graded 4/10 min,305,822,867,1240,63.629,63.9196,62.449,4.8387
E1,200 shared,block_poisoner,counter graded 4/10 min,306,2347,2961,1228,64.7394,63.5246,69.4444,17.7524
E1,200 shared,block_poisoner,counter graded 4/10 min,307,1389,1538,1209,62.9446,62.6149,64.3478,7.8577
E1,200 shared,block_poisoner,counter graded 4/10 min,308,2135,2548,1169,63.6441,64.8562,58.6957,13.858
E1,200 shared,block_poisoner,counter graded 4/10 min,309,1268,1371,1153,62.3591,62.9828,59.7285,6.765
E1,200 shared,block_poisoner,token bucket 4/10 min burst 4,300,3144,3517,1245,64.4177,64.851,62.8676,11.4859
E1,200 shared,block_poisoner,token bucket 4/10 min burst 4,301,1071,1082,1180,66.0169,66.738,63.2653,1.3559
E1,200 shared,block_poisoner,token bucket 4/10 min burst 4,302,1337,1349,1235,62.834,63.4888,60.241,2.5101
E1,200 shared,block_poisoner,token bucket 4/10 min burst 4,303,1434,1451,1131,64.1026,64.6476,61.8834,1.7683
E1,200 shared,block_poisoner,token bucket 4/10 min burst 4,304,2874,3181,1253,63.6872,63.7089,63.6,8.8587
E1,200 shared,block_poisoner,token bucket 4/10 min burst 4,305,855,867,1240,63.7097,64.0201,62.449,1.6935
E1,200 shared,block_poisoner,token bucket 4/10 min burst 4,306,2762,2961,1228,65.798,64.8566,69.4444,7.5733
E1,200 shared,block_poisoner,token bucket 4/10 min burst 4,307,1509,1538,1209,63.3581,63.1256,64.3478,2.3987
E1,200 shared,block_poisoner,token bucket 4/10 min burst 4,308,2433,2548,1169,64.0719,65.3887,58.6957,4.4482
E1,200 shared,block_poisoner,token bucket 4/10 min burst 4,309,1348,1371,1153,62.7927,63.5193,59.7285,1.6479
E1,200 shared,block_poisoner,token bucket 4/10 min burst 12,300,3483,3517,1245,64.9799,65.5704,62.8676,4.0964
E1,200 shared,block_poisoner,token bucket 4/10 min burst 12,301,1078,1082,1180,66.1017,66.8449,63.2653,0.9322
E1,200 shared,block_poisoner,token bucket 4/10 min burst 12,302,1346,1349,1235,62.834,63.4888,60.241,1.6194
E1,200 shared,block_poisoner,token bucket 4/10 min burst 12,303,1444,1451,1131,64.191,64.7577,61.8834,1.2378
E1,200 shared,block_poisoner,token bucket 4/10 min burst 12,304,3161,3181,1253,63.767,63.8086,63.6,3.1125
E1,200 shared,block_poisoner,token bucket 4/10 min burst 12,305,859,867,1240,63.7097,64.0201,62.449,1.371
E1,200 shared,block_poisoner,token bucket 4/10 min burst 12,306,2939,2961,1228,66.0423,65.1639,69.4444,2.1987
E1,200 shared,block_poisoner,token bucket 4/10 min burst 12,307,1531,1538,1209,63.3581,63.1256,64.3478,1.4888
E1,200 shared,block_poisoner,token bucket 4/10 min burst 12,308,2533,2548,1169,64.1574,65.4952,58.6957,1.9675
E1,200 shared,block_poisoner,token bucket 4/10 min burst 12,309,1363,1371,1153,62.8794,63.6266,59.7285,1.1275
E1,200 shared,block_poisoner,counter 4/10 min + sequential,300,1644,3517,1245,62.0884,61.8705,62.8676,42.3293
E1,200 shared,block_poisoner,counter 4/10 min + sequential,301,962,1082,1180,65.5085,66.0963,63.2653,10.1695
E1,200 shared,block_poisoner,counter 4/10 min + sequential,302,1137,1349,1235,62.1053,62.5761,60.241,13.0364
E1,200 shared,block_poisoner,counter 4/10 min + sequential,303,1157,1451,1131,62.9531,63.2159,61.8834,15.1194
E1,200 shared,block_poisoner,counter 4/10 min + sequential,304,1654,3181,1253,61.0535,60.4187,63.6,38.0686
E1,200 shared,block_poisoner,counter 4/10 min + sequential,305,780,867,1240,63.4677,63.7186,62.449,7.9032
E1,200 shared,block_poisoner,counter 4/10 min + sequential,306,1597,2961,1228,63.5179,61.9877,69.4444,36.645
E1,200 shared,block_poisoner,counter 4/10 min + sequential,307,1243,1538,1209,62.4483,62.002,64.3478,15.2192
E1,200 shared,block_poisoner,counter 4/10 min + sequential,308,1553,2548,1169,62.7887,63.7913,58.6957,30.5389
E1,200 shared,block_poisoner,counter 4/10 min + sequential,309,1136,1371,1153,61.8387,62.3391,59.7285,14.9176
E1,200 shared,block_poisoner,counter 4/10 min + trust budget,300,2660,3517,1245,63.2932,63.4121,62.8676,21.6867
E1,200 shared,block_poisoner,counter 4/10 min + trust budget,301,1011,1082,1180,65.7627,66.4171,63.2653,6.3559
E1,200 shared,block_poisoner,counter 4/10 min + trust budget,302,1229,1349,1235,62.1862,62.6775,60.241,8.2591
E1,200 shared,block_poisoner,counter 4/10 min + trust budget,303,1324,1451,1131,63.6605,64.0969,61.8834,6.5429
E1,200 shared,block_poisoner,counter 4/10 min + trust budget,304,2440,3181,1253,62.5698,62.3131,63.6,19.0742
E1,200 shared,block_poisoner,counter 4/10 min + trust budget,305,822,867,1240,63.629,63.9196,62.449,4.8387
E1,200 shared,block_poisoner,counter 4/10 min + trust budget,306,2347,2961,1228,64.7394,63.5246,69.4444,17.7524
E1,200 shared,block_poisoner,counter 4/10 min + trust budget,307,1389,1538,1209,62.9446,62.6149,64.3478,7.8577
E1,200 shared,block_poisoner,counter 4/10 min + trust budget,308,2135,2548,1169,63.6441,64.8562,58.6957,13.858
E1,200 shared,block_poisoner,counter 4/10 min + trust budget,309,1268,1371,1153,62.3591,62.9828,59.7285,6.8517
E1,1000 independent,concentrated_pumper_no_verify,none,300,348,3518,1149,63.7076,63.7969,63.3745,1.7406
E1,1000 independent,concentrated_pumper_no_verify,none,301,342,1110,1218,64.6962,64.6169,65.0442,1.8062
E1,1000 independent,concentrated_pumper_no_verify,none,302,343,1243,1233,67.8832,67.495,69.6035,1.3788
E1,1000 independent,concentrated_pumper_no_verify,none,303,363,1444,1231,64.4192,64.6107,63.6364,1.7872
E1,1000 independent,concentrated_pumper_no_verify,none,304,334,3253,1168,64.5548,64.2704,65.678,2.1404
E1,1000 independent,concentrated_pumper_no_verify,none,305,333,796,1137,61.9173,62.2807,60.4444,1.5831
E1,1000 independent,concentrated_pumper_no_verify,none,306,331,2907,1189,66.0219,66.1718,65.4472,1.7662
E1,1000 independent,concentrated_pumper_no_verify,none,307,392,1586,1189,64.1716,64.5811,62.6016,1.7662
E1,1000 independent,concentrated_pumper_no_verify,none,308,328,2640,1147,64.1674,63.8202,65.3696,1.4821
E1,1000 independent,concentrated_pumper_no_verify,none,309,373,1420,1175,63.8298,62.8602,67.6471,1.2766
E1,1000 independent,concentrated_pumper_no_verify,sequential T1000 c1,300,185,3518,1149,63.7076,63.7969,63.3745,1.6536
E1,1000 independent,concentrated_pumper_no_verify,sequential T1000 c1,301,56,1110,1218,64.6962,64.6169,65.0442,1.8062
E1,1000 independent,concentrated_pumper_no_verify,sequential T1000 c1,302,74,1243,1233,67.8832,67.495,69.6035,1.3788
E1,1000 independent,concentrated_pumper_no_verify,sequential T1000 c1,303,80,1444,1231,64.4192,64.6107,63.6364,1.7872
E1,1000 independent,concentrated_pumper_no_verify,sequential T1000 c1,304,148,3253,1168,64.5548,64.2704,65.678,2.1404
E1,1000 independent,concentrated_pumper_no_verify,sequential T1000 c1,305,58,796,1137,61.9173,62.2807,60.4444,1.759
E1,1000 independent,concentrated_pumper_no_verify,sequential T1000 c1,306,147,2907,1189,66.0219,66.1718,65.4472,1.5139
E1,1000 independent,concentrated_pumper_no_verify,sequential T1000 c1,307,105,1586,1189,64.1716,64.5811,62.6016,1.6821
E1,1000 independent,concentrated_pumper_no_verify,sequential T1000 c1,308,135,2640,1147,64.3418,64.0449,65.3696,1.3949
E1,1000 independent,concentrated_pumper_no_verify,sequential T1000 c1,309,78,1420,1175,63.8298,62.8602,67.6471,1.2766
E1,1000 independent,concentrated_pumper_no_verify,sequential T300 c0,300,185,3518,1149,63.7076,63.7969,63.3745,1.6536
E1,1000 independent,concentrated_pumper_no_verify,sequential T300 c0,301,56,1110,1218,64.6962,64.6169,65.0442,1.8062
E1,1000 independent,concentrated_pumper_no_verify,sequential T300 c0,302,65,1243,1233,67.8832,67.495,69.6035,1.3788
E1,1000 independent,concentrated_pumper_no_verify,sequential T300 c0,303,80,1444,1231,64.4192,64.6107,63.6364,1.7872
E1,1000 independent,concentrated_pumper_no_verify,sequential T300 c0,304,148,3253,1168,64.5548,64.2704,65.678,2.1404
E1,1000 independent,concentrated_pumper_no_verify,sequential T300 c0,305,51,796,1137,61.9173,62.2807,60.4444,1.847
E1,1000 independent,concentrated_pumper_no_verify,sequential T300 c0,306,147,2907,1189,66.0219,66.1718,65.4472,1.5139
E1,1000 independent,concentrated_pumper_no_verify,sequential T300 c0,307,105,1586,1189,64.1716,64.5811,62.6016,1.6821
E1,1000 independent,concentrated_pumper_no_verify,sequential T300 c0,308,135,2640,1147,64.3418,64.0449,65.3696,1.4821
E1,1000 independent,concentrated_pumper_no_verify,sequential T300 c0,309,78,1420,1175,63.8298,62.8602,67.6471,1.2766
E1,1000 independent,concentrated_pumper_no_verify,counter graded 3/60 min,300,11,3518,1149,63.2724,63.245,63.3745,7.3107
E1,1000 independent,concentrated_pumper_no_verify,counter graded 3/60 min,301,9,1110,1218,64.1215,63.9113,65.0442,8.046
E1,1000 independent,concentrated_pumper_no_verify,counter graded 3/60 min,302,9,1243,1233,67.2344,66.6998,69.6035,6.326
E1,1000 independent,concentrated_pumper_no_verify,counter graded 3/60 min,303,9,1444,1231,63.8505,63.9029,63.6364,7.961
E1,1000 independent,concentrated_pumper_no_verify,counter graded 3/60 min,304,9,3253,1168,64.4692,64.1631,65.678,8.8185
E1,1000 independent,concentrated_pumper_no_verify,counter graded 3/60 min,305,9,796,1137,61.7414,62.0614,60.4444,6.9481
E1,1000 independent,concentrated_pumper_no_verify,counter graded 3/60 min,306,9,2907,1189,65.8537,65.9597,65.4472,7.4853
E1,1000 independent,concentrated_pumper_no_verify,counter graded 3/60 min,307,9,1586,1189,63.6669,63.9449,62.6016,7.7376
E1,1000 independent,concentrated_pumper_no_verify,counter graded 3/60 min,308,9,2640,1147,63.9058,63.4831,65.3696,6.626
E1,1000 independent,concentrated_pumper_no_verify,counter graded 3/60 min,309,10,1420,1175,63.5745,62.54,67.6471,7.0638
E1,1000 independent,concentrated_pumper_no_verify,token bucket 4/10 min burst 4,300,71,3518,1149,63.7076,63.7969,63.3745,1.3925
E1,1000 independent,concentrated_pumper_no_verify,token bucket 4/10 min burst 4,301,81,1110,1218,64.6962,64.6169,65.0442,1.8062
E1,1000 independent,concentrated_pumper_no_verify,token bucket 4/10 min burst 4,302,81,1243,1233,67.8832,67.495,69.6035,1.3788
E1,1000 independent,concentrated_pumper_no_verify,token bucket 4/10 min burst 4,303,81,1444,1231,64.4192,64.6107,63.6364,1.7872
E1,1000 independent,concentrated_pumper_no_verify,token bucket 4/10 min burst 4,304,78,3253,1168,64.5548,64.2704,65.678,2.1404
E1,1000 independent,concentrated_pumper_no_verify,token bucket 4/10 min burst 4,305,81,796,1137,61.9173,62.2807,60.4444,1.5831
E1,1000 independent,concentrated_pumper_no_verify,token bucket 4/10 min burst 4,306,79,2907,1189,66.0219,66.1718,65.4472,1.5139
E1,1000 independent,concentrated_pumper_no_verify,token bucket 4/10 min burst 4,307,81,1586,1189,64.1716,64.5811,62.6016,1.7662
E1,1000 independent,concentrated_pumper_no_verify,token bucket 4/10 min burst 4,308,81,2640,1147,64.3418,64.0449,65.3696,1.5693
E1,1000 independent,concentrated_pumper_no_verify,token bucket 4/10 min burst 4,309,81,1420,1175,63.8298,62.8602,67.6471,1.2766
E1,1000 independent,concentrated_pumper_no_verify,token bucket 4/10 min burst 12,300,89,3518,1149,63.7076,63.7969,63.3745,1.3925
E1,1000 independent,concentrated_pumper_no_verify,token bucket 4/10 min burst 12,301,105,1110,1218,64.6962,64.6169,65.0442,1.8062
E1,1000 independent,concentrated_pumper_no_verify,token bucket 4/10 min burst 12,302,105,1243,1233,67.8832,67.495,69.6035,1.3788
E1,1000 independent,concentrated_pumper_no_verify,token bucket 4/10 min burst 12,303,105,1444,1231,64.4192,64.6107,63.6364,1.7872
E1,1000 independent,concentrated_pumper_no_verify,token bucket 4/10 min burst 12,304,102,3253,1168,64.5548,64.2704,65.678,2.1404
E1,1000 independent,concentrated_pumper_no_verify,token bucket 4/10 min burst 12,305,105,796,1137,61.9173,62.2807,60.4444,1.5831
E1,1000 independent,concentrated_pumper_no_verify,token bucket 4/10 min burst 12,306,103,2907,1189,66.0219,66.1718,65.4472,1.5139
E1,1000 independent,concentrated_pumper_no_verify,token bucket 4/10 min burst 12,307,105,1586,1189,64.1716,64.5811,62.6016,1.7662
E1,1000 independent,concentrated_pumper_no_verify,token bucket 4/10 min burst 12,308,105,2640,1147,64.3418,64.0449,65.3696,1.4821
E1,1000 independent,concentrated_pumper_no_verify,token bucket 4/10 min burst 12,309,105,1420,1175,63.8298,62.8602,67.6471,1.2766
E1,1000 independent,concentrated_pumper_no_verify,counter 4/10 min + sequential,300,24,3518,1149,63.7076,63.7969,63.3745,1.3925
E1,1000 independent,concentrated_pumper_no_verify,counter 4/10 min + sequential,301,24,1110,1218,64.6962,64.6169,65.0442,1.8062
E1,1000 independent,concentrated_pumper_no_verify,counter 4/10 min + sequential,302,24,1243,1233,67.8832,67.495,69.6035,1.3788
E1,1000 independent,concentrated_pumper_no_verify,counter 4/10 min + sequential,303,24,1444,1231,64.4192,64.6107,63.6364,1.7872
E1,1000 independent,concentrated_pumper_no_verify,counter 4/10 min + sequential,304,24,3253,1168,64.5548,64.2704,65.678,2.1404
E1,1000 independent,concentrated_pumper_no_verify,counter 4/10 min + sequential,305,24,796,1137,61.9173,62.2807,60.4444,1.759
E1,1000 independent,concentrated_pumper_no_verify,counter 4/10 min + sequential,306,24,2907,1189,66.0219,66.1718,65.4472,1.5139
E1,1000 independent,concentrated_pumper_no_verify,counter 4/10 min + sequential,307,24,1586,1189,64.1716,64.5811,62.6016,1.7662
E1,1000 independent,concentrated_pumper_no_verify,counter 4/10 min + sequential,308,24,2640,1147,64.3418,64.0449,65.3696,1.5693
E1,1000 independent,concentrated_pumper_no_verify,counter 4/10 min + sequential,309,23,1420,1175,63.8298,62.8602,67.6471,1.2766
E1,1000 independent,concentrated_pumper_no_verify,counter 4/10 min + trust budget,300,65,3518,1149,63.7076,63.7969,63.3745,1.3925
E1,1000 independent,concentrated_pumper_no_verify,counter 4/10 min + trust budget,301,72,1110,1218,64.6962,64.6169,65.0442,1.8062
E1,1000 independent,concentrated_pumper_no_verify,counter 4/10 min + trust budget,302,72,1243,1233,67.8832,67.495,69.6035,1.3788
E1,1000 independent,concentrated_pumper_no_verify,counter 4/10 min + trust budget,303,72,1444,1231,64.4192,64.6107,63.6364,1.7872
E1,1000 independent,concentrated_pumper_no_verify,counter 4/10 min + trust budget,304,71,3253,1168,64.5548,64.2704,65.678,2.1404
E1,1000 independent,concentrated_pumper_no_verify,counter 4/10 min + trust budget,305,72,796,1137,61.9173,62.2807,60.4444,1.5831
E1,1000 independent,concentrated_pumper_no_verify,counter 4/10 min + trust budget,306,72,2907,1189,66.0219,66.1718,65.4472,1.5139
E1,1000 independent,concentrated_pumper_no_verify,counter 4/10 min + trust budget,307,72,1586,1189,64.1716,64.5811,62.6016,1.7662
E1,1000 independent,concentrated_pumper_no_verify,counter 4/10 min + trust budget,308,72,2640,1147,64.3418,64.0449,65.3696,1.5693
E1,1000 independent,concentrated_pumper_no_verify,counter 4/10 min + trust budget,309,71,1420,1175,63.8298,62.8602,67.6471,1.2766
E1,1000 independent,concentrated_pumper_verifies_instantly,none,300,3430,3518,1149,63.0113,62.9139,63.3745,7.4848
E1,1000 independent,concentrated_pumper_verifies_instantly,none,301,1105,1110,1218,64.6962,64.6169,65.0442,1.8062
E1,1000 independent,concentrated_pumper_verifies_instantly,none,302,1232,1243,1233,67.721,67.2962,69.6035,2.2709
E1,1000 independent,concentrated_pumper_verifies_instantly,none,303,1432,1444,1231,64.4192,64.6107,63.6364,2.2746
E1,1000 independent,concentrated_pumper_verifies_instantly,none,304,3167,3253,1168,64.0411,63.6266,65.678,8.3904
E1,1000 independent,concentrated_pumper_verifies_instantly,none,305,789,796,1137,61.9173,62.2807,60.4444,2.2867
E1,1000 independent,concentrated_pumper_verifies_instantly,none,306,2849,2907,1189,65.5172,65.5355,65.4472,5.3827
E1,1000 independent,concentrated_pumper_verifies_instantly,none,307,1571,1586,1189,64.0034,64.369,62.6016,3.5324
E1,1000 independent,concentrated_pumper_verifies_instantly,none,308,2593,2640,1147,63.8187,63.3708,65.3696,5.8413
E1,1000 independent,concentrated_pumper_verifies_instantly,none,309,1404,1420,1175,63.8298,62.8602,67.6471,1.9574
E1,1000 independent,concentrated_pumper_verifies_instantly,sequential T1000 c1,300,22,3518,1149,63.7076,63.7969,63.3745,1.3925
E1,1000 independent,concentrated_pumper_verifies_instantly,sequential T1000 c1,301,17,1110,1218,64.6962,64.6169,65.0442,1.8062
E1,1000 independent,concentrated_pumper_verifies_instantly,sequential T1000 c1,302,19,1243,1233,67.8832,67.495,69.6035,1.3788
E1,1000 independent,concentrated_pumper_verifies_instantly,sequential T1000 c1,303,19,1444,1231,64.4192,64.6107,63.6364,1.7872
E1,1000 independent,concentrated_pumper_verifies_instantly,sequential T1000 c1,304,22,3253,1168,64.5548,64.2704,65.678,2.1404
E1,1000 independent,concentrated_pumper_verifies_instantly,sequential T1000 c1,305,19,796,1137,61.9173,62.2807,60.4444,1.759
E1,1000 independent,concentrated_pumper_verifies_instantly,sequential T1000 c1,306,22,2907,1189,66.0219,66.1718,65.4472,1.5139
E1,1000 independent,concentrated_pumper_verifies_instantly,sequential T1000 c1,307,16,1586,1189,64.1716,64.5811,62.6016,1.7662
E1,1000 independent,concentrated_pumper_verifies_instantly,sequential T1000 c1,308,19,2640,1147,64.3418,64.0449,65.3696,1.5693
E1,1000 independent,concentrated_pumper_verifies_instantly,sequential T1000 c1,309,16,1420,1175,63.8298,62.8602,67.6471,1.2766
E1,1000 independent,concentrated_pumper_verifies_instantly,sequential T300 c0,300,18,3518,1149,63.7076,63.7969,63.3745,1.3925
E1,1000 independent,concentrated_pumper_verifies_instantly,sequential T300 c0,301,14,1110,1218,64.6962,64.6169,65.0442,1.8062
E1,1000 independent,concentrated_pumper_verifies_instantly,sequential T300 c0,302,15,1243,1233,67.8832,67.495,69.6035,1.3788
E1,1000 independent,concentrated_pumper_verifies_instantly,sequential T300 c0,303,12,1444,1231,64.4192,64.6107,63.6364,1.7872
E1,1000 independent,concentrated_pumper_verifies_instantly,sequential T300 c0,304,20,3253,1168,64.5548,64.2704,65.678,2.1404
E1,1000 independent,concentrated_pumper_verifies_instantly,sequential T300 c0,305,15,796,1137,61.9173,62.2807,60.4444,1.847
E1,1000 independent,concentrated_pumper_verifies_instantly,sequential T300 c0,306,16,2907,1189,66.0219,66.1718,65.4472,1.5139
E1,1000 independent,concentrated_pumper_verifies_instantly,sequential T300 c0,307,15,1586,1189,64.1716,64.5811,62.6016,1.7662
E1,1000 independent,concentrated_pumper_verifies_instantly,sequential T300 c0,308,18,2640,1147,64.3418,64.0449,65.3696,1.6565
E1,1000 independent,concentrated_pumper_verifies_instantly,sequential T300 c0,309,13,1420,1175,63.8298,62.8602,67.6471,1.2766
E1,1000 independent,concentrated_pumper_verifies_instantly,counter graded 3/60 min,300,11,3518,1149,63.2724,63.245,63.3745,7.3107
E1,1000 independent,concentrated_pumper_verifies_instantly,counter graded 3/60 min,301,10,1110,1218,64.1215,63.9113,65.0442,8.046
E1,1000 independent,concentrated_pumper_verifies_instantly,counter graded 3/60 min,302,10,1243,1233,67.2344,66.6998,69.6035,6.326
E1,1000 independent,concentrated_pumper_verifies_instantly,counter graded 3/60 min,303,9,1444,1231,63.8505,63.9029,63.6364,7.961
E1,1000 independent,concentrated_pumper_verifies_instantly,counter graded 3/60 min,304,11,3253,1168,64.4692,64.1631,65.678,8.8185
E1,1000 independent,concentrated_pumper_verifies_instantly,counter graded 3/60 min,305,9,796,1137,61.7414,62.0614,60.4444,6.9481
E1,1000 independent,concentrated_pumper_verifies_instantly,counter graded 3/60 min,306,10,2907,1189,65.8537,65.9597,65.4472,7.4853
E1,1000 independent,concentrated_pumper_verifies_instantly,counter graded 3/60 min,307,9,1586,1189,63.6669,63.9449,62.6016,7.7376
E1,1000 independent,concentrated_pumper_verifies_instantly,counter graded 3/60 min,308,11,2640,1147,63.9058,63.4831,65.3696,6.626
E1,1000 independent,concentrated_pumper_verifies_instantly,counter graded 3/60 min,309,10,1420,1175,63.5745,62.54,67.6471,7.0638
E1,1000 independent,concentrated_pumper_verifies_instantly,token bucket 4/10 min burst 4,300,85,3518,1149,63.7076,63.7969,63.3745,1.3925
E1,1000 independent,concentrated_pumper_verifies_instantly,token bucket 4/10 min burst 4,301,84,1110,1218,64.6962,64.6169,65.0442,1.8062
E1,1000 independent,concentrated_pumper_verifies_instantly,token bucket 4/10 min burst 4,302,84,1243,1233,67.8832,67.495,69.6035,1.3788
E1,1000 independent,concentrated_pumper_verifies_instantly,token bucket 4/10 min burst 4,303,82,1444,1231,64.4192,64.6107,63.6364,1.7872
E1,1000 independent,concentrated_pumper_verifies_instantly,token bucket 4/10 min burst 4,304,85,3253,1168,64.5548,64.2704,65.678,2.1404
E1,1000 independent,concentrated_pumper_verifies_instantly,token bucket 4/10 min burst 4,305,83,796,1137,61.9173,62.2807,60.4444,1.5831
E1,1000 independent,concentrated_pumper_verifies_instantly,token bucket 4/10 min burst 4,306,84,2907,1189,66.0219,66.1718,65.4472,1.5139
E1,1000 independent,concentrated_pumper_verifies_instantly,token bucket 4/10 min burst 4,307,83,1586,1189,64.1716,64.5811,62.6016,1.7662
E1,1000 independent,concentrated_pumper_verifies_instantly,token bucket 4/10 min burst 4,308,86,2640,1147,64.3418,64.0449,65.3696,1.5693
E1,1000 independent,concentrated_pumper_verifies_instantly,token bucket 4/10 min burst 4,309,83,1420,1175,63.8298,62.8602,67.6471,1.2766
E1,1000 independent,concentrated_pumper_verifies_instantly,token bucket 4/10 min burst 12,300,112,3518,1149,63.7076,63.7969,63.3745,1.3925
E1,1000 independent,concentrated_pumper_verifies_instantly,token bucket 4/10 min burst 12,301,109,1110,1218,64.6962,64.6169,65.0442,1.8062
E1,1000 independent,concentrated_pumper_verifies_instantly,token bucket 4/10 min burst 12,302,108,1243,1233,67.8832,67.495,69.6035,1.3788
E1,1000 independent,concentrated_pumper_verifies_instantly,token bucket 4/10 min burst 12,303,107,1444,1231,64.4192,64.6107,63.6364,1.7872
E1,1000 independent,concentrated_pumper_verifies_instantly,token bucket 4/10 min burst 12,304,112,3253,1168,64.5548,64.2704,65.678,2.1404
E1,1000 independent,concentrated_pumper_verifies_instantly,token bucket 4/10 min burst 12,305,107,796,1137,61.9173,62.2807,60.4444,1.5831
E1,1000 independent,concentrated_pumper_verifies_instantly,token bucket 4/10 min burst 12,306,110,2907,1189,66.0219,66.1718,65.4472,1.5139
E1,1000 independent,concentrated_pumper_verifies_instantly,token bucket 4/10 min burst 12,307,110,1586,1189,64.1716,64.5811,62.6016,1.7662
E1,1000 independent,concentrated_pumper_verifies_instantly,token bucket 4/10 min burst 12,308,112,2640,1147,64.3418,64.0449,65.3696,1.4821
E1,1000 independent,concentrated_pumper_verifies_instantly,token bucket 4/10 min burst 12,309,108,1420,1175,63.8298,62.8602,67.6471,1.2766
E1,1000 independent,concentrated_pumper_verifies_instantly,counter 4/10 min + sequential,300,23,3518,1149,63.7076,63.7969,63.3745,1.3925
E1,1000 independent,concentrated_pumper_verifies_instantly,counter 4/10 min + sequential,301,16,1110,1218,64.6962,64.6169,65.0442,1.8062
E1,1000 independent,concentrated_pumper_verifies_instantly,counter 4/10 min + sequential,302,17,1243,1233,67.8832,67.495,69.6035,1.3788
E1,1000 independent,concentrated_pumper_verifies_instantly,counter 4/10 min + sequential,303,18,1444,1231,64.4192,64.6107,63.6364,1.7872
E1,1000 independent,concentrated_pumper_verifies_instantly,counter 4/10 min + sequential,304,24,3253,1168,64.5548,64.2704,65.678,2.1404
E1,1000 independent,concentrated_pumper_verifies_instantly,counter 4/10 min + sequential,305,15,796,1137,61.9173,62.2807,60.4444,1.759
E1,1000 independent,concentrated_pumper_verifies_instantly,counter 4/10 min + sequential,306,16,2907,1189,66.0219,66.1718,65.4472,1.5139
E1,1000 independent,concentrated_pumper_verifies_instantly,counter 4/10 min + sequential,307,16,1586,1189,64.1716,64.5811,62.6016,1.7662
E1,1000 independent,concentrated_pumper_verifies_instantly,counter 4/10 min + sequential,308,17,2640,1147,64.3418,64.0449,65.3696,1.5693
E1,1000 independent,concentrated_pumper_verifies_instantly,counter 4/10 min + sequential,309,18,1420,1175,63.8298,62.8602,67.6471,1.2766
E1,1000 independent,concentrated_pumper_verifies_instantly,counter 4/10 min + trust budget,300,77,3518,1149,63.7076,63.7969,63.3745,1.3925
E1,1000 independent,concentrated_pumper_verifies_instantly,counter 4/10 min + trust budget,301,74,1110,1218,64.6962,64.6169,65.0442,1.8062
E1,1000 independent,concentrated_pumper_verifies_instantly,counter 4/10 min + trust budget,302,74,1243,1233,67.8832,67.495,69.6035,1.3788
E1,1000 independent,concentrated_pumper_verifies_instantly,counter 4/10 min + trust budget,303,73,1444,1231,64.4192,64.6107,63.6364,1.7872
E1,1000 independent,concentrated_pumper_verifies_instantly,counter 4/10 min + trust budget,304,78,3253,1168,64.5548,64.2704,65.678,2.1404
E1,1000 independent,concentrated_pumper_verifies_instantly,counter 4/10 min + trust budget,305,74,796,1137,61.9173,62.2807,60.4444,1.5831
E1,1000 independent,concentrated_pumper_verifies_instantly,counter 4/10 min + trust budget,306,79,2907,1189,66.0219,66.1718,65.4472,1.5139
E1,1000 independent,concentrated_pumper_verifies_instantly,counter 4/10 min + trust budget,307,73,1586,1189,64.1716,64.5811,62.6016,1.7662
E1,1000 independent,concentrated_pumper_verifies_instantly,counter 4/10 min + trust budget,308,77,2640,1147,64.3418,64.0449,65.3696,1.5693
E1,1000 independent,concentrated_pumper_verifies_instantly,counter 4/10 min + trust budget,309,72,1420,1175,63.8298,62.8602,67.6471,1.2766
E1,1000 independent,concentrated_pumper_verifies_humanlike,none,300,3489,3518,1149,63.7076,63.7969,63.3745,1.3925
E1,1000 independent,concentrated_pumper_verifies_humanlike,none,301,1107,1110,1218,64.6962,64.6169,65.0442,1.8062
E1,1000 independent,concentrated_pumper_verifies_humanlike,none,302,1234,1243,1233,67.8832,67.495,69.6035,1.3788
E1,1000 independent,concentrated_pumper_verifies_humanlike,none,303,1438,1444,1231,64.4192,64.6107,63.6364,1.7872
E1,1000 independent,concentrated_pumper_verifies_humanlike,none,304,3229,3253,1168,64.5548,64.2704,65.678,2.1404
E1,1000 independent,concentrated_pumper_verifies_humanlike,none,305,789,796,1137,61.9173,62.2807,60.4444,1.5831
E1,1000 independent,concentrated_pumper_verifies_humanlike,none,306,2885,2907,1189,66.0219,66.1718,65.4472,1.5139
E1,1000 independent,concentrated_pumper_verifies_humanlike,none,307,1577,1586,1189,64.1716,64.5811,62.6016,1.6821
E1,1000 independent,concentrated_pumper_verifies_humanlike,none,308,2625,2640,1147,64.3418,64.0449,65.3696,1.4821
E1,1000 independent,concentrated_pumper_verifies_humanlike,none,309,1409,1420,1175,63.8298,62.8602,67.6471,1.2766
E1,1000 independent,concentrated_pumper_verifies_humanlike,sequential T1000 c1,300,296,3518,1149,63.7076,63.7969,63.3745,1.3925
E1,1000 independent,concentrated_pumper_verifies_humanlike,sequential T1000 c1,301,1099,1110,1218,64.6962,64.6169,65.0442,1.8062
E1,1000 independent,concentrated_pumper_verifies_humanlike,sequential T1000 c1,302,1234,1243,1233,67.8832,67.495,69.6035,1.3788
E1,1000 independent,concentrated_pumper_verifies_humanlike,sequential T1000 c1,303,1420,1444,1231,64.4192,64.6107,63.6364,1.7872
E1,1000 independent,concentrated_pumper_verifies_humanlike,sequential T1000 c1,304,508,3253,1168,64.5548,64.2704,65.678,2.1404
E1,1000 independent,concentrated_pumper_verifies_humanlike,sequential T1000 c1,305,789,796,1137,61.9173,62.2807,60.4444,1.759
E1,1000 independent,concentrated_pumper_verifies_humanlike,sequential T1000 c1,306,498,2907,1189,66.0219,66.1718,65.4472,1.5139
E1,1000 independent,concentrated_pumper_verifies_humanlike,sequential T1000 c1,307,1134,1586,1189,64.1716,64.5811,62.6016,1.6821
E1,1000 independent,concentrated_pumper_verifies_humanlike,sequential T1000 c1,308,923,2640,1147,64.3418,64.0449,65.3696,1.4821
E1,1000 independent,concentrated_pumper_verifies_humanlike,sequential T1000 c1,309,1021,1420,1175,63.8298,62.8602,67.6471,1.2766
E1,1000 independent,concentrated_pumper_verifies_humanlike,sequential T300 c0,300,198,3518,1149,63.7076,63.7969,63.3745,1.3925
E1,1000 independent,concentrated_pumper_verifies_humanlike,sequential T300 c0,301,84,1110,1218,64.6962,64.6169,65.0442,1.8062
E1,1000 independent,concentrated_pumper_verifies_humanlike,sequential T300 c0,302,133,1243,1233,67.8832,67.495,69.6035,1.3788
E1,1000 independent,concentrated_pumper_verifies_humanlike,sequential T300 c0,303,150,1444,1231,64.4192,64.6107,63.6364,1.7872
E1,1000 independent,concentrated_pumper_verifies_humanlike,sequential T300 c0,304,172,3253,1168,64.5548,64.2704,65.678,2.1404
E1,1000 independent,concentrated_pumper_verifies_humanlike,sequential T300 c0,305,113,796,1137,61.9173,62.2807,60.4444,1.847
E1,1000 independent,concentrated_pumper_verifies_humanlike,sequential T300 c0,306,198,2907,1189,66.0219,66.1718,65.4472,1.5139
E1,1000 independent,concentrated_pumper_verifies_humanlike,sequential T300 c0,307,125,1586,1189,64.1716,64.5811,62.6016,1.6821
E1,1000 independent,concentrated_pumper_verifies_humanlike,sequential T300 c0,308,182,2640,1147,64.3418,64.0449,65.3696,1.3949
E1,1000 independent,concentrated_pumper_verifies_humanlike,sequential T300 c0,309,130,1420,1175,63.8298,62.8602,67.6471,1.2766
E1,1000 independent,concentrated_pumper_verifies_humanlike,counter graded 3/60 min,300,11,3518,1149,63.2724,63.245,63.3745,7.3107
E1,1000 independent,concentrated_pumper_verifies_humanlike,counter graded 3/60 min,301,10,1110,1218,64.1215,63.9113,65.0442,8.046
E1,1000 independent,concentrated_pumper_verifies_humanlike,counter graded 3/60 min,302,10,1243,1233,67.2344,66.6998,69.6035,6.326
E1,1000 independent,concentrated_pumper_verifies_humanlike,counter graded 3/60 min,303,9,1444,1231,63.8505,63.9029,63.6364,7.961
E1,1000 independent,concentrated_pumper_verifies_humanlike,counter graded 3/60 min,304,11,3253,1168,64.4692,64.1631,65.678,8.8185
E1,1000 independent,concentrated_pumper_verifies_humanlike,counter graded 3/60 min,305,9,796,1137,61.7414,62.0614,60.4444,6.9481
E1,1000 independent,concentrated_pumper_verifies_humanlike,counter graded 3/60 min,306,9,2907,1189,65.8537,65.9597,65.4472,7.4853
E1,1000 independent,concentrated_pumper_verifies_humanlike,counter graded 3/60 min,307,9,1586,1189,63.6669,63.9449,62.6016,7.7376
E1,1000 independent,concentrated_pumper_verifies_humanlike,counter graded 3/60 min,308,10,2640,1147,63.9058,63.4831,65.3696,6.626
E1,1000 independent,concentrated_pumper_verifies_humanlike,counter graded 3/60 min,309,10,1420,1175,63.5745,62.54,67.6471,7.0638
E1,1000 independent,concentrated_pumper_verifies_humanlike,token bucket 4/10 min burst 4,300,84,3518,1149,63.7076,63.7969,63.3745,1.3925
E1,1000 independent,concentrated_pumper_verifies_humanlike,token bucket 4/10 min burst 4,301,83,1110,1218,64.6962,64.6169,65.0442,1.8062
E1,1000 independent,concentrated_pumper_verifies_humanlike,token bucket 4/10 min burst 4,302,84,1243,1233,67.8832,67.495,69.6035,1.3788
E1,1000 independent,concentrated_pumper_verifies_humanlike,token bucket 4/10 min burst 4,303,81,1444,1231,64.4192,64.6107,63.6364,1.7872
E1,1000 independent,concentrated_pumper_verifies_humanlike,token bucket 4/10 min burst 4,304,83,3253,1168,64.5548,64.2704,65.678,2.1404
E1,1000 independent,concentrated_pumper_verifies_humanlike,token bucket 4/10 min burst 4,305,81,796,1137,61.9173,62.2807,60.4444,1.5831
E1,1000 independent,concentrated_pumper_verifies_humanlike,token bucket 4/10 min burst 4,306,81,2907,1189,66.0219,66.1718,65.4472,1.5139
E1,1000 independent,concentrated_pumper_verifies_humanlike,token bucket 4/10 min burst 4,307,82,1586,1189,64.1716,64.5811,62.6016,1.7662
E1,1000 independent,concentrated_pumper_verifies_humanlike,token bucket 4/10 min burst 4,308,84,2640,1147,64.3418,64.0449,65.3696,1.5693
E1,1000 independent,concentrated_pumper_verifies_humanlike,token bucket 4/10 min burst 4,309,82,1420,1175,63.8298,62.8602,67.6471,1.2766
E1,1000 independent,concentrated_pumper_verifies_humanlike,token bucket 4/10 min burst 12,300,108,3518,1149,63.7076,63.7969,63.3745,1.3925
E1,1000 independent,concentrated_pumper_verifies_humanlike,token bucket 4/10 min burst 12,301,107,1110,1218,64.6962,64.6169,65.0442,1.8062
E1,1000 independent,concentrated_pumper_verifies_humanlike,token bucket 4/10 min burst 12,302,108,1243,1233,67.8832,67.495,69.6035,1.3788
E1,1000 independent,concentrated_pumper_verifies_humanlike,token bucket 4/10 min burst 12,303,106,1444,1231,64.4192,64.6107,63.6364,1.7872
E1,1000 independent,concentrated_pumper_verifies_humanlike,token bucket 4/10 min burst 12,304,108,3253,1168,64.5548,64.2704,65.678,2.1404
E1,1000 independent,concentrated_pumper_verifies_humanlike,token bucket 4/10 min burst 12,305,105,796,1137,61.9173,62.2807,60.4444,1.5831
E1,1000 independent,concentrated_pumper_verifies_humanlike,token bucket 4/10 min burst 12,306,107,2907,1189,66.0219,66.1718,65.4472,1.5139
E1,1000 independent,concentrated_pumper_verifies_humanlike,token bucket 4/10 min burst 12,307,108,1586,1189,64.1716,64.5811,62.6016,1.7662
E1,1000 independent,concentrated_pumper_verifies_humanlike,token bucket 4/10 min burst 12,308,109,2640,1147,64.3418,64.0449,65.3696,1.5693
E1,1000 independent,concentrated_pumper_verifies_humanlike,token bucket 4/10 min burst 12,309,106,1420,1175,63.8298,62.8602,67.6471,1.2766
E1,1000 independent,concentrated_pumper_verifies_humanlike,counter 4/10 min + sequential,300,76,3518,1149,63.7076,63.7969,63.3745,1.3925
E1,1000 independent,concentrated_pumper_verifies_humanlike,counter 4/10 min + sequential,301,74,1110,1218,64.6962,64.6169,65.0442,1.8062
E1,1000 independent,concentrated_pumper_verifies_humanlike,counter 4/10 min + sequential,302,74,1243,1233,67.8832,67.495,69.6035,1.3788
E1,1000 independent,concentrated_pumper_verifies_humanlike,counter 4/10 min + sequential,303,73,1444,1231,64.4192,64.6107,63.6364,1.7872
E1,1000 independent,concentrated_pumper_verifies_humanlike,counter 4/10 min + sequential,304,75,3253,1168,64.5548,64.2704,65.678,2.1404
E1,1000 independent,concentrated_pumper_verifies_humanlike,counter 4/10 min + sequential,305,73,796,1137,61.9173,62.2807,60.4444,1.759
E1,1000 independent,concentrated_pumper_verifies_humanlike,counter 4/10 min + sequential,306,76,2907,1189,66.0219,66.1718,65.4472,1.5139
E1,1000 independent,concentrated_pumper_verifies_humanlike,counter 4/10 min + sequential,307,73,1586,1189,64.1716,64.5811,62.6016,1.7662
E1,1000 independent,concentrated_pumper_verifies_humanlike,counter 4/10 min + sequential,308,59,2640,1147,64.3418,64.0449,65.3696,1.5693
E1,1000 independent,concentrated_pumper_verifies_humanlike,counter 4/10 min + sequential,309,71,1420,1175,63.8298,62.8602,67.6471,1.2766
E1,1000 independent,concentrated_pumper_verifies_humanlike,counter 4/10 min + trust budget,300,76,3518,1149,63.7076,63.7969,63.3745,1.3925
E1,1000 independent,concentrated_pumper_verifies_humanlike,counter 4/10 min + trust budget,301,74,1110,1218,64.6962,64.6169,65.0442,1.8062
E1,1000 independent,concentrated_pumper_verifies_humanlike,counter 4/10 min + trust budget,302,74,1243,1233,67.8832,67.495,69.6035,1.3788
E1,1000 independent,concentrated_pumper_verifies_humanlike,counter 4/10 min + trust budget,303,73,1444,1231,64.4192,64.6107,63.6364,1.7872
E1,1000 independent,concentrated_pumper_verifies_humanlike,counter 4/10 min + trust budget,304,75,3253,1168,64.5548,64.2704,65.678,2.1404
E1,1000 independent,concentrated_pumper_verifies_humanlike,counter 4/10 min + trust budget,305,73,796,1137,61.9173,62.2807,60.4444,1.5831
E1,1000 independent,concentrated_pumper_verifies_humanlike,counter 4/10 min + trust budget,306,76,2907,1189,66.0219,66.1718,65.4472,1.5139
E1,1000 independent,concentrated_pumper_verifies_humanlike,counter 4/10 min + trust budget,307,73,1586,1189,64.1716,64.5811,62.6016,1.7662
E1,1000 independent,concentrated_pumper_verifies_humanlike,counter 4/10 min + trust budget,308,75,2640,1147,64.3418,64.0449,65.3696,1.5693
E1,1000 independent,concentrated_pumper_verifies_humanlike,counter 4/10 min + trust budget,309,71,1420,1175,63.8298,62.8602,67.6471,1.2766
E1,1000 independent,concentrated_pumper_solves_challenges,none,300,523,3518,1149,63.7076,63.7969,63.3745,2.3499
E1,1000 independent,concentrated_pumper_solves_challenges,none,301,1018,1110,1218,64.6962,64.6169,65.0442,1.8062
E1,1000 independent,concentrated_pumper_solves_challenges,none,302,1128,1243,1233,67.8832,67.495,69.6035,1.3788
E1,1000 independent,concentrated_pumper_solves_challenges,none,303,1162,1444,1231,64.4192,64.6107,63.6364,2.0309
E1,1000 independent,concentrated_pumper_solves_challenges,none,304,476,3253,1168,64.5548,64.2704,65.678,2.1404
E1,1000 independent,concentrated_pumper_solves_challenges,none,305,789,796,1137,61.9173,62.2807,60.4444,1.847
E1,1000 independent,concentrated_pumper_solves_challenges,none,306,554,2907,1189,66.0219,66.1718,65.4472,1.9344
E1,1000 independent,concentrated_pumper_solves_challenges,none,307,1162,1586,1189,64.1716,64.5811,62.6016,1.8503
E1,1000 independent,concentrated_pumper_solves_challenges,none,308,619,2640,1147,64.1674,63.8202,65.3696,1.4821
E1,1000 independent,concentrated_pumper_solves_challenges,none,309,1126,1420,1175,63.8298,62.8602,67.6471,1.4468
E1,1000 independent,concentrated_pumper_solves_challenges,sequential T1000 c1,300,185,3518,1149,63.7076,63.7969,63.3745,1.6536
E1,1000 independent,concentrated_pumper_solves_challenges,sequential T1000 c1,301,65,1110,1218,64.6962,64.6169,65.0442,1.8062
E1,1000 independent,concentrated_pumper_solves_challenges,sequential T1000 c1,302,74,1243,1233,67.8832,67.495,69.6035,1.3788
E1,1000 independent,concentrated_pumper_solves_challenges,sequential T1000 c1,303,84,1444,1231,64.4192,64.6107,63.6364,1.7872
E1,1000 independent,concentrated_pumper_solves_challenges,sequential T1000 c1,304,148,3253,1168,64.5548,64.2704,65.678,2.1404
E1,1000 independent,concentrated_pumper_solves_challenges,sequential T1000 c1,305,65,796,1137,61.9173,62.2807,60.4444,1.759
E1,1000 independent,concentrated_pumper_solves_challenges,sequential T1000 c1,306,147,2907,1189,66.0219,66.1718,65.4472,1.5139
E1,1000 independent,concentrated_pumper_solves_challenges,sequential T1000 c1,307,105,1586,1189,64.1716,64.5811,62.6016,1.6821
E1,1000 independent,concentrated_pumper_solves_challenges,sequential T1000 c1,308,135,2640,1147,64.3418,64.0449,65.3696,1.3949
E1,1000 independent,concentrated_pumper_solves_challenges,sequential T1000 c1,309,104,1420,1175,63.8298,62.8602,67.6471,1.2766
E1,1000 independent,concentrated_pumper_solves_challenges,sequential T300 c0,300,185,3518,1149,63.7076,63.7969,63.3745,1.6536
E1,1000 independent,concentrated_pumper_solves_challenges,sequential T300 c0,301,65,1110,1218,64.6962,64.6169,65.0442,1.8062
E1,1000 independent,concentrated_pumper_solves_challenges,sequential T300 c0,302,74,1243,1233,67.8832,67.495,69.6035,1.3788
E1,1000 independent,concentrated_pumper_solves_challenges,sequential T300 c0,303,84,1444,1231,64.4192,64.6107,63.6364,1.7872
E1,1000 independent,concentrated_pumper_solves_challenges,sequential T300 c0,304,148,3253,1168,64.5548,64.2704,65.678,2.1404
E1,1000 independent,concentrated_pumper_solves_challenges,sequential T300 c0,305,61,796,1137,61.9173,62.2807,60.4444,1.847
E1,1000 independent,concentrated_pumper_solves_challenges,sequential T300 c0,306,147,2907,1189,66.0219,66.1718,65.4472,1.5139
E1,1000 independent,concentrated_pumper_solves_challenges,sequential T300 c0,307,105,1586,1189,64.1716,64.5811,62.6016,1.6821
E1,1000 independent,concentrated_pumper_solves_challenges,sequential T300 c0,308,135,2640,1147,64.3418,64.0449,65.3696,1.4821
E1,1000 independent,concentrated_pumper_solves_challenges,sequential T300 c0,309,83,1420,1175,63.8298,62.8602,67.6471,1.2766
E1,1000 independent,concentrated_pumper_solves_challenges,counter graded 3/60 min,300,23,3518,1149,63.2724,63.245,63.3745,7.3107
E1,1000 independent,concentrated_pumper_solves_challenges,counter graded 3/60 min,301,18,1110,1218,64.1215,63.9113,65.0442,8.046
E1,1000 independent,concentrated_pumper_solves_challenges,counter graded 3/60 min,302,18,1243,1233,67.2344,66.6998,69.6035,6.326
E1,1000 independent,concentrated_pumper_solves_challenges,counter graded 3/60 min,303,18,1444,1231,63.8505,63.9029,63.6364,7.961
E1,1000 independent,concentrated_pumper_solves_challenges,counter graded 3/60 min,304,18,3253,1168,64.4692,64.1631,65.678,8.8185
E1,1000 independent,concentrated_pumper_solves_challenges,counter graded 3/60 min,305,18,796,1137,61.7414,62.0614,60.4444,6.9481
E1,1000 independent,concentrated_pumper_solves_challenges,counter graded 3/60 min,306,18,2907,1189,65.8537,65.9597,65.4472,7.4853
E1,1000 independent,concentrated_pumper_solves_challenges,counter graded 3/60 min,307,18,1586,1189,63.6669,63.9449,62.6016,7.6535
E1,1000 independent,concentrated_pumper_solves_challenges,counter graded 3/60 min,308,18,2640,1147,63.9058,63.4831,65.3696,6.4516
E1,1000 independent,concentrated_pumper_solves_challenges,counter graded 3/60 min,309,19,1420,1175,63.5745,62.54,67.6471,7.0638
E1,1000 independent,concentrated_pumper_solves_challenges,token bucket 4/10 min burst 4,300,162,3518,1149,63.7076,63.7969,63.3745,1.3925
E1,1000 independent,concentrated_pumper_solves_challenges,token bucket 4/10 min burst 4,301,162,1110,1218,64.6962,64.6169,65.0442,1.8062
E1,1000 independent,concentrated_pumper_solves_challenges,token bucket 4/10 min burst 4,302,162,1243,1233,67.8832,67.495,69.6035,1.3788
E1,1000 independent,concentrated_pumper_solves_challenges,token bucket 4/10 min burst 4,303,162,1444,1231,64.4192,64.6107,63.6364,1.7872
E1,1000 independent,concentrated_pumper_solves_challenges,token bucket 4/10 min burst 4,304,162,3253,1168,64.5548,64.2704,65.678,2.1404
E1,1000 independent,concentrated_pumper_solves_challenges,token bucket 4/10 min burst 4,305,162,796,1137,61.9173,62.2807,60.4444,1.5831
E1,1000 independent,concentrated_pumper_solves_challenges,token bucket 4/10 min burst 4,306,162,2907,1189,66.0219,66.1718,65.4472,1.5139
E1,1000 independent,concentrated_pumper_solves_challenges,token bucket 4/10 min burst 4,307,162,1586,1189,64.1716,64.5811,62.6016,1.6821
E1,1000 independent,concentrated_pumper_solves_challenges,token bucket 4/10 min burst 4,308,162,2640,1147,64.3418,64.0449,65.3696,1.3949
E1,1000 independent,concentrated_pumper_solves_challenges,token bucket 4/10 min burst 4,309,162,1420,1175,63.8298,62.8602,67.6471,1.2766
E1,1000 independent,concentrated_pumper_solves_challenges,token bucket 4/10 min burst 12,300,210,3518,1149,63.7076,63.7969,63.3745,1.3925
E1,1000 independent,concentrated_pumper_solves_challenges,token bucket 4/10 min burst 12,301,210,1110,1218,64.6962,64.6169,65.0442,1.8062
E1,1000 independent,concentrated_pumper_solves_challenges,token bucket 4/10 min burst 12,302,210,1243,1233,67.8832,67.495,69.6035,1.3788
E1,1000 independent,concentrated_pumper_solves_challenges,token bucket 4/10 min burst 12,303,210,1444,1231,64.4192,64.6107,63.6364,1.7872
E1,1000 independent,concentrated_pumper_solves_challenges,token bucket 4/10 min burst 12,304,210,3253,1168,64.5548,64.2704,65.678,2.1404
E1,1000 independent,concentrated_pumper_solves_challenges,token bucket 4/10 min burst 12,305,209,796,1137,61.9173,62.2807,60.4444,1.5831
E1,1000 independent,concentrated_pumper_solves_challenges,token bucket 4/10 min burst 12,306,210,2907,1189,66.0219,66.1718,65.4472,1.5139
E1,1000 independent,concentrated_pumper_solves_challenges,token bucket 4/10 min burst 12,307,210,1586,1189,64.1716,64.5811,62.6016,1.6821
E1,1000 independent,concentrated_pumper_solves_challenges,token bucket 4/10 min burst 12,308,210,2640,1147,64.3418,64.0449,65.3696,1.3949
E1,1000 independent,concentrated_pumper_solves_challenges,token bucket 4/10 min burst 12,309,210,1420,1175,63.8298,62.8602,67.6471,1.2766
E1,1000 independent,concentrated_pumper_solves_challenges,counter 4/10 min + sequential,300,48,3518,1149,63.7076,63.7969,63.3745,1.3925
E1,1000 independent,concentrated_pumper_solves_challenges,counter 4/10 min + sequential,301,48,1110,1218,64.6962,64.6169,65.0442,1.8062
E1,1000 independent,concentrated_pumper_solves_challenges,counter 4/10 min + sequential,302,48,1243,1233,67.8832,67.495,69.6035,1.3788
E1,1000 independent,concentrated_pumper_solves_challenges,counter 4/10 min + sequential,303,48,1444,1231,64.4192,64.6107,63.6364,1.7872
E1,1000 independent,concentrated_pumper_solves_challenges,counter 4/10 min + sequential,304,48,3253,1168,64.5548,64.2704,65.678,2.1404
E1,1000 independent,concentrated_pumper_solves_challenges,counter 4/10 min + sequential,305,48,796,1137,61.9173,62.2807,60.4444,1.759
E1,1000 independent,concentrated_pumper_solves_challenges,counter 4/10 min + sequential,306,48,2907,1189,66.0219,66.1718,65.4472,1.5139
E1,1000 independent,concentrated_pumper_solves_challenges,counter 4/10 min + sequential,307,48,1586,1189,64.1716,64.5811,62.6016,1.6821
E1,1000 independent,concentrated_pumper_solves_challenges,counter 4/10 min + sequential,308,48,2640,1147,64.3418,64.0449,65.3696,1.3949
E1,1000 independent,concentrated_pumper_solves_challenges,counter 4/10 min + sequential,309,47,1420,1175,63.8298,62.8602,67.6471,1.2766
E1,1000 independent,concentrated_pumper_solves_challenges,counter 4/10 min + trust budget,300,144,3518,1149,63.7076,63.7969,63.3745,1.3925
E1,1000 independent,concentrated_pumper_solves_challenges,counter 4/10 min + trust budget,301,144,1110,1218,64.6962,64.6169,65.0442,1.8062
E1,1000 independent,concentrated_pumper_solves_challenges,counter 4/10 min + trust budget,302,144,1243,1233,67.8832,67.495,69.6035,1.3788
E1,1000 independent,concentrated_pumper_solves_challenges,counter 4/10 min + trust budget,303,144,1444,1231,64.4192,64.6107,63.6364,1.7872
E1,1000 independent,concentrated_pumper_solves_challenges,counter 4/10 min + trust budget,304,144,3253,1168,64.5548,64.2704,65.678,2.1404
E1,1000 independent,concentrated_pumper_solves_challenges,counter 4/10 min + trust budget,305,144,796,1137,61.9173,62.2807,60.4444,1.5831
E1,1000 independent,concentrated_pumper_solves_challenges,counter 4/10 min + trust budget,306,144,2907,1189,66.0219,66.1718,65.4472,1.5139
E1,1000 independent,concentrated_pumper_solves_challenges,counter 4/10 min + trust budget,307,144,1586,1189,64.1716,64.5811,62.6016,1.6821
E1,1000 independent,concentrated_pumper_solves_challenges,counter 4/10 min + trust budget,308,144,2640,1147,64.3418,64.0449,65.3696,1.3949
E1,1000 independent,concentrated_pumper_solves_challenges,counter 4/10 min + trust budget,309,143,1420,1175,63.8298,62.8602,67.6471,1.2766
E1,1000 shared,concentrated_pumper_no_verify,none,300,354,3573,1149,63.5335,63.5762,63.3745,1.4795
E1,1000 shared,concentrated_pumper_no_verify,none,301,400,1110,1218,64.6962,64.6169,65.0442,1.8062
E1,1000 shared,concentrated_pumper_no_verify,none,302,387,1243,1233,67.8832,67.495,69.6035,1.3788
E1,1000 shared,concentrated_pumper_no_verify,none,303,467,1444,1231,64.2567,64.4085,63.6364,1.9496
E1,1000 shared,concentrated_pumper_no_verify,none,304,348,3253,1168,64.5548,64.2704,65.678,2.1404
E1,1000 shared,concentrated_pumper_no_verify,none,305,375,796,1137,61.9173,62.2807,60.4444,1.6711
E1,1000 shared,concentrated_pumper_no_verify,none,306,352,2907,1189,66.0219,66.1718,65.4472,1.598
E1,1000 shared,concentrated_pumper_no_verify,none,307,483,1586,1189,64.0034,64.369,62.6016,1.9344
E1,1000 shared,concentrated_pumper_no_verify,none,308,376,2640,1147,64.2546,63.9326,65.3696,1.4821
E1,1000 shared,concentrated_pumper_no_verify,none,309,360,1387,1175,63.8298,62.8602,67.6471,1.2766
E1,1000 shared,concentrated_pumper_no_verify,sequential T1000 c1,300,193,3573,1149,63.7076,63.7969,63.3745,1.3925
E1,1000 shared,concentrated_pumper_no_verify,sequential T1000 c1,301,56,1110,1218,64.6962,64.6169,65.0442,1.8062
E1,1000 shared,concentrated_pumper_no_verify,sequential T1000 c1,302,74,1243,1233,67.721,67.2962,69.6035,1.3788
E1,1000 shared,concentrated_pumper_no_verify,sequential T1000 c1,303,80,1444,1231,64.0942,64.2063,63.6364,1.7872
E1,1000 shared,concentrated_pumper_no_verify,sequential T1000 c1,304,149,3253,1168,64.5548,64.2704,65.678,2.1404
E1,1000 shared,concentrated_pumper_no_verify,sequential T1000 c1,305,61,796,1137,61.9173,62.2807,60.4444,1.759
E1,1000 shared,concentrated_pumper_no_verify,sequential T1000 c1,306,147,2907,1189,66.0219,66.1718,65.4472,1.5139
E1,1000 shared,concentrated_pumper_no_verify,sequential T1000 c1,307,105,1586,1189,64.0034,64.369,62.6016,1.6821
E1,1000 shared,concentrated_pumper_no_verify,sequential T1000 c1,308,138,2640,1147,64.3418,64.0449,65.3696,1.3949
E1,1000 shared,concentrated_pumper_no_verify,sequential T1000 c1,309,76,1387,1175,63.8298,62.8602,67.6471,1.2766
E1,1000 shared,concentrated_pumper_no_verify,sequential T300 c0,300,193,3573,1149,63.7076,63.7969,63.3745,1.3925
E1,1000 shared,concentrated_pumper_no_verify,sequential T300 c0,301,56,1110,1218,64.6962,64.6169,65.0442,1.8062
E1,1000 shared,concentrated_pumper_no_verify,sequential T300 c0,302,69,1243,1233,67.721,67.2962,69.6035,1.3788
E1,1000 shared,concentrated_pumper_no_verify,sequential T300 c0,303,80,1444,1231,64.0942,64.2063,63.6364,1.7872
E1,1000 shared,concentrated_pumper_no_verify,sequential T300 c0,304,149,3253,1168,64.5548,64.2704,65.678,2.1404
E1,1000 shared,concentrated_pumper_no_verify,sequential T300 c0,305,51,796,1137,61.9173,62.2807,60.4444,1.847
E1,1000 shared,concentrated_pumper_no_verify,sequential T300 c0,306,147,2907,1189,66.0219,66.1718,65.4472,1.5139
E1,1000 shared,concentrated_pumper_no_verify,sequential T300 c0,307,105,1586,1189,64.0034,64.369,62.6016,1.6821
E1,1000 shared,concentrated_pumper_no_verify,sequential T300 c0,308,138,2640,1147,64.3418,64.0449,65.3696,1.4821
E1,1000 shared,concentrated_pumper_no_verify,sequential T300 c0,309,76,1387,1175,63.8298,62.8602,67.6471,1.2766
E1,1000 shared,concentrated_pumper_no_verify,counter graded 3/60 min,300,14,3573,1149,63.2724,63.245,63.3745,7.8329
E1,1000 shared,concentrated_pumper_no_verify,counter graded 3/60 min,301,10,1110,1218,64.1215,63.9113,65.0442,8.1281
E1,1000 shared,concentrated_pumper_no_verify,counter graded 3/60 min,302,9,1243,1233,67.2344,66.6998,69.6035,6.5693
E1,1000 shared,concentrated_pumper_no_verify,counter graded 3/60 min,303,11,1444,1231,63.8505,63.9029,63.6364,8.5297
E1,1000 shared,concentrated_pumper_no_verify,counter graded 3/60 min,304,15,3253,1168,64.4692,64.1631,65.678,9.2466
E1,1000 shared,concentrated_pumper_no_verify,counter graded 3/60 min,305,11,796,1137,61.7414,62.0614,60.4444,7.2999
E1,1000 shared,concentrated_pumper_no_verify,counter graded 3/60 min,306,11,2907,1189,65.8537,65.9597,65.4472,7.6535
E1,1000 shared,concentrated_pumper_no_verify,counter graded 3/60 min,307,11,1586,1189,63.6669,63.9449,62.6016,7.9899
E1,1000 shared,concentrated_pumper_no_verify,counter graded 3/60 min,308,13,2640,1147,63.9058,63.4831,65.3696,6.5388
E1,1000 shared,concentrated_pumper_no_verify,counter graded 3/60 min,309,9,1387,1175,63.5745,62.54,67.6471,7.1489
E1,1000 shared,concentrated_pumper_no_verify,token bucket 4/10 min burst 4,300,85,3573,1149,63.6205,63.6865,63.3745,1.8277
E1,1000 shared,concentrated_pumper_no_verify,token bucket 4/10 min burst 4,301,81,1110,1218,64.6962,64.6169,65.0442,1.8883
E1,1000 shared,concentrated_pumper_no_verify,token bucket 4/10 min burst 4,302,81,1243,1233,67.8832,67.495,69.6035,1.6221
E1,1000 shared,concentrated_pumper_no_verify,token bucket 4/10 min burst 4,303,81,1444,1231,64.4192,64.6107,63.6364,2.3558
E1,1000 shared,concentrated_pumper_no_verify,token bucket 4/10 min burst 4,304,77,3253,1168,64.5548,64.2704,65.678,2.4829
E1,1000 shared,concentrated_pumper_no_verify,token bucket 4/10 min burst 4,305,80,796,1137,61.9173,62.2807,60.4444,1.847
E1,1000 shared,concentrated_pumper_no_verify,token bucket 4/10 min burst 4,306,79,2907,1189,66.0219,66.1718,65.4472,1.6821
E1,1000 shared,concentrated_pumper_no_verify,token bucket 4/10 min burst 4,307,81,1586,1189,64.1716,64.5811,62.6016,2.1026
E1,1000 shared,concentrated_pumper_no_verify,token bucket 4/10 min burst 4,308,84,2640,1147,64.3418,64.0449,65.3696,1.4821
E1,1000 shared,concentrated_pumper_no_verify,token bucket 4/10 min burst 4,309,81,1387,1175,63.8298,62.8602,67.6471,1.3617
E1,1000 shared,concentrated_pumper_no_verify,token bucket 4/10 min burst 12,300,108,3573,1149,63.6205,63.6865,63.3745,1.8277
E1,1000 shared,concentrated_pumper_no_verify,token bucket 4/10 min burst 12,301,105,1110,1218,64.6962,64.6169,65.0442,1.8883
E1,1000 shared,concentrated_pumper_no_verify,token bucket 4/10 min burst 12,302,105,1243,1233,67.8832,67.495,69.6035,1.6221
E1,1000 shared,concentrated_pumper_no_verify,token bucket 4/10 min burst 12,303,105,1444,1231,64.3379,64.5096,63.6364,2.3558
E1,1000 shared,concentrated_pumper_no_verify,token bucket 4/10 min burst 12,304,102,3253,1168,64.4692,64.1631,65.678,2.3116
E1,1000 shared,concentrated_pumper_no_verify,token bucket 4/10 min burst 12,305,104,796,1137,61.9173,62.2807,60.4444,1.847
E1,1000 shared,concentrated_pumper_no_verify,token bucket 4/10 min burst 12,306,103,2907,1189,66.0219,66.1718,65.4472,1.6821
E1,1000 shared,concentrated_pumper_no_verify,token bucket 4/10 min burst 12,307,105,1586,1189,64.0034,64.369,62.6016,2.1026
E1,1000 shared,concentrated_pumper_no_verify,token bucket 4/10 min burst 12,308,108,2640,1147,64.3418,64.0449,65.3696,1.4821
E1,1000 shared,concentrated_pumper_no_verify,token bucket 4/10 min burst 12,309,105,1387,1175,63.8298,62.8602,67.6471,1.3617
E1,1000 shared,concentrated_pumper_no_verify,counter 4/10 min + sequential,300,28,3573,1149,63.7076,63.7969,63.3745,1.9147
E1,1000 shared,concentrated_pumper_no_verify,counter 4/10 min + sequential,301,24,1110,1218,64.6962,64.6169,65.0442,1.8883
E1,1000 shared,concentrated_pumper_no_verify,counter 4/10 min + sequential,302,24,1243,1233,67.8832,67.495,69.6035,1.6221
E1,1000 shared,concentrated_pumper_no_verify,counter 4/10 min + sequential,303,24,1444,1231,64.4192,64.6107,63.6364,2.3558
E1,1000 shared,concentrated_pumper_no_verify,counter 4/10 min + sequential,304,17,3253,1168,64.5548,64.2704,65.678,2.6541
E1,1000 shared,concentrated_pumper_no_verify,counter 4/10 min + sequential,305,23,796,1137,61.9173,62.2807,60.4444,2.0229
E1,1000 shared,concentrated_pumper_no_verify,counter 4/10 min + sequential,306,24,2907,1189,66.0219,66.1718,65.4472,1.6821
E1,1000 shared,concentrated_pumper_no_verify,counter 4/10 min + sequential,307,27,1586,1189,64.1716,64.5811,62.6016,2.1026
E1,1000 shared,concentrated_pumper_no_verify,counter 4/10 min + sequential,308,23,2640,1147,64.3418,64.0449,65.3696,1.4821
E1,1000 shared,concentrated_pumper_no_verify,counter 4/10 min + sequential,309,24,1387,1175,63.8298,62.8602,67.6471,1.3617
E1,1000 shared,concentrated_pumper_no_verify,counter 4/10 min + trust budget,300,76,3573,1149,63.6205,63.6865,63.3745,1.8277
E1,1000 shared,concentrated_pumper_no_verify,counter 4/10 min + trust budget,301,72,1110,1218,64.6962,64.6169,65.0442,1.8883
E1,1000 shared,concentrated_pumper_no_verify,counter 4/10 min + trust budget,302,71,1243,1233,67.8832,67.495,69.6035,1.541
E1,1000 shared,concentrated_pumper_no_verify,counter 4/10 min + trust budget,303,72,1444,1231,64.4192,64.6107,63.6364,2.3558
E1,1000 shared,concentrated_pumper_no_verify,counter 4/10 min + trust budget,304,72,3253,1168,64.5548,64.2704,65.678,2.5685
E1,1000 shared,concentrated_pumper_no_verify,counter 4/10 min + trust budget,305,71,796,1137,61.9173,62.2807,60.4444,1.847
E1,1000 shared,concentrated_pumper_no_verify,counter 4/10 min + trust budget,306,72,2907,1189,66.0219,66.1718,65.4472,1.6821
E1,1000 shared,concentrated_pumper_no_verify,counter 4/10 min + trust budget,307,75,1586,1189,64.1716,64.5811,62.6016,2.1026
E1,1000 shared,concentrated_pumper_no_verify,counter 4/10 min + trust budget,308,74,2640,1147,64.3418,64.0449,65.3696,1.4821
E1,1000 shared,concentrated_pumper_no_verify,counter 4/10 min + trust budget,309,72,1387,1175,63.8298,62.8602,67.6471,1.3617
E1,1000 shared,concentrated_pumper_verifies_instantly,none,300,3494,3573,1149,63.1854,63.1347,63.3745,8.2681
E1,1000 shared,concentrated_pumper_verifies_instantly,none,301,1105,1110,1218,64.6962,64.6169,65.0442,1.8062
E1,1000 shared,concentrated_pumper_verifies_instantly,none,302,1232,1243,1233,67.8832,67.495,69.6035,1.3788
E1,1000 shared,concentrated_pumper_verifies_instantly,none,303,1432,1444,1231,64.4192,64.6107,63.6364,2.437
E1,1000 shared,concentrated_pumper_verifies_instantly,none,304,3167,3253,1168,64.0411,63.6266,65.678,7.2774
E1,1000 shared,concentrated_pumper_verifies_instantly,none,305,789,796,1137,61.9173,62.2807,60.4444,1.5831
E1,1000 shared,concentrated_pumper_verifies_instantly,none,306,2849,2907,1189,65.2649,65.2174,65.4472,6.8124
E1,1000 shared,concentrated_pumper_verifies_instantly,none,307,1571,1586,1189,64.0034,64.369,62.6016,3.7847
E1,1000 shared,concentrated_pumper_verifies_instantly,none,308,2593,2640,1147,63.7315,63.2584,65.3696,3.9233
E1,1000 shared,concentrated_pumper_verifies_instantly,none,309,1371,1387,1175,63.8298,62.8602,67.6471,2.6383
E1,1000 shared,concentrated_pumper_verifies_instantly,sequential T1000 c1,300,28,3573,1149,63.7076,63.7969,63.3745,1.8277
E1,1000 shared,concentrated_pumper_verifies_instantly,sequential T1000 c1,301,22,1110,1218,64.6962,64.6169,65.0442,1.8883
E1,1000 shared,concentrated_pumper_verifies_instantly,sequential T1000 c1,302,20,1243,1233,67.8832,67.495,69.6035,1.6221
E1,1000 shared,concentrated_pumper_verifies_instantly,sequential T1000 c1,303,20,1444,1231,64.4192,64.6107,63.6364,2.3558
E1,1000 shared,concentrated_pumper_verifies_instantly,sequential T1000 c1,304,20,3253,1168,64.5548,64.2704,65.678,2.6541
E1,1000 shared,concentrated_pumper_verifies_instantly,sequential T1000 c1,305,22,796,1137,61.9173,62.2807,60.4444,2.0229
E1,1000 shared,concentrated_pumper_verifies_instantly,sequential T1000 c1,306,22,2907,1189,66.0219,66.1718,65.4472,1.6821
E1,1000 shared,concentrated_pumper_verifies_instantly,sequential T1000 c1,307,21,1586,1189,64.1716,64.5811,62.6016,2.1026
E1,1000 shared,concentrated_pumper_verifies_instantly,sequential T1000 c1,308,29,2640,1147,64.3418,64.0449,65.3696,1.4821
E1,1000 shared,concentrated_pumper_verifies_instantly,sequential T1000 c1,309,15,1387,1175,63.8298,62.8602,67.6471,1.3617
E1,1000 shared,concentrated_pumper_verifies_instantly,sequential T300 c0,300,20,3573,1149,63.6205,63.6865,63.3745,1.7406
E1,1000 shared,concentrated_pumper_verifies_instantly,sequential T300 c0,301,15,1110,1218,64.6962,64.6169,65.0442,1.8883
E1,1000 shared,concentrated_pumper_verifies_instantly,sequential T300 c0,302,14,1243,1233,67.8832,67.495,69.6035,1.6221
E1,1000 shared,concentrated_pumper_verifies_instantly,sequential T300 c0,303,14,1444,1231,64.4192,64.6107,63.6364,2.3558
E1,1000 shared,concentrated_pumper_verifies_instantly,sequential T300 c0,304,20,3253,1168,64.5548,64.2704,65.678,2.5685
E1,1000 shared,concentrated_pumper_verifies_instantly,sequential T300 c0,305,14,796,1137,61.9173,62.2807,60.4444,2.1108
E1,1000 shared,concentrated_pumper_verifies_instantly,sequential T300 c0,306,16,2907,1189,66.0219,66.1718,65.4472,1.6821
E1,1000 shared,concentrated_pumper_verifies_instantly,sequential T300 c0,307,15,1586,1189,64.1716,64.5811,62.6016,2.1026
E1,1000 shared,concentrated_pumper_verifies_instantly,sequential T300 c0,308,25,2640,1147,64.3418,64.0449,65.3696,1.5693
E1,1000 shared,concentrated_pumper_verifies_instantly,sequential T300 c0,309,14,1387,1175,63.8298,62.8602,67.6471,1.3617
E1,1000 shared,concentrated_pumper_verifies_instantly,counter graded 3/60 min,300,16,3573,1149,63.2724,63.245,63.3745,7.8329
E1,1000 shared,concentrated_pumper_verifies_instantly,counter graded 3/60 min,301,10,1110,1218,64.1215,63.9113,65.0442,8.1281
E1,1000 shared,concentrated_pumper_verifies_instantly,counter graded 3/60 min,302,10,1243,1233,67.2344,66.6998,69.6035,6.5693
E1,1000 shared,concentrated_pumper_verifies_instantly,counter graded 3/60 min,303,11,1444,1231,63.8505,63.9029,63.6364,8.5297
E1,1000 shared,concentrated_pumper_verifies_instantly,counter graded 3/60 min,304,15,3253,1168,64.4692,64.1631,65.678,9.2466
E1,1000 shared,concentrated_pumper_verifies_instantly,counter graded 3/60 min,305,11,796,1137,61.7414,62.0614,60.4444,7.2999
E1,1000 shared,concentrated_pumper_verifies_instantly,counter graded 3/60 min,306,11,2907,1189,65.8537,65.9597,65.4472,7.6535
E1,1000 shared,concentrated_pumper_verifies_instantly,counter graded 3/60 min,307,11,1586,1189,63.6669,63.9449,62.6016,7.9899
E1,1000 shared,concentrated_pumper_verifies_instantly,counter graded 3/60 min,308,15,2640,1147,63.9058,63.4831,65.3696,6.5388
E1,1000 shared,concentrated_pumper_verifies_instantly,counter graded 3/60 min,309,9,1387,1175,63.5745,62.54,67.6471,7.1489
E1,1000 shared,concentrated_pumper_verifies_instantly,token bucket 4/10 min burst 4,300,93,3573,1149,63.7076,63.7969,63.3745,1.8277
E1,1000 shared,concentrated_pumper_verifies_instantly,token bucket 4/10 min burst 4,301,85,1110,1218,64.6962,64.6169,65.0442,1.8883
E1,1000 shared,concentrated_pumper_verifies_instantly,token bucket 4/10 min burst 4,302,83,1243,1233,67.8832,67.495,69.6035,1.6221
E1,1000 shared,concentrated_pumper_verifies_instantly,token bucket 4/10 min burst 4,303,81,1444,1231,64.4192,64.6107,63.6364,2.3558
E1,1000 shared,concentrated_pumper_verifies_instantly,token bucket 4/10 min burst 4,304,87,3253,1168,64.5548,64.2704,65.678,2.6541
E1,1000 shared,concentrated_pumper_verifies_instantly,token bucket 4/10 min burst 4,305,82,796,1137,61.9173,62.2807,60.4444,1.847
E1,1000 shared,concentrated_pumper_verifies_instantly,token bucket 4/10 min burst 4,306,84,2907,1189,66.0219,66.1718,65.4472,1.6821
E1,1000 shared,concentrated_pumper_verifies_instantly,token bucket 4/10 min burst 4,307,83,1586,1189,64.0875,64.4751,62.6016,2.1026
E1,1000 shared,concentrated_pumper_verifies_instantly,token bucket 4/10 min burst 4,308,90,2640,1147,64.3418,64.0449,65.3696,1.4821
E1,1000 shared,concentrated_pumper_verifies_instantly,token bucket 4/10 min burst 4,309,84,1387,1175,63.8298,62.8602,67.6471,1.3617
E1,1000 shared,concentrated_pumper_verifies_instantly,token bucket 4/10 min burst 12,300,118,3573,1149,63.7076,63.7969,63.3745,1.8277
E1,1000 shared,concentrated_pumper_verifies_instantly,token bucket 4/10 min burst 12,301,110,1110,1218,64.6962,64.6169,65.0442,1.8883
E1,1000 shared,concentrated_pumper_verifies_instantly,token bucket 4/10 min burst 12,302,107,1243,1233,67.8832,67.495,69.6035,1.6221
E1,1000 shared,concentrated_pumper_verifies_instantly,token bucket 4/10 min burst 12,303,106,1444,1231,64.4192,64.6107,63.6364,2.3558
E1,1000 shared,concentrated_pumper_verifies_instantly,token bucket 4/10 min burst 12,304,113,3253,1168,64.5548,64.2704,65.678,2.6541
E1,1000 shared,concentrated_pumper_verifies_instantly,token bucket 4/10 min burst 12,305,106,796,1137,61.9173,62.2807,60.4444,1.847
E1,1000 shared,concentrated_pumper_verifies_instantly,token bucket 4/10 min burst 12,306,110,2907,1189,66.0219,66.1718,65.4472,1.6821
E1,1000 shared,concentrated_pumper_verifies_instantly,token bucket 4/10 min burst 12,307,110,1586,1189,64.0875,64.4751,62.6016,2.1026
E1,1000 shared,concentrated_pumper_verifies_instantly,token bucket 4/10 min burst 12,308,116,2640,1147,64.3418,64.0449,65.3696,1.4821
E1,1000 shared,concentrated_pumper_verifies_instantly,token bucket 4/10 min burst 12,309,110,1387,1175,63.8298,62.8602,67.6471,1.3617
E1,1000 shared,concentrated_pumper_verifies_instantly,counter 4/10 min + sequential,300,23,3573,1149,63.7076,63.7969,63.3745,1.9147
E1,1000 shared,concentrated_pumper_verifies_instantly,counter 4/10 min + sequential,301,21,1110,1218,64.6962,64.6169,65.0442,1.8883
E1,1000 shared,concentrated_pumper_verifies_instantly,counter 4/10 min + sequential,302,17,1243,1233,67.8832,67.495,69.6035,1.6221
E1,1000 shared,concentrated_pumper_verifies_instantly,counter 4/10 min + sequential,303,19,1444,1231,64.4192,64.6107,63.6364,2.3558
E1,1000 shared,concentrated_pumper_verifies_instantly,counter 4/10 min + sequential,304,25,3253,1168,64.5548,64.2704,65.678,2.6541
E1,1000 shared,concentrated_pumper_verifies_instantly,counter 4/10 min + sequential,305,18,796,1137,61.9173,62.2807,60.4444,2.0229
E1,1000 shared,concentrated_pumper_verifies_instantly,counter 4/10 min + sequential,306,18,2907,1189,66.0219,66.1718,65.4472,1.6821
E1,1000 shared,concentrated_pumper_verifies_instantly,counter 4/10 min + sequential,307,21,1586,1189,64.1716,64.5811,62.6016,2.1026
E1,1000 shared,concentrated_pumper_verifies_instantly,counter 4/10 min + sequential,308,25,2640,1147,64.3418,64.0449,65.3696,1.4821
E1,1000 shared,concentrated_pumper_verifies_instantly,counter 4/10 min + sequential,309,18,1387,1175,63.8298,62.8602,67.6471,1.3617
E1,1000 shared,concentrated_pumper_verifies_instantly,counter 4/10 min + trust budget,300,82,3573,1149,63.7076,63.7969,63.3745,1.8277
E1,1000 shared,concentrated_pumper_verifies_instantly,counter 4/10 min + trust budget,301,74,1110,1218,64.6962,64.6169,65.0442,1.8883
E1,1000 shared,concentrated_pumper_verifies_instantly,counter 4/10 min + trust budget,302,73,1243,1233,67.8832,67.495,69.6035,1.541
E1,1000 shared,concentrated_pumper_verifies_instantly,counter 4/10 min + trust budget,303,74,1444,1231,64.4192,64.6107,63.6364,2.3558
E1,1000 shared,concentrated_pumper_verifies_instantly,counter 4/10 min + trust budget,304,80,3253,1168,64.5548,64.2704,65.678,2.6541
E1,1000 shared,concentrated_pumper_verifies_instantly,counter 4/10 min + trust budget,305,73,796,1137,61.9173,62.2807,60.4444,1.847
E1,1000 shared,concentrated_pumper_verifies_instantly,counter 4/10 min + trust budget,306,74,2907,1189,66.0219,66.1718,65.4472,1.6821
E1,1000 shared,concentrated_pumper_verifies_instantly,counter 4/10 min + trust budget,307,75,1586,1189,64.1716,64.5811,62.6016,2.1026
E1,1000 shared,concentrated_pumper_verifies_instantly,counter 4/10 min + trust budget,308,83,2640,1147,64.3418,64.0449,65.3696,1.4821
E1,1000 shared,concentrated_pumper_verifies_instantly,counter 4/10 min + trust budget,309,72,1387,1175,63.8298,62.8602,67.6471,1.3617
E1,1000 shared,concentrated_pumper_verifies_humanlike,none,300,3549,3573,1149,63.7076,63.7969,63.3745,1.4795
E1,1000 shared,concentrated_pumper_verifies_humanlike,none,301,1107,1110,1218,64.6962,64.6169,65.0442,1.8062
E1,1000 shared,concentrated_pumper_verifies_humanlike,none,302,1234,1243,1233,67.8832,67.495,69.6035,1.3788
E1,1000 shared,concentrated_pumper_verifies_humanlike,none,303,1438,1444,1231,64.4192,64.6107,63.6364,1.7872
E1,1000 shared,concentrated_pumper_verifies_humanlike,none,304,3229,3253,1168,64.5548,64.2704,65.678,2.1404
E1,1000 shared,concentrated_pumper_verifies_humanlike,none,305,789,796,1137,61.9173,62.2807,60.4444,1.5831
E1,1000 shared,concentrated_pumper_verifies_humanlike,none,306,2885,2907,1189,66.0219,66.1718,65.4472,1.5139
E1,1000 shared,concentrated_pumper_verifies_humanlike,none,307,1577,1586,1189,64.1716,64.5811,62.6016,1.6821
E1,1000 shared,concentrated_pumper_verifies_humanlike,none,308,2625,2640,1147,64.3418,64.0449,65.3696,1.3949
E1,1000 shared,concentrated_pumper_verifies_humanlike,none,309,1375,1387,1175,63.8298,62.8602,67.6471,1.2766
E1,1000 shared,concentrated_pumper_verifies_humanlike,sequential T1000 c1,300,619,3573,1149,63.7076,63.7969,63.3745,1.3925
E1,1000 shared,concentrated_pumper_verifies_humanlike,sequential T1000 c1,301,1099,1110,1218,64.6962,64.6169,65.0442,1.8062
E1,1000 shared,concentrated_pumper_verifies_humanlike,sequential T1000 c1,302,1234,1243,1233,67.8832,67.495,69.6035,1.3788
E1,1000 shared,concentrated_pumper_verifies_humanlike,sequential T1000 c1,303,1420,1444,1231,64.4192,64.6107,63.6364,1.7872
E1,1000 shared,concentrated_pumper_verifies_humanlike,sequential T1000 c1,304,508,3253,1168,64.5548,64.2704,65.678,2.1404
E1,1000 shared,concentrated_pumper_verifies_humanlike,sequential T1000 c1,305,789,796,1137,61.9173,62.2807,60.4444,1.759
E1,1000 shared,concentrated_pumper_verifies_humanlike,sequential T1000 c1,306,233,2907,1189,66.0219,66.1718,65.4472,1.5139
E1,1000 shared,concentrated_pumper_verifies_humanlike,sequential T1000 c1,307,1134,1586,1189,64.0875,64.4751,62.6016,1.6821
E1,1000 shared,concentrated_pumper_verifies_humanlike,sequential T1000 c1,308,930,2640,1147,64.3418,64.0449,65.3696,1.3949
E1,1000 shared,concentrated_pumper_verifies_humanlike,sequential T1000 c1,309,1185,1387,1175,63.8298,62.8602,67.6471,1.2766
E1,1000 shared,concentrated_pumper_verifies_humanlike,sequential T300 c0,300,207,3573,1149,63.7076,63.7969,63.3745,1.3925
E1,1000 shared,concentrated_pumper_verifies_humanlike,sequential T300 c0,301,84,1110,1218,64.6962,64.6169,65.0442,1.8883
E1,1000 shared,concentrated_pumper_verifies_humanlike,sequential T300 c0,302,105,1243,1233,67.721,67.2962,69.6035,1.3788
E1,1000 shared,concentrated_pumper_verifies_humanlike,sequential T300 c0,303,150,1444,1231,64.0942,64.2063,63.6364,1.7872
E1,1000 shared,concentrated_pumper_verifies_humanlike,sequential T300 c0,304,172,3253,1168,64.5548,64.2704,65.678,2.1404
E1,1000 shared,concentrated_pumper_verifies_humanlike,sequential T300 c0,305,116,796,1137,61.9173,62.2807,60.4444,1.9349
E1,1000 shared,concentrated_pumper_verifies_humanlike,sequential T300 c0,306,197,2907,1189,66.0219,66.1718,65.4472,1.5139
E1,1000 shared,concentrated_pumper_verifies_humanlike,sequential T300 c0,307,125,1586,1189,64.0034,64.369,62.6016,1.6821
E1,1000 shared,concentrated_pumper_verifies_humanlike,sequential T300 c0,308,204,2640,1147,64.3418,64.0449,65.3696,1.4821
E1,1000 shared,concentrated_pumper_verifies_humanlike,sequential T300 c0,309,105,1387,1175,63.8298,62.8602,67.6471,1.2766
E1,1000 shared,concentrated_pumper_verifies_humanlike,counter graded 3/60 min,300,16,3573,1149,63.2724,63.245,63.3745,7.8329
E1,1000 shared,concentrated_pumper_verifies_humanlike,counter graded 3/60 min,301,10,1110,1218,64.1215,63.9113,65.0442,8.1281
E1,1000 shared,concentrated_pumper_verifies_humanlike,counter graded 3/60 min,302,10,1243,1233,67.2344,66.6998,69.6035,6.5693
E1,1000 shared,concentrated_pumper_verifies_humanlike,counter graded 3/60 min,303,11,1444,1231,63.8505,63.9029,63.6364,8.5297
E1,1000 shared,concentrated_pumper_verifies_humanlike,counter graded 3/60 min,304,15,3253,1168,64.4692,64.1631,65.678,9.2466
E1,1000 shared,concentrated_pumper_verifies_humanlike,counter graded 3/60 min,305,11,796,1137,61.7414,62.0614,60.4444,7.2999
E1,1000 shared,concentrated_pumper_verifies_humanlike,counter graded 3/60 min,306,11,2907,1189,65.8537,65.9597,65.4472,7.6535
E1,1000 shared,concentrated_pumper_verifies_humanlike,counter graded 3/60 min,307,11,1586,1189,63.6669,63.9449,62.6016,7.9899
E1,1000 shared,concentrated_pumper_verifies_humanlike,counter graded 3/60 min,308,15,2640,1147,63.9058,63.4831,65.3696,6.5388
E1,1000 shared,concentrated_pumper_verifies_humanlike,counter graded 3/60 min,309,9,1387,1175,63.5745,62.54,67.6471,7.1489
E1,1000 shared,concentrated_pumper_verifies_humanlike,token bucket 4/10 min burst 4,300,90,3573,1149,63.7076,63.7969,63.3745,1.9147
E1,1000 shared,concentrated_pumper_verifies_humanlike,token bucket 4/10 min burst 4,301,84,1110,1218,64.6962,64.6169,65.0442,1.8883
E1,1000 shared,concentrated_pumper_verifies_humanlike,token bucket 4/10 min burst 4,302,83,1243,1233,67.8832,67.495,69.6035,1.6221
E1,1000 shared,concentrated_pumper_verifies_humanlike,token bucket 4/10 min burst 4,303,81,1444,1231,64.4192,64.6107,63.6364,2.3558
E1,1000 shared,concentrated_pumper_verifies_humanlike,token bucket 4/10 min burst 4,304,85,3253,1168,64.5548,64.2704,65.678,2.6541
E1,1000 shared,concentrated_pumper_verifies_humanlike,token bucket 4/10 min burst 4,305,80,796,1137,61.9173,62.2807,60.4444,1.847
E1,1000 shared,concentrated_pumper_verifies_humanlike,token bucket 4/10 min burst 4,306,82,2907,1189,66.0219,66.1718,65.4472,1.6821
E1,1000 shared,concentrated_pumper_verifies_humanlike,token bucket 4/10 min burst 4,307,81,1586,1189,64.1716,64.5811,62.6016,2.1026
E1,1000 shared,concentrated_pumper_verifies_humanlike,token bucket 4/10 min burst 4,308,90,2640,1147,64.3418,64.0449,65.3696,1.4821
E1,1000 shared,concentrated_pumper_verifies_humanlike,token bucket 4/10 min burst 4,309,84,1387,1175,63.8298,62.8602,67.6471,1.3617
E1,1000 shared,concentrated_pumper_verifies_humanlike,token bucket 4/10 min burst 12,300,115,3573,1149,63.7076,63.7969,63.3745,1.9147
E1,1000 shared,concentrated_pumper_verifies_humanlike,token bucket 4/10 min burst 12,301,108,1110,1218,64.6962,64.6169,65.0442,1.8883
E1,1000 shared,concentrated_pumper_verifies_humanlike,token bucket 4/10 min burst 12,302,107,1243,1233,67.8832,67.495,69.6035,1.6221
E1,1000 shared,concentrated_pumper_verifies_humanlike,token bucket 4/10 min burst 12,303,106,1444,1231,64.4192,64.6107,63.6364,2.3558
E1,1000 shared,concentrated_pumper_verifies_humanlike,token bucket 4/10 min burst 12,304,109,3253,1168,64.5548,64.2704,65.678,2.6541
E1,1000 shared,concentrated_pumper_verifies_humanlike,token bucket 4/10 min burst 12,305,104,796,1137,61.9173,62.2807,60.4444,1.847
E1,1000 shared,concentrated_pumper_verifies_humanlike,token bucket 4/10 min burst 12,306,107,2907,1189,66.0219,66.1718,65.4472,1.6821
E1,1000 shared,concentrated_pumper_verifies_humanlike,token bucket 4/10 min burst 12,307,107,1586,1189,64.1716,64.5811,62.6016,2.1026
E1,1000 shared,concentrated_pumper_verifies_humanlike,token bucket 4/10 min burst 12,308,116,2640,1147,64.3418,64.0449,65.3696,1.4821
E1,1000 shared,concentrated_pumper_verifies_humanlike,token bucket 4/10 min burst 12,309,110,1387,1175,63.8298,62.8602,67.6471,1.3617
E1,1000 shared,concentrated_pumper_verifies_humanlike,counter 4/10 min + sequential,300,80,3573,1149,63.7076,63.7969,63.3745,1.9147
E1,1000 shared,concentrated_pumper_verifies_humanlike,counter 4/10 min + sequential,301,74,1110,1218,64.6962,64.6169,65.0442,1.8883
E1,1000 shared,concentrated_pumper_verifies_humanlike,counter 4/10 min + sequential,302,73,1243,1233,67.8832,67.495,69.6035,1.541
E1,1000 shared,concentrated_pumper_verifies_humanlike,counter 4/10 min + sequential,303,73,1444,1231,64.4192,64.6107,63.6364,2.3558
E1,1000 shared,concentrated_pumper_verifies_humanlike,counter 4/10 min + sequential,304,76,3253,1168,64.5548,64.2704,65.678,2.6541
E1,1000 shared,concentrated_pumper_verifies_humanlike,counter 4/10 min + sequential,305,72,796,1137,61.9173,62.2807,60.4444,2.0229
E1,1000 shared,concentrated_pumper_verifies_humanlike,counter 4/10 min + sequential,306,74,2907,1189,66.0219,66.1718,65.4472,1.6821
E1,1000 shared,concentrated_pumper_verifies_humanlike,counter 4/10 min + sequential,307,75,1586,1189,64.1716,64.5811,62.6016,2.1026
E1,1000 shared,concentrated_pumper_verifies_humanlike,counter 4/10 min + sequential,308,82,2640,1147,64.3418,64.0449,65.3696,1.4821
E1,1000 shared,concentrated_pumper_verifies_humanlike,counter 4/10 min + sequential,309,72,1387,1175,63.8298,62.8602,67.6471,1.3617
E1,1000 shared,concentrated_pumper_verifies_humanlike,counter 4/10 min + trust budget,300,80,3573,1149,63.7076,63.7969,63.3745,1.9147
E1,1000 shared,concentrated_pumper_verifies_humanlike,counter 4/10 min + trust budget,301,74,1110,1218,64.6962,64.6169,65.0442,1.8883
E1,1000 shared,concentrated_pumper_verifies_humanlike,counter 4/10 min + trust budget,302,73,1243,1233,67.8832,67.495,69.6035,1.541
E1,1000 shared,concentrated_pumper_verifies_humanlike,counter 4/10 min + trust budget,303,73,1444,1231,64.4192,64.6107,63.6364,2.3558
E1,1000 shared,concentrated_pumper_verifies_humanlike,counter 4/10 min + trust budget,304,76,3253,1168,64.5548,64.2704,65.678,2.6541
E1,1000 shared,concentrated_pumper_verifies_humanlike,counter 4/10 min + trust budget,305,72,796,1137,61.9173,62.2807,60.4444,1.847
E1,1000 shared,concentrated_pumper_verifies_humanlike,counter 4/10 min + trust budget,306,74,2907,1189,66.0219,66.1718,65.4472,1.6821
E1,1000 shared,concentrated_pumper_verifies_humanlike,counter 4/10 min + trust budget,307,75,1586,1189,64.1716,64.5811,62.6016,2.1026
E1,1000 shared,concentrated_pumper_verifies_humanlike,counter 4/10 min + trust budget,308,82,2640,1147,64.3418,64.0449,65.3696,1.4821
E1,1000 shared,concentrated_pumper_verifies_humanlike,counter 4/10 min + trust budget,309,72,1387,1175,63.8298,62.8602,67.6471,1.3617
E1,1000 shared,concentrated_pumper_solves_challenges,none,300,654,3573,1149,63.4465,63.4658,63.3745,1.7406
E1,1000 shared,concentrated_pumper_solves_challenges,none,301,1024,1110,1218,64.6962,64.6169,65.0442,1.8062
E1,1000 shared,concentrated_pumper_solves_challenges,none,302,1126,1243,1233,67.8832,67.495,69.6035,1.6221
E1,1000 shared,concentrated_pumper_solves_challenges,none,303,1170,1444,1231,64.2567,64.4085,63.6364,2.2746
E1,1000 shared,concentrated_pumper_solves_challenges,none,304,585,3253,1168,64.5548,64.2704,65.678,2.1404
E1,1000 shared,concentrated_pumper_solves_challenges,none,305,789,796,1137,61.9173,62.2807,60.4444,1.6711
E1,1000 shared,concentrated_pumper_solves_challenges,none,306,630,2907,1189,66.0219,66.1718,65.4472,1.598
E1,1000 shared,concentrated_pumper_solves_challenges,none,307,1183,1586,1189,63.9193,64.263,62.6016,2.6072
E1,1000 shared,concentrated_pumper_solves_challenges,none,308,708,2640,1147,64.2546,63.9326,65.3696,1.4821
E1,1000 shared,concentrated_pumper_solves_challenges,none,309,1128,1387,1175,63.8298,62.8602,67.6471,1.7021
E1,1000 shared,concentrated_pumper_solves_challenges,sequential T1000 c1,300,193,3573,1149,63.7076,63.7969,63.3745,1.3925
E1,1000 shared,concentrated_pumper_solves_challenges,sequential T1000 c1,301,73,1110,1218,64.6962,64.6169,65.0442,1.8062
E1,1000 shared,concentrated_pumper_solves_challenges,sequential T1000 c1,302,74,1243,1233,67.721,67.2962,69.6035,1.3788
E1,1000 shared,concentrated_pumper_solves_challenges,sequential T1000 c1,303,89,1444,1231,64.0942,64.2063,63.6364,1.7872
E1,1000 shared,concentrated_pumper_solves_challenges,sequential T1000 c1,304,149,3253,1168,64.5548,64.2704,65.678,2.1404
E1,1000 shared,concentrated_pumper_solves_challenges,sequential T1000 c1,305,61,796,1137,61.9173,62.2807,60.4444,1.759
E1,1000 shared,concentrated_pumper_solves_challenges,sequential T1000 c1,306,147,2907,1189,66.0219,66.1718,65.4472,1.5139
E1,1000 shared,concentrated_pumper_solves_challenges,sequential T1000 c1,307,105,1586,1189,64.0034,64.369,62.6016,1.6821
E1,1000 shared,concentrated_pumper_solves_challenges,sequential T1000 c1,308,151,2640,1147,64.3418,64.0449,65.3696,1.3949
E1,1000 shared,concentrated_pumper_solves_challenges,sequential T1000 c1,309,101,1387,1175,63.8298,62.8602,67.6471,1.2766
E1,1000 shared,concentrated_pumper_solves_challenges,sequential T300 c0,300,193,3573,1149,63.7076,63.7969,63.3745,1.3925
E1,1000 shared,concentrated_pumper_solves_challenges,sequential T300 c0,301,60,1110,1218,64.6962,64.6169,65.0442,1.8062
E1,1000 shared,concentrated_pumper_solves_challenges,sequential T300 c0,302,74,1243,1233,67.721,67.2962,69.6035,1.3788
E1,1000 shared,concentrated_pumper_solves_challenges,sequential T300 c0,303,84,1444,1231,64.0942,64.2063,63.6364,1.7872
E1,1000 shared,concentrated_pumper_solves_challenges,sequential T300 c0,304,149,3253,1168,64.5548,64.2704,65.678,2.1404
E1,1000 shared,concentrated_pumper_solves_challenges,sequential T300 c0,305,61,796,1137,61.9173,62.2807,60.4444,1.847
E1,1000 shared,concentrated_pumper_solves_challenges,sequential T300 c0,306,147,2907,1189,66.0219,66.1718,65.4472,1.5139
E1,1000 shared,concentrated_pumper_solves_challenges,sequential T300 c0,307,105,1586,1189,64.0034,64.369,62.6016,1.6821
E1,1000 shared,concentrated_pumper_solves_challenges,sequential T300 c0,308,138,2640,1147,64.3418,64.0449,65.3696,1.4821
E1,1000 shared,concentrated_pumper_solves_challenges,sequential T300 c0,309,101,1387,1175,63.8298,62.8602,67.6471,1.2766
E1,1000 shared,concentrated_pumper_solves_challenges,counter graded 3/60 min,300,26,3573,1149,63.1854,63.1347,63.3745,7.3107
E1,1000 shared,concentrated_pumper_solves_challenges,counter graded 3/60 min,301,25,1110,1218,64.1215,63.9113,65.0442,8.046
E1,1000 shared,concentrated_pumper_solves_challenges,counter graded 3/60 min,302,18,1243,1233,67.0722,66.501,69.6035,6.326
E1,1000 shared,concentrated_pumper_solves_challenges,counter graded 3/60 min,303,23,1444,1231,63.5256,63.4985,63.6364,7.961
E1,1000 shared,concentrated_pumper_solves_challenges,counter graded 3/60 min,304,33,3253,1168,64.4692,64.1631,65.678,8.7329
E1,1000 shared,concentrated_pumper_solves_challenges,counter graded 3/60 min,305,22,796,1137,61.7414,62.0614,60.4444,7.0361
E1,1000 shared,concentrated_pumper_solves_challenges,counter graded 3/60 min,306,23,2907,1189,65.8537,65.9597,65.4472,7.4853
E1,1000 shared,concentrated_pumper_solves_challenges,counter graded 3/60 min,307,25,1586,1189,63.4987,63.7328,62.6016,7.5694
E1,1000 shared,concentrated_pumper_solves_challenges,counter graded 3/60 min,308,25,2640,1147,63.9058,63.4831,65.3696,6.4516
E1,1000 shared,concentrated_pumper_solves_challenges,counter graded 3/60 min,309,18,1387,1175,63.5745,62.54,67.6471,7.0638
E1,1000 shared,concentrated_pumper_solves_challenges,token bucket 4/10 min burst 4,300,166,3573,1149,63.6205,63.6865,63.3745,1.3925
E1,1000 shared,concentrated_pumper_solves_challenges,token bucket 4/10 min burst 4,301,161,1110,1218,64.6962,64.6169,65.0442,1.8883
E1,1000 shared,concentrated_pumper_solves_challenges,token bucket 4/10 min burst 4,302,160,1243,1233,67.8021,67.3956,69.6035,1.541
E1,1000 shared,concentrated_pumper_solves_challenges,token bucket 4/10 min burst 4,303,161,1444,1231,64.0942,64.2063,63.6364,1.8684
E1,1000 shared,concentrated_pumper_solves_challenges,token bucket 4/10 min burst 4,304,163,3253,1168,64.5548,64.2704,65.678,2.1404
E1,1000 shared,concentrated_pumper_solves_challenges,token bucket 4/10 min burst 4,305,160,796,1137,61.9173,62.2807,60.4444,1.6711
E1,1000 shared,concentrated_pumper_solves_challenges,token bucket 4/10 min burst 4,306,162,2907,1189,66.0219,66.1718,65.4472,1.5139
E1,1000 shared,concentrated_pumper_solves_challenges,token bucket 4/10 min burst 4,307,161,1586,1189,64.0034,64.369,62.6016,1.7662
E1,1000 shared,concentrated_pumper_solves_challenges,token bucket 4/10 min burst 4,308,165,2640,1147,64.3418,64.0449,65.3696,1.3949
E1,1000 shared,concentrated_pumper_solves_challenges,token bucket 4/10 min burst 4,309,162,1387,1175,63.8298,62.8602,67.6471,1.2766
E1,1000 shared,concentrated_pumper_solves_challenges,token bucket 4/10 min burst 12,300,213,3573,1149,63.6205,63.6865,63.3745,1.4795
E1,1000 shared,concentrated_pumper_solves_challenges,token bucket 4/10 min burst 12,301,208,1110,1218,64.6962,64.6169,65.0442,1.8883
E1,1000 shared,concentrated_pumper_solves_challenges,token bucket 4/10 min burst 12,302,210,1243,1233,67.721,67.2962,69.6035,1.3788
E1,1000 shared,concentrated_pumper_solves_challenges,token bucket 4/10 min burst 12,303,210,1444,1231,64.0942,64.2063,63.6364,1.7872
E1,1000 shared,concentrated_pumper_solves_challenges,token bucket 4/10 min burst 12,304,211,3253,1168,64.5548,64.2704,65.678,2.1404
E1,1000 shared,concentrated_pumper_solves_challenges,token bucket 4/10 min burst 12,305,207,796,1137,61.9173,62.2807,60.4444,1.6711
E1,1000 shared,concentrated_pumper_solves_challenges,token bucket 4/10 min burst 12,306,210,2907,1189,66.0219,66.1718,65.4472,1.5139
E1,1000 shared,concentrated_pumper_solves_challenges,token bucket 4/10 min burst 12,307,210,1586,1189,64.0034,64.369,62.6016,1.6821
E1,1000 shared,concentrated_pumper_solves_challenges,token bucket 4/10 min burst 12,308,213,2640,1147,64.3418,64.0449,65.3696,1.3949
E1,1000 shared,concentrated_pumper_solves_challenges,token bucket 4/10 min burst 12,309,209,1387,1175,63.8298,62.8602,67.6471,1.2766
E1,1000 shared,concentrated_pumper_solves_challenges,counter 4/10 min + sequential,300,52,3573,1149,63.6205,63.6865,63.3745,1.3925
E1,1000 shared,concentrated_pumper_solves_challenges,counter 4/10 min + sequential,301,48,1110,1218,64.6962,64.6169,65.0442,1.8062
E1,1000 shared,concentrated_pumper_solves_challenges,counter 4/10 min + sequential,302,47,1243,1233,67.721,67.2962,69.6035,1.4599
E1,1000 shared,concentrated_pumper_solves_challenges,counter 4/10 min + sequential,303,48,1444,1231,64.0942,64.2063,63.6364,1.7872
E1,1000 shared,concentrated_pumper_solves_challenges,counter 4/10 min + sequential,304,49,3253,1168,64.5548,64.2704,65.678,2.1404
E1,1000 shared,concentrated_pumper_solves_challenges,counter 4/10 min + sequential,305,47,796,1137,61.9173,62.2807,60.4444,1.759
E1,1000 shared,concentrated_pumper_solves_challenges,counter 4/10 min + sequential,306,48,2907,1189,66.0219,66.1718,65.4472,1.5139
E1,1000 shared,concentrated_pumper_solves_challenges,counter 4/10 min + sequential,307,47,1586,1189,64.0034,64.369,62.6016,1.6821
E1,1000 shared,concentrated_pumper_solves_challenges,counter 4/10 min + sequential,308,51,2640,1147,64.3418,64.0449,65.3696,1.3949
E1,1000 shared,concentrated_pumper_solves_challenges,counter 4/10 min + sequential,309,48,1387,1175,63.8298,62.8602,67.6471,1.2766
E1,1000 shared,concentrated_pumper_solves_challenges,counter 4/10 min + trust budget,300,148,3573,1149,63.6205,63.6865,63.3745,1.3925
E1,1000 shared,concentrated_pumper_solves_challenges,counter 4/10 min + trust budget,301,144,1110,1218,64.6962,64.6169,65.0442,1.8062
E1,1000 shared,concentrated_pumper_solves_challenges,counter 4/10 min + trust budget,302,142,1243,1233,67.8021,67.3956,69.6035,1.4599
E1,1000 shared,concentrated_pumper_solves_challenges,counter 4/10 min + trust budget,303,144,1444,1231,64.0942,64.2063,63.6364,1.7872
E1,1000 shared,concentrated_pumper_solves_challenges,counter 4/10 min + trust budget,304,145,3253,1168,64.5548,64.2704,65.678,2.1404
E1,1000 shared,concentrated_pumper_solves_challenges,counter 4/10 min + trust budget,305,143,796,1137,61.9173,62.2807,60.4444,1.5831
E1,1000 shared,concentrated_pumper_solves_challenges,counter 4/10 min + trust budget,306,144,2907,1189,66.0219,66.1718,65.4472,1.5139
E1,1000 shared,concentrated_pumper_solves_challenges,counter 4/10 min + trust budget,307,151,1586,1189,64.0034,64.369,62.6016,1.6821
E1,1000 shared,concentrated_pumper_solves_challenges,counter 4/10 min + trust budget,308,146,2640,1147,64.3418,64.0449,65.3696,1.3949
E1,1000 shared,concentrated_pumper_solves_challenges,counter 4/10 min + trust budget,309,144,1387,1175,63.8298,62.8602,67.6471,1.2766
E1,1000 shared,block_poisoner,none,300,3520,3535,1149,63.3594,63.3554,63.3745,2.9591
E1,1000 shared,block_poisoner,none,301,1097,1100,1218,64.6962,64.6169,65.0442,1.8062
E1,1000 shared,block_poisoner,none,302,1287,1293,1233,67.8832,67.495,69.6035,1.3788
E1,1000 shared,block_poisoner,none,303,1430,1436,1231,64.4192,64.6107,63.6364,1.7872
E1,1000 shared,block_poisoner,none,304,3256,3277,1168,64.4692,64.1631,65.678,2.7397
E1,1000 shared,block_poisoner,none,305,896,896,1137,61.9173,62.2807,60.4444,1.5831
E1,1000 shared,block_poisoner,none,306,2942,2953,1189,65.9378,66.0657,65.4472,2.5231
E1,1000 shared,block_poisoner,none,307,1574,1585,1189,64.1716,64.5811,62.6016,1.6821
E1,1000 shared,block_poisoner,none,308,2553,2571,1147,64.3418,64.0449,65.3696,1.5693
E1,1000 shared,block_poisoner,none,309,1394,1400,1175,63.8298,62.8602,67.6471,1.2766
E1,1000 shared,block_poisoner,sequential T1000 c1,300,3292,3535,1149,63.3594,63.3554,63.3745,8.6162
E1,1000 shared,block_poisoner,sequential T1000 c1,301,1094,1100,1218,64.6962,64.6169,65.0442,1.9704
E1,1000 shared,block_poisoner,sequential T1000 c1,302,1275,1293,1233,67.721,67.2962,69.6035,2.0276
E1,1000 shared,block_poisoner,sequential T1000 c1,303,1421,1436,1231,64.4192,64.6107,63.6364,1.9496
E1,1000 shared,block_poisoner,sequential T1000 c1,304,3086,3277,1168,64.1267,63.7339,65.678,6.3356
E1,1000 shared,block_poisoner,sequential T1000 c1,305,893,896,1137,61.9173,62.2807,60.4444,1.847
E1,1000 shared,block_poisoner,sequential T1000 c1,306,2840,2953,1189,65.6854,65.7476,65.4472,6.2237
E1,1000 shared,block_poisoner,sequential T1000 c1,307,1565,1585,1189,64.1716,64.5811,62.6016,1.9344
E1,1000 shared,block_poisoner,sequential T1000 c1,308,2476,2571,1147,64.2546,63.9326,65.3696,3.5745
E1,1000 shared,block_poisoner,sequential T1000 c1,309,1387,1400,1175,63.8298,62.8602,67.6471,1.8723
E1,1000 shared,block_poisoner,sequential T300 c0,300,2962,3535,1149,63.0983,63.0243,63.3745,14.4473
E1,1000 shared,block_poisoner,sequential T300 c0,301,1083,1100,1218,64.6141,64.5161,65.0442,2.8736
E1,1000 shared,block_poisoner,sequential T300 c0,302,1245,1293,1233,67.4777,66.998,69.6035,3.8929
E1,1000 shared,block_poisoner,sequential T300 c0,303,1398,1436,1231,64.1755,64.3074,63.6364,3.0869
E1,1000 shared,block_poisoner,sequential T300 c0,304,2805,3277,1168,63.8699,63.412,65.678,13.613
E1,1000 shared,block_poisoner,sequential T300 c0,305,886,896,1137,61.9173,62.2807,60.4444,2.2867
E1,1000 shared,block_poisoner,sequential T300 c0,306,2628,2953,1189,65.349,65.3234,65.4472,11.3541
E1,1000 shared,block_poisoner,sequential T300 c0,307,1535,1585,1189,64.1716,64.5811,62.6016,4.037
E1,1000 shared,block_poisoner,sequential T300 c0,308,2339,2571,1147,63.993,63.5955,65.3696,7.4106
E1,1000 shared,block_poisoner,sequential T300 c0,309,1363,1400,1175,63.8298,62.8602,67.6471,3.0638
E1,1000 shared,block_poisoner,counter graded 3/60 min,300,2058,3535,1149,61.7058,61.2583,63.3745,32.7241
E1,1000 shared,block_poisoner,counter graded 3/60 min,301,916,1100,1218,63.3826,63.004,65.0442,17.3235
E1,1000 shared,block_poisoner,counter graded 3/60 min,302,1033,1293,1233,66.7478,66.1034,69.6035,17.4371
E1,1000 shared,block_poisoner,counter graded 3/60 min,303,1115,1436,1231,62.9569,62.7907,63.6364,19.9025
E1,1000 shared,block_poisoner,counter graded 3/60 min,304,1974,3277,1168,62.9281,62.2318,65.678,30.8219
E1,1000 shared,block_poisoner,counter graded 3/60 min,305,765,896,1137,61.3896,61.6228,60.4444,13.0167
E1,1000 shared,block_poisoner,counter graded 3/60 min,306,1933,2953,1189,64.3398,64.0509,65.4472,28.3431
E1,1000 shared,block_poisoner,counter graded 3/60 min,307,1224,1585,1189,63.0782,63.2025,62.6016,20.4373
E1,1000 shared,block_poisoner,counter graded 3/60 min,308,1745,2571,1147,62.7724,62.0225,65.3696,24.4987
E1,1000 shared,block_poisoner,counter graded 3/60 min,309,1094,1400,1175,62.9787,61.793,67.6471,17.617
E1,1000 shared,block_poisoner,token bucket 4/10 min burst 4,300,3520,3535,1149,63.3594,63.3554,63.3745,2.9591
E1,1000 shared,block_poisoner,token bucket 4/10 min burst 4,301,1097,1100,1218,64.6962,64.6169,65.0442,1.8062
E1,1000 shared,block_poisoner,token bucket 4/10 min burst 4,302,1287,1293,1233,67.8832,67.495,69.6035,1.3788
E1,1000 shared,block_poisoner,token bucket 4/10 min burst 4,303,1430,1436,1231,64.4192,64.6107,63.6364,1.7872
E1,1000 shared,block_poisoner,token bucket 4/10 min burst 4,304,3256,3277,1168,64.4692,64.1631,65.678,2.7397
E1,1000 shared,block_poisoner,token bucket 4/10 min burst 4,305,896,896,1137,61.9173,62.2807,60.4444,1.5831
E1,1000 shared,block_poisoner,token bucket 4/10 min burst 4,306,2942,2953,1189,65.9378,66.0657,65.4472,2.6072
E1,1000 shared,block_poisoner,token bucket 4/10 min burst 4,307,1574,1585,1189,64.1716,64.5811,62.6016,1.6821
E1,1000 shared,block_poisoner,token bucket 4/10 min burst 4,308,2552,2571,1147,64.3418,64.0449,65.3696,1.5693
E1,1000 shared,block_poisoner,token bucket 4/10 min burst 4,309,1394,1400,1175,63.8298,62.8602,67.6471,1.2766
E1,1000 shared,block_poisoner,token bucket 4/10 min burst 12,300,3520,3535,1149,63.3594,63.3554,63.3745,2.9591
E1,1000 shared,block_poisoner,token bucket 4/10 min burst 12,301,1097,1100,1218,64.6962,64.6169,65.0442,1.8062
E1,1000 shared,block_poisoner,token bucket 4/10 min burst 12,302,1287,1293,1233,67.8832,67.495,69.6035,1.3788
E1,1000 shared,block_poisoner,token bucket 4/10 min burst 12,303,1430,1436,1231,64.4192,64.6107,63.6364,1.7872
E1,1000 shared,block_poisoner,token bucket 4/10 min burst 12,304,3256,3277,1168,64.4692,64.1631,65.678,2.7397
E1,1000 shared,block_poisoner,token bucket 4/10 min burst 12,305,896,896,1137,61.9173,62.2807,60.4444,1.5831
E1,1000 shared,block_poisoner,token bucket 4/10 min burst 12,306,2942,2953,1189,65.9378,66.0657,65.4472,2.5231
E1,1000 shared,block_poisoner,token bucket 4/10 min burst 12,307,1574,1585,1189,64.1716,64.5811,62.6016,1.6821
E1,1000 shared,block_poisoner,token bucket 4/10 min burst 12,308,2553,2571,1147,64.3418,64.0449,65.3696,1.5693
E1,1000 shared,block_poisoner,token bucket 4/10 min burst 12,309,1394,1400,1175,63.8298,62.8602,67.6471,1.2766
E1,1000 shared,block_poisoner,counter 4/10 min + sequential,300,3281,3535,1149,63.3594,63.3554,63.3745,8.7032
E1,1000 shared,block_poisoner,counter 4/10 min + sequential,301,1094,1100,1218,64.6962,64.6169,65.0442,1.9704
E1,1000 shared,block_poisoner,counter 4/10 min + sequential,302,1273,1293,1233,67.721,67.2962,69.6035,2.0276
E1,1000 shared,block_poisoner,counter 4/10 min + sequential,303,1421,1436,1231,64.4192,64.6107,63.6364,2.1121
E1,1000 shared,block_poisoner,counter 4/10 min + sequential,304,3080,3277,1168,64.1267,63.7339,65.678,6.5925
E1,1000 shared,block_poisoner,counter 4/10 min + sequential,305,892,896,1137,61.9173,62.2807,60.4444,1.9349
E1,1000 shared,block_poisoner,counter 4/10 min + sequential,306,2833,2953,1189,65.6854,65.7476,65.4472,6.3919
E1,1000 shared,block_poisoner,counter 4/10 min + sequential,307,1564,1585,1189,64.1716,64.5811,62.6016,1.9344
E1,1000 shared,block_poisoner,counter 4/10 min + sequential,308,2470,2571,1147,64.2546,63.9326,65.3696,3.8361
E1,1000 shared,block_poisoner,counter 4/10 min + sequential,309,1385,1400,1175,63.7447,62.7535,67.6471,1.9574
E1,1000 shared,block_poisoner,counter 4/10 min + trust budget,300,3501,3535,1149,63.3594,63.3554,63.3745,3.3072
E1,1000 shared,block_poisoner,counter 4/10 min + trust budget,301,1097,1100,1218,64.6962,64.6169,65.0442,1.8062
E1,1000 shared,block_poisoner,counter 4/10 min + trust budget,302,1285,1293,1233,67.8832,67.495,69.6035,1.3788
E1,1000 shared,block_poisoner,counter 4/10 min + trust budget,303,1429,1436,1231,64.4192,64.6107,63.6364,1.9496
E1,1000 shared,block_poisoner,counter 4/10 min + trust budget,304,3246,3277,1168,64.4692,64.1631,65.678,2.9966
E1,1000 shared,block_poisoner,counter 4/10 min + trust budget,305,895,896,1137,61.9173,62.2807,60.4444,1.6711
E1,1000 shared,block_poisoner,counter 4/10 min + trust budget,306,2931,2953,1189,65.9378,66.0657,65.4472,2.6913
E1,1000 shared,block_poisoner,counter 4/10 min + trust budget,307,1573,1585,1189,64.1716,64.5811,62.6016,1.6821
E1,1000 shared,block_poisoner,counter 4/10 min + trust budget,308,2545,2571,1147,64.3418,64.0449,65.3696,1.918
E1,1000 shared,block_poisoner,counter 4/10 min + trust budget,309,1392,1400,1175,63.7447,62.7535,67.6471,1.3617
E1,uniform independent,concentrated_pumper_no_verify,none,300,332,3518,1161,67.0973,67.4218,65.812,1.9811
E1,uniform independent,concentrated_pumper_no_verify,none,301,382,1110,1225,62.7755,61.5226,67.5889,1.7959
E1,uniform independent,concentrated_pumper_no_verify,none,302,399,1243,1230,65.8537,65.9252,65.5602,1.1382
E1,uniform independent,concentrated_pumper_no_verify,none,303,376,1444,1172,63.6519,63.6076,63.8393,1.9625
E1,uniform independent,concentrated_pumper_no_verify,none,304,334,3253,1267,63.2991,63.5742,62.1399,1.8942
E1,uniform independent,concentrated_pumper_no_verify,none,305,333,796,1169,65.0984,65.1531,64.8649,1.4542
E1,uniform independent,concentrated_pumper_no_verify,none,306,330,2907,1210,63.6364,63.4969,64.2241,1.8182
E1,uniform independent,concentrated_pumper_no_verify,none,307,381,1586,1252,64.1374,64.3211,63.3745,1.8371
E1,uniform independent,concentrated_pumper_no_verify,none,308,333,2640,1208,65.149,64.876,66.25,1.6556
E1,uniform independent,concentrated_pumper_no_verify,none,309,358,1420,1153,63.5733,62.7263,67.2897,0.2602
E1,uniform independent,concentrated_pumper_no_verify,sequential T1000 c1,300,185,3518,1161,67.0973,67.4218,65.812,1.8949
E1,uniform independent,concentrated_pumper_no_verify,sequential T1000 c1,301,56,1110,1225,62.6939,61.4198,67.5889,1.7959
E1,uniform independent,concentrated_pumper_no_verify,sequential T1000 c1,302,74,1243,1230,65.935,66.0263,65.5602,1.0569
E1,uniform independent,concentrated_pumper_no_verify,sequential T1000 c1,303,85,1444,1172,63.6519,63.6076,63.8393,1.9625
E1,uniform independent,concentrated_pumper_no_verify,sequential T1000 c1,304,148,3253,1267,63.2991,63.5742,62.1399,1.8942
E1,uniform independent,concentrated_pumper_no_verify,sequential T1000 c1,305,58,796,1169,65.0984,65.1531,64.8649,1.3687
E1,uniform independent,concentrated_pumper_no_verify,sequential T1000 c1,306,147,2907,1210,63.6364,63.4969,64.2241,1.6529
E1,uniform independent,concentrated_pumper_no_verify,sequential T1000 c1,307,105,1586,1252,64.1374,64.3211,63.3745,1.8371
E1,uniform independent,concentrated_pumper_no_verify,sequential T1000 c1,308,135,2640,1208,65.149,64.876,66.25,1.6556
E1,uniform independent,concentrated_pumper_no_verify,sequential T1000 c1,309,83,1420,1153,63.5733,62.7263,67.2897,0.2602
E1,uniform independent,concentrated_pumper_no_verify,sequential T300 c0,300,185,3518,1161,67.0973,67.4218,65.812,1.8949
E1,uniform independent,concentrated_pumper_no_verify,sequential T300 c0,301,56,1110,1225,62.6939,61.4198,67.5889,1.7959
E1,uniform independent,concentrated_pumper_no_verify,sequential T300 c0,302,65,1243,1230,65.935,66.0263,65.5602,1.0569
E1,uniform independent,concentrated_pumper_no_verify,sequential T300 c0,303,81,1444,1172,63.6519,63.6076,63.8393,1.9625
E1,uniform independent,concentrated_pumper_no_verify,sequential T300 c0,304,148,3253,1267,63.2991,63.5742,62.1399,1.8942
E1,uniform independent,concentrated_pumper_no_verify,sequential T300 c0,305,51,796,1169,65.0984,65.1531,64.8649,1.3687
E1,uniform independent,concentrated_pumper_no_verify,sequential T300 c0,306,147,2907,1210,63.6364,63.4969,64.2241,1.6529
E1,uniform independent,concentrated_pumper_no_verify,sequential T300 c0,307,105,1586,1252,64.1374,64.3211,63.3745,1.8371
E1,uniform independent,concentrated_pumper_no_verify,sequential T300 c0,308,135,2640,1208,65.149,64.876,66.25,1.6556
E1,uniform independent,concentrated_pumper_no_verify,sequential T300 c0,309,78,1420,1153,63.5733,62.7263,67.2897,0.2602
E1,uniform independent,concentrated_pumper_no_verify,counter graded 1/10 min,300,18,3518,1161,66.7528,66.9903,65.812,4.6512
E1,uniform independent,concentrated_pumper_no_verify,counter graded 1/10 min,301,18,1110,1225,62.5306,61.214,67.5889,5.3878
E1,uniform independent,concentrated_pumper_no_verify,counter graded 1/10 min,302,18,1243,1230,65.7724,65.8241,65.5602,3.4959
E1,uniform independent,concentrated_pumper_no_verify,counter graded 1/10 min,303,19,1444,1172,63.4812,63.3966,63.8393,3.8396
E1,uniform independent,concentrated_pumper_no_verify,counter graded 1/10 min,304,18,3253,1267,63.2202,63.4766,62.1399,4.1042
E1,uniform independent,concentrated_pumper_no_verify,counter graded 1/10 min,305,18,796,1169,65.0128,65.0475,64.8649,3.3362
E1,uniform independent,concentrated_pumper_no_verify,counter graded 1/10 min,306,18,2907,1210,63.3058,63.0879,64.2241,4.4628
E1,uniform independent,concentrated_pumper_no_verify,counter graded 1/10 min,307,18,1586,1252,63.8978,64.0238,63.3745,4.3131
E1,uniform independent,concentrated_pumper_no_verify,counter graded 1/10 min,308,18,2640,1208,65.0662,64.7727,66.25,3.7252
E1,uniform independent,concentrated_pumper_no_verify,counter graded 1/10 min,309,18,1420,1153,63.5733,62.7263,67.2897,2.255
E1,uniform independent,concentrated_pumper_no_verify,token bucket 4/10 min burst 4,300,66,3518,1161,67.0973,67.4218,65.812,1.8949
E1,uniform independent,concentrated_pumper_no_verify,token bucket 4/10 min burst 4,301,81,1110,1225,62.7755,61.5226,67.5889,1.9592
E1,uniform independent,concentrated_pumper_no_verify,token bucket 4/10 min burst 4,302,81,1243,1230,65.935,66.0263,65.5602,1.1382
E1,uniform independent,concentrated_pumper_no_verify,token bucket 4/10 min burst 4,303,82,1444,1172,63.6519,63.6076,63.8393,2.0478
E1,uniform independent,concentrated_pumper_no_verify,token bucket 4/10 min burst 4,304,78,3253,1267,63.2991,63.5742,62.1399,1.8942
E1,uniform independent,concentrated_pumper_no_verify,token bucket 4/10 min burst 4,305,81,796,1169,65.0984,65.1531,64.8649,1.3687
E1,uniform independent,concentrated_pumper_no_verify,token bucket 4/10 min burst 4,306,79,2907,1210,63.6364,63.4969,64.2241,1.6529
E1,uniform independent,concentrated_pumper_no_verify,token bucket 4/10 min burst 4,307,81,1586,1252,64.1374,64.3211,63.3745,1.9169
E1,uniform independent,concentrated_pumper_no_verify,token bucket 4/10 min burst 4,308,81,2640,1208,65.149,64.876,66.25,1.6556
E1,uniform independent,concentrated_pumper_no_verify,token bucket 4/10 min burst 4,309,81,1420,1153,63.5733,62.7263,67.2897,0.2602
E1,uniform independent,concentrated_pumper_no_verify,token bucket 4/10 min burst 12,300,82,3518,1161,67.0973,67.4218,65.812,1.8949
E1,uniform independent,concentrated_pumper_no_verify,token bucket 4/10 min burst 12,301,105,1110,1225,62.7755,61.5226,67.5889,1.9592
E1,uniform independent,concentrated_pumper_no_verify,token bucket 4/10 min burst 12,302,105,1243,1230,65.935,66.0263,65.5602,1.1382
E1,uniform independent,concentrated_pumper_no_verify,token bucket 4/10 min burst 12,303,106,1444,1172,63.6519,63.6076,63.8393,2.0478
E1,uniform independent,concentrated_pumper_no_verify,token bucket 4/10 min burst 12,304,102,3253,1267,63.2991,63.5742,62.1399,1.8942
E1,uniform independent,concentrated_pumper_no_verify,token bucket 4/10 min burst 12,305,105,796,1169,65.0984,65.1531,64.8649,1.3687
E1,uniform independent,concentrated_pumper_no_verify,token bucket 4/10 min burst 12,306,103,2907,1210,63.6364,63.4969,64.2241,1.6529
E1,uniform independent,concentrated_pumper_no_verify,token bucket 4/10 min burst 12,307,105,1586,1252,64.0575,64.222,63.3745,1.9169
E1,uniform independent,concentrated_pumper_no_verify,token bucket 4/10 min burst 12,308,105,2640,1208,65.149,64.876,66.25,1.6556
E1,uniform independent,concentrated_pumper_no_verify,token bucket 4/10 min burst 12,309,105,1420,1153,63.5733,62.7263,67.2897,0.2602
E1,uniform independent,concentrated_pumper_no_verify,counter 4/10 min + sequential,300,20,3518,1161,67.1835,67.5297,65.812,1.9811
E1,uniform independent,concentrated_pumper_no_verify,counter 4/10 min + sequential,301,24,1110,1225,62.7755,61.5226,67.5889,1.9592
E1,uniform independent,concentrated_pumper_no_verify,counter 4/10 min + sequential,302,22,1243,1230,65.935,66.0263,65.5602,1.1382
E1,uniform independent,concentrated_pumper_no_verify,counter 4/10 min + sequential,303,25,1444,1172,63.6519,63.6076,63.8393,2.0478
E1,uniform independent,concentrated_pumper_no_verify,counter 4/10 min + sequential,304,24,3253,1267,63.2991,63.5742,62.1399,1.8942
E1,uniform independent,concentrated_pumper_no_verify,counter 4/10 min + sequential,305,24,796,1169,65.0984,65.1531,64.8649,1.3687
E1,uniform independent,concentrated_pumper_no_verify,counter 4/10 min + sequential,306,23,2907,1210,63.6364,63.4969,64.2241,1.6529
E1,uniform independent,concentrated_pumper_no_verify,counter 4/10 min + sequential,307,24,1586,1252,64.1374,64.3211,63.3745,1.9169
E1,uniform independent,concentrated_pumper_no_verify,counter 4/10 min + sequential,308,24,2640,1208,65.149,64.876,66.25,1.7384
E1,uniform independent,concentrated_pumper_no_verify,counter 4/10 min + sequential,309,24,1420,1153,63.5733,62.7263,67.2897,0.2602
E1,uniform independent,concentrated_pumper_no_verify,counter 4/10 min + trust budget,300,61,3518,1161,67.0973,67.4218,65.812,1.8949
E1,uniform independent,concentrated_pumper_no_verify,counter 4/10 min + trust budget,301,72,1110,1225,62.7755,61.5226,67.5889,1.9592
E1,uniform independent,concentrated_pumper_no_verify,counter 4/10 min + trust budget,302,78,1243,1230,65.935,66.0263,65.5602,1.1382
E1,uniform independent,concentrated_pumper_no_verify,counter 4/10 min + trust budget,303,73,1444,1172,63.6519,63.6076,63.8393,2.0478
E1,uniform independent,concentrated_pumper_no_verify,counter 4/10 min + trust budget,304,71,3253,1267,63.2991,63.5742,62.1399,1.8942
E1,uniform independent,concentrated_pumper_no_verify,counter 4/10 min + trust budget,305,72,796,1169,65.0984,65.1531,64.8649,1.3687
E1,uniform independent,concentrated_pumper_no_verify,counter 4/10 min + trust budget,306,75,2907,1210,63.6364,63.4969,64.2241,1.6529
E1,uniform independent,concentrated_pumper_no_verify,counter 4/10 min + trust budget,307,72,1586,1252,64.1374,64.3211,63.3745,1.9169
E1,uniform independent,concentrated_pumper_no_verify,counter 4/10 min + trust budget,308,72,2640,1208,65.149,64.876,66.25,1.6556
E1,uniform independent,concentrated_pumper_no_verify,counter 4/10 min + trust budget,309,72,1420,1153,63.5733,62.7263,67.2897,0.2602
E1,uniform independent,concentrated_pumper_verifies_instantly,none,300,3430,3518,1161,66.3221,66.4509,65.812,6.8906
E1,uniform independent,concentrated_pumper_verifies_instantly,none,301,1105,1110,1225,62.7755,61.5226,67.5889,1.7959
E1,uniform independent,concentrated_pumper_verifies_instantly,none,302,1232,1243,1230,65.935,66.0263,65.5602,1.9512
E1,uniform independent,concentrated_pumper_verifies_instantly,none,303,1432,1444,1172,63.6519,63.6076,63.8393,2.1331
E1,uniform independent,concentrated_pumper_verifies_instantly,none,304,3167,3253,1267,62.9834,63.1836,62.1399,6.3931
E1,uniform independent,concentrated_pumper_verifies_instantly,none,305,789,796,1169,65.0984,65.1531,64.8649,1.882
E1,uniform independent,concentrated_pumper_verifies_instantly,none,306,2849,2907,1210,63.3058,63.0879,64.2241,5.0413
E1,uniform independent,concentrated_pumper_verifies_instantly,none,307,1571,1586,1252,64.1374,64.3211,63.3745,2.5559
E1,uniform independent,concentrated_pumper_verifies_instantly,none,308,2593,2640,1208,64.4868,64.0496,66.25,6.043
E1,uniform independent,concentrated_pumper_verifies_instantly,none,309,1404,1420,1153,63.3131,62.4068,67.2897,1.9081
E1,uniform independent,concentrated_pumper_verifies_instantly,sequential T1000 c1,300,20,3518,1161,67.1835,67.5297,65.812,1.9811
E1,uniform independent,concentrated_pumper_verifies_instantly,sequential T1000 c1,301,18,1110,1225,62.7755,61.5226,67.5889,1.9592
E1,uniform independent,concentrated_pumper_verifies_instantly,sequential T1000 c1,302,20,1243,1230,65.935,66.0263,65.5602,1.1382
E1,uniform independent,concentrated_pumper_verifies_instantly,sequential T1000 c1,303,20,1444,1172,63.6519,63.6076,63.8393,2.0478
E1,uniform independent,concentrated_pumper_verifies_instantly,sequential T1000 c1,304,22,3253,1267,63.2991,63.5742,62.1399,1.8942
E1,uniform independent,concentrated_pumper_verifies_instantly,sequential T1000 c1,305,19,796,1169,65.0984,65.1531,64.8649,1.3687
E1,uniform independent,concentrated_pumper_verifies_instantly,sequential T1000 c1,306,22,2907,1210,63.6364,63.4969,64.2241,1.6529
E1,uniform independent,concentrated_pumper_verifies_instantly,sequential T1000 c1,307,16,1586,1252,64.1374,64.3211,63.3745,1.9169
E1,uniform independent,concentrated_pumper_verifies_instantly,sequential T1000 c1,308,19,2640,1208,65.149,64.876,66.25,1.7384
E1,uniform independent,concentrated_pumper_verifies_instantly,sequential T1000 c1,309,16,1420,1153,63.5733,62.7263,67.2897,0.2602
E1,uniform independent,concentrated_pumper_verifies_instantly,sequential T300 c0,300,18,3518,1161,67.1835,67.5297,65.812,1.9811
E1,uniform independent,concentrated_pumper_verifies_instantly,sequential T300 c0,301,14,1110,1225,62.7755,61.5226,67.5889,1.9592
E1,uniform independent,concentrated_pumper_verifies_instantly,sequential T300 c0,302,15,1243,1230,65.935,66.0263,65.5602,1.1382
E1,uniform independent,concentrated_pumper_verifies_instantly,sequential T300 c0,303,13,1444,1172,63.6519,63.6076,63.8393,2.0478
E1,uniform independent,concentrated_pumper_verifies_instantly,sequential T300 c0,304,20,3253,1267,63.2991,63.5742,62.1399,1.8942
E1,uniform independent,concentrated_pumper_verifies_instantly,sequential T300 c0,305,15,796,1169,65.0984,65.1531,64.8649,1.3687
E1,uniform independent,concentrated_pumper_verifies_instantly,sequential T300 c0,306,16,2907,1210,63.6364,63.4969,64.2241,1.6529
E1,uniform independent,concentrated_pumper_verifies_instantly,sequential T300 c0,307,15,1586,1252,64.1374,64.3211,63.3745,1.9169
E1,uniform independent,concentrated_pumper_verifies_instantly,sequential T300 c0,308,18,2640,1208,65.149,64.876,66.25,1.7384
E1,uniform independent,concentrated_pumper_verifies_instantly,sequential T300 c0,309,13,1420,1153,63.5733,62.7263,67.2897,0.2602
E1,uniform independent,concentrated_pumper_verifies_instantly,counter graded 1/10 min,300,20,3518,1161,66.7528,66.9903,65.812,4.6512
E1,uniform independent,concentrated_pumper_verifies_instantly,counter graded 1/10 min,301,19,1110,1225,62.5306,61.214,67.5889,5.3878
E1,uniform independent,concentrated_pumper_verifies_instantly,counter graded 1/10 min,302,19,1243,1230,65.7724,65.8241,65.5602,3.4959
E1,uniform independent,concentrated_pumper_verifies_instantly,counter graded 1/10 min,303,19,1444,1172,63.4812,63.3966,63.8393,3.8396
E1,uniform independent,concentrated_pumper_verifies_instantly,counter graded 1/10 min,304,19,3253,1267,63.2202,63.4766,62.1399,4.1042
E1,uniform independent,concentrated_pumper_verifies_instantly,counter graded 1/10 min,305,18,796,1169,65.0128,65.0475,64.8649,3.3362
E1,uniform independent,concentrated_pumper_verifies_instantly,counter graded 1/10 min,306,18,2907,1210,63.3058,63.0879,64.2241,4.4628
E1,uniform independent,concentrated_pumper_verifies_instantly,counter graded 1/10 min,307,18,1586,1252,63.8978,64.0238,63.3745,4.3131
E1,uniform independent,concentrated_pumper_verifies_instantly,counter graded 1/10 min,308,18,2640,1208,65.0662,64.7727,66.25,3.7252
E1,uniform independent,concentrated_pumper_verifies_instantly,counter graded 1/10 min,309,18,1420,1153,63.5733,62.7263,67.2897,2.255
E1,uniform independent,concentrated_pumper_verifies_instantly,token bucket 4/10 min burst 4,300,85,3518,1161,67.1835,67.5297,65.812,1.9811
E1,uniform independent,concentrated_pumper_verifies_instantly,token bucket 4/10 min burst 4,301,84,1110,1225,62.7755,61.5226,67.5889,1.9592
E1,uniform independent,concentrated_pumper_verifies_instantly,token bucket 4/10 min burst 4,302,84,1243,1230,65.935,66.0263,65.5602,1.1382
E1,uniform independent,concentrated_pumper_verifies_instantly,token bucket 4/10 min burst 4,303,83,1444,1172,63.6519,63.6076,63.8393,2.0478
E1,uniform independent,concentrated_pumper_verifies_instantly,token bucket 4/10 min burst 4,304,85,3253,1267,63.2991,63.5742,62.1399,1.8942
E1,uniform independent,concentrated_pumper_verifies_instantly,token bucket 4/10 min burst 4,305,83,796,1169,65.0984,65.1531,64.8649,1.3687
E1,uniform independent,concentrated_pumper_verifies_instantly,token bucket 4/10 min burst 4,306,85,2907,1210,63.6364,63.4969,64.2241,1.6529
E1,uniform independent,concentrated_pumper_verifies_instantly,token bucket 4/10 min burst 4,307,83,1586,1252,64.1374,64.3211,63.3745,1.9169
E1,uniform independent,concentrated_pumper_verifies_instantly,token bucket 4/10 min burst 4,308,86,2640,1208,65.0662,64.7727,66.25,1.7384
E1,uniform independent,concentrated_pumper_verifies_instantly,token bucket 4/10 min burst 4,309,85,1420,1153,63.5733,62.7263,67.2897,0.2602
E1,uniform independent,concentrated_pumper_verifies_instantly,token bucket 4/10 min burst 12,300,112,3518,1161,67.1835,67.5297,65.812,1.9811
E1,uniform independent,concentrated_pumper_verifies_instantly,token bucket 4/10 min burst 12,301,109,1110,1225,62.7755,61.5226,67.5889,1.9592
E1,uniform independent,concentrated_pumper_verifies_instantly,token bucket 4/10 min burst 12,302,108,1243,1230,65.935,66.0263,65.5602,1.1382
E1,uniform independent,concentrated_pumper_verifies_instantly,token bucket 4/10 min burst 12,303,108,1444,1172,63.6519,63.6076,63.8393,2.0478
E1,uniform independent,concentrated_pumper_verifies_instantly,token bucket 4/10 min burst 12,304,112,3253,1267,63.2991,63.5742,62.1399,1.8942
E1,uniform independent,concentrated_pumper_verifies_instantly,token bucket 4/10 min burst 12,305,107,796,1169,65.0984,65.1531,64.8649,1.3687
E1,uniform independent,concentrated_pumper_verifies_instantly,token bucket 4/10 min burst 12,306,111,2907,1210,63.6364,63.4969,64.2241,1.6529
E1,uniform independent,concentrated_pumper_verifies_instantly,token bucket 4/10 min burst 12,307,110,1586,1252,64.1374,64.3211,63.3745,1.9169
E1,uniform independent,concentrated_pumper_verifies_instantly,token bucket 4/10 min burst 12,308,112,2640,1208,65.0662,64.7727,66.25,1.7384
E1,uniform independent,concentrated_pumper_verifies_instantly,token bucket 4/10 min burst 12,309,110,1420,1153,63.5733,62.7263,67.2897,0.2602
E1,uniform independent,concentrated_pumper_verifies_instantly,counter 4/10 min + sequential,300,21,3518,1161,67.1835,67.5297,65.812,1.9811
E1,uniform independent,concentrated_pumper_verifies_instantly,counter 4/10 min + sequential,301,18,1110,1225,62.7755,61.5226,67.5889,1.9592
E1,uniform independent,concentrated_pumper_verifies_instantly,counter 4/10 min + sequential,302,19,1243,1230,65.935,66.0263,65.5602,1.1382
E1,uniform independent,concentrated_pumper_verifies_instantly,counter 4/10 min + sequential,303,19,1444,1172,63.6519,63.6076,63.8393,2.0478
E1,uniform independent,concentrated_pumper_verifies_instantly,counter 4/10 min + sequential,304,24,3253,1267,63.2991,63.5742,62.1399,1.8942
E1,uniform independent,concentrated_pumper_verifies_instantly,counter 4/10 min + sequential,305,15,796,1169,65.0984,65.1531,64.8649,1.3687
E1,uniform independent,concentrated_pumper_verifies_instantly,counter 4/10 min + sequential,306,21,2907,1210,63.6364,63.4969,64.2241,1.6529
E1,uniform independent,concentrated_pumper_verifies_instantly,counter 4/10 min + sequential,307,18,1586,1252,64.1374,64.3211,63.3745,1.9169
E1,uniform independent,concentrated_pumper_verifies_instantly,counter 4/10 min + sequential,308,17,2640,1208,65.149,64.876,66.25,1.7384
E1,uniform independent,concentrated_pumper_verifies_instantly,counter 4/10 min + sequential,309,15,1420,1153,63.5733,62.7263,67.2897,0.2602
E1,uniform independent,concentrated_pumper_verifies_instantly,counter 4/10 min + trust budget,300,77,3518,1161,67.1835,67.5297,65.812,1.9811
E1,uniform independent,concentrated_pumper_verifies_instantly,counter 4/10 min + trust budget,301,74,1110,1225,62.7755,61.5226,67.5889,1.9592
E1,uniform independent,concentrated_pumper_verifies_instantly,counter 4/10 min + trust budget,302,81,1243,1230,65.935,66.0263,65.5602,1.1382
E1,uniform independent,concentrated_pumper_verifies_instantly,counter 4/10 min + trust budget,303,74,1444,1172,63.6519,63.6076,63.8393,2.0478
E1,uniform independent,concentrated_pumper_verifies_instantly,counter 4/10 min + trust budget,304,78,3253,1267,63.2991,63.5742,62.1399,1.8942
E1,uniform independent,concentrated_pumper_verifies_instantly,counter 4/10 min + trust budget,305,74,796,1169,65.0984,65.1531,64.8649,1.3687
E1,uniform independent,concentrated_pumper_verifies_instantly,counter 4/10 min + trust budget,306,80,2907,1210,63.6364,63.4969,64.2241,1.6529
E1,uniform independent,concentrated_pumper_verifies_instantly,counter 4/10 min + trust budget,307,73,1586,1252,64.1374,64.3211,63.3745,1.9169
E1,uniform independent,concentrated_pumper_verifies_instantly,counter 4/10 min + trust budget,308,77,2640,1208,65.0662,64.7727,66.25,1.7384
E1,uniform independent,concentrated_pumper_verifies_instantly,counter 4/10 min + trust budget,309,72,1420,1153,63.5733,62.7263,67.2897,0.2602
E1,uniform independent,concentrated_pumper_verifies_humanlike,none,300,3489,3518,1161,67.1835,67.5297,65.812,1.8949
E1,uniform independent,concentrated_pumper_verifies_humanlike,none,301,1107,1110,1225,62.7755,61.5226,67.5889,1.7959
E1,uniform independent,concentrated_pumper_verifies_humanlike,none,302,1234,1243,1230,65.935,66.0263,65.5602,1.0569
E1,uniform independent,concentrated_pumper_verifies_humanlike,none,303,1438,1444,1172,63.6519,63.6076,63.8393,1.9625
E1,uniform independent,concentrated_pumper_verifies_humanlike,none,304,3229,3253,1267,63.2991,63.5742,62.1399,1.8942
E1,uniform independent,concentrated_pumper_verifies_humanlike,none,305,789,796,1169,65.0984,65.1531,64.8649,1.3687
E1,uniform independent,concentrated_pumper_verifies_humanlike,none,306,2885,2907,1210,63.6364,63.4969,64.2241,1.6529
E1,uniform independent,concentrated_pumper_verifies_humanlike,none,307,1577,1586,1252,64.1374,64.3211,63.3745,1.8371
E1,uniform independent,concentrated_pumper_verifies_humanlike,none,308,2625,2640,1208,65.149,64.876,66.25,1.6556
E1,uniform independent,concentrated_pumper_verifies_humanlike,none,309,1409,1420,1153,63.5733,62.7263,67.2897,0.2602
E1,uniform independent,concentrated_pumper_verifies_humanlike,sequential T1000 c1,300,296,3518,1161,67.0973,67.4218,65.812,1.8949
E1,uniform independent,concentrated_pumper_verifies_humanlike,sequential T1000 c1,301,1099,1110,1225,62.7755,61.5226,67.5889,1.7959
E1,uniform independent,concentrated_pumper_verifies_humanlike,sequential T1000 c1,302,1234,1243,1230,65.935,66.0263,65.5602,1.0569
E1,uniform independent,concentrated_pumper_verifies_humanlike,sequential T1000 c1,303,1420,1444,1172,63.6519,63.6076,63.8393,1.9625
E1,uniform independent,concentrated_pumper_verifies_humanlike,sequential T1000 c1,304,508,3253,1267,63.2991,63.5742,62.1399,1.8942
E1,uniform independent,concentrated_pumper_verifies_humanlike,sequential T1000 c1,305,789,796,1169,65.0984,65.1531,64.8649,1.3687
E1,uniform independent,concentrated_pumper_verifies_humanlike,sequential T1000 c1,306,498,2907,1210,63.6364,63.4969,64.2241,1.6529
E1,uniform independent,concentrated_pumper_verifies_humanlike,sequential T1000 c1,307,1134,1586,1252,64.1374,64.3211,63.3745,1.8371
E1,uniform independent,concentrated_pumper_verifies_humanlike,sequential T1000 c1,308,923,2640,1208,65.149,64.876,66.25,1.6556
E1,uniform independent,concentrated_pumper_verifies_humanlike,sequential T1000 c1,309,1021,1420,1153,63.5733,62.7263,67.2897,0.2602
E1,uniform independent,concentrated_pumper_verifies_humanlike,sequential T300 c0,300,198,3518,1161,67.0973,67.4218,65.812,1.8949
E1,uniform independent,concentrated_pumper_verifies_humanlike,sequential T300 c0,301,84,1110,1225,62.7755,61.5226,67.5889,1.9592
E1,uniform independent,concentrated_pumper_verifies_humanlike,sequential T300 c0,302,133,1243,1230,65.935,66.0263,65.5602,1.0569
E1,uniform independent,concentrated_pumper_verifies_humanlike,sequential T300 c0,303,151,1444,1172,63.6519,63.6076,63.8393,1.9625
E1,uniform independent,concentrated_pumper_verifies_humanlike,sequential T300 c0,304,172,3253,1267,63.2991,63.5742,62.1399,1.8942
E1,uniform independent,concentrated_pumper_verifies_humanlike,sequential T300 c0,305,113,796,1169,65.0984,65.1531,64.8649,1.3687
E1,uniform independent,concentrated_pumper_verifies_humanlike,sequential T300 c0,306,198,2907,1210,63.6364,63.4969,64.2241,1.6529
E1,uniform independent,concentrated_pumper_verifies_humanlike,sequential T300 c0,307,125,1586,1252,64.1374,64.3211,63.3745,1.8371
E1,uniform independent,concentrated_pumper_verifies_humanlike,sequential T300 c0,308,182,2640,1208,65.149,64.876,66.25,1.6556
E1,uniform independent,concentrated_pumper_verifies_humanlike,sequential T300 c0,309,130,1420,1153,63.5733,62.7263,67.2897,0.2602
E1,uniform independent,concentrated_pumper_verifies_humanlike,counter graded 1/10 min,300,19,3518,1161,66.7528,66.9903,65.812,4.6512
E1,uniform independent,concentrated_pumper_verifies_humanlike,counter graded 1/10 min,301,19,1110,1225,62.5306,61.214,67.5889,5.3878
E1,uniform independent,concentrated_pumper_verifies_humanlike,counter graded 1/10 min,302,19,1243,1230,65.7724,65.8241,65.5602,3.4959
E1,uniform independent,concentrated_pumper_verifies_humanlike,counter graded 1/10 min,303,19,1444,1172,63.4812,63.3966,63.8393,3.8396
E1,uniform independent,concentrated_pumper_verifies_humanlike,counter graded 1/10 min,304,19,3253,1267,63.2202,63.4766,62.1399,4.1042
E1,uniform independent,concentrated_pumper_verifies_humanlike,counter graded 1/10 min,305,18,796,1169,65.0128,65.0475,64.8649,3.3362
E1,uniform independent,concentrated_pumper_verifies_humanlike,counter graded 1/10 min,306,18,2907,1210,63.3058,63.0879,64.2241,4.4628
E1,uniform independent,concentrated_pumper_verifies_humanlike,counter graded 1/10 min,307,18,1586,1252,63.8978,64.0238,63.3745,4.3131
E1,uniform independent,concentrated_pumper_verifies_humanlike,counter graded 1/10 min,308,18,2640,1208,65.0662,64.7727,66.25,3.7252
E1,uniform independent,concentrated_pumper_verifies_humanlike,counter graded 1/10 min,309,18,1420,1153,63.5733,62.7263,67.2897,2.255
E1,uniform independent,concentrated_pumper_verifies_humanlike,token bucket 4/10 min burst 4,300,84,3518,1161,67.1835,67.5297,65.812,1.9811
E1,uniform independent,concentrated_pumper_verifies_humanlike,token bucket 4/10 min burst 4,301,83,1110,1225,62.7755,61.5226,67.5889,1.9592
E1,uniform independent,concentrated_pumper_verifies_humanlike,token bucket 4/10 min burst 4,302,84,1243,1230,65.935,66.0263,65.5602,1.1382
E1,uniform independent,concentrated_pumper_verifies_humanlike,token bucket 4/10 min burst 4,303,82,1444,1172,63.6519,63.6076,63.8393,2.0478
E1,uniform independent,concentrated_pumper_verifies_humanlike,token bucket 4/10 min burst 4,304,83,3253,1267,63.2991,63.5742,62.1399,1.8942
E1,uniform independent,concentrated_pumper_verifies_humanlike,token bucket 4/10 min burst 4,305,81,796,1169,65.0984,65.1531,64.8649,1.3687
E1,uniform independent,concentrated_pumper_verifies_humanlike,token bucket 4/10 min burst 4,306,82,2907,1210,63.6364,63.4969,64.2241,1.6529
E1,uniform independent,concentrated_pumper_verifies_humanlike,token bucket 4/10 min burst 4,307,82,1586,1252,64.1374,64.3211,63.3745,1.9169
E1,uniform independent,concentrated_pumper_verifies_humanlike,token bucket 4/10 min burst 4,308,83,2640,1208,65.149,64.876,66.25,1.6556
E1,uniform independent,concentrated_pumper_verifies_humanlike,token bucket 4/10 min burst 4,309,83,1420,1153,63.5733,62.7263,67.2897,0.2602
E1,uniform independent,concentrated_pumper_verifies_humanlike,token bucket 4/10 min burst 12,300,108,3518,1161,67.1835,67.5297,65.812,1.9811
E1,uniform independent,concentrated_pumper_verifies_humanlike,token bucket 4/10 min burst 12,301,107,1110,1225,62.7755,61.5226,67.5889,1.9592
E1,uniform independent,concentrated_pumper_verifies_humanlike,token bucket 4/10 min burst 12,302,108,1243,1230,65.935,66.0263,65.5602,1.1382
E1,uniform independent,concentrated_pumper_verifies_humanlike,token bucket 4/10 min burst 12,303,107,1444,1172,63.6519,63.6076,63.8393,2.0478
E1,uniform independent,concentrated_pumper_verifies_humanlike,token bucket 4/10 min burst 12,304,108,3253,1267,63.2991,63.5742,62.1399,1.8942
E1,uniform independent,concentrated_pumper_verifies_humanlike,token bucket 4/10 min burst 12,305,105,796,1169,65.0984,65.1531,64.8649,1.3687
E1,uniform independent,concentrated_pumper_verifies_humanlike,token bucket 4/10 min burst 12,306,108,2907,1210,63.6364,63.4969,64.2241,1.6529
E1,uniform independent,concentrated_pumper_verifies_humanlike,token bucket 4/10 min burst 12,307,108,1586,1252,64.1374,64.3211,63.3745,1.9169
E1,uniform independent,concentrated_pumper_verifies_humanlike,token bucket 4/10 min burst 12,308,108,2640,1208,65.149,64.876,66.25,1.6556
E1,uniform independent,concentrated_pumper_verifies_humanlike,token bucket 4/10 min burst 12,309,107,1420,1153,63.5733,62.7263,67.2897,0.2602
E1,uniform independent,concentrated_pumper_verifies_humanlike,counter 4/10 min + sequential,300,76,3518,1161,67.1835,67.5297,65.812,1.9811
E1,uniform independent,concentrated_pumper_verifies_humanlike,counter 4/10 min + sequential,301,74,1110,1225,62.7755,61.5226,67.5889,1.9592
E1,uniform independent,concentrated_pumper_verifies_humanlike,counter 4/10 min + sequential,302,81,1243,1230,65.935,66.0263,65.5602,1.1382
E1,uniform independent,concentrated_pumper_verifies_humanlike,counter 4/10 min + sequential,303,74,1444,1172,63.6519,63.6076,63.8393,2.0478
E1,uniform independent,concentrated_pumper_verifies_humanlike,counter 4/10 min + sequential,304,75,3253,1267,63.2991,63.5742,62.1399,1.8942
E1,uniform independent,concentrated_pumper_verifies_humanlike,counter 4/10 min + sequential,305,73,796,1169,65.0984,65.1531,64.8649,1.3687
E1,uniform independent,concentrated_pumper_verifies_humanlike,counter 4/10 min + sequential,306,77,2907,1210,63.6364,63.4969,64.2241,1.6529
E1,uniform independent,concentrated_pumper_verifies_humanlike,counter 4/10 min + sequential,307,73,1586,1252,64.1374,64.3211,63.3745,1.9169
E1,uniform independent,concentrated_pumper_verifies_humanlike,counter 4/10 min + sequential,308,59,2640,1208,65.149,64.876,66.25,1.7384
E1,uniform independent,concentrated_pumper_verifies_humanlike,counter 4/10 min + sequential,309,72,1420,1153,63.5733,62.7263,67.2897,0.2602
E1,uniform independent,concentrated_pumper_verifies_humanlike,counter 4/10 min + trust budget,300,76,3518,1161,67.1835,67.5297,65.812,1.9811
E1,uniform independent,concentrated_pumper_verifies_humanlike,counter 4/10 min + trust budget,301,74,1110,1225,62.7755,61.5226,67.5889,1.9592
E1,uniform independent,concentrated_pumper_verifies_humanlike,counter 4/10 min + trust budget,302,81,1243,1230,65.935,66.0263,65.5602,1.1382
E1,uniform independent,concentrated_pumper_verifies_humanlike,counter 4/10 min + trust budget,303,74,1444,1172,63.6519,63.6076,63.8393,2.0478
E1,uniform independent,concentrated_pumper_verifies_humanlike,counter 4/10 min + trust budget,304,75,3253,1267,63.2991,63.5742,62.1399,1.8942
E1,uniform independent,concentrated_pumper_verifies_humanlike,counter 4/10 min + trust budget,305,73,796,1169,65.0984,65.1531,64.8649,1.3687
E1,uniform independent,concentrated_pumper_verifies_humanlike,counter 4/10 min + trust budget,306,77,2907,1210,63.6364,63.4969,64.2241,1.6529
E1,uniform independent,concentrated_pumper_verifies_humanlike,counter 4/10 min + trust budget,307,73,1586,1252,64.1374,64.3211,63.3745,1.9169
E1,uniform independent,concentrated_pumper_verifies_humanlike,counter 4/10 min + trust budget,308,75,2640,1208,65.149,64.876,66.25,1.7384
E1,uniform independent,concentrated_pumper_verifies_humanlike,counter 4/10 min + trust budget,309,72,1420,1153,63.5733,62.7263,67.2897,0.2602
E1,uniform independent,concentrated_pumper_solves_challenges,none,300,474,3518,1161,66.9251,67.206,65.812,2.4978
E1,uniform independent,concentrated_pumper_solves_challenges,none,301,1021,1110,1225,62.7755,61.5226,67.5889,1.7959
E1,uniform independent,concentrated_pumper_solves_challenges,none,302,1128,1243,1230,65.8537,65.9252,65.5602,1.2195
E1,uniform independent,concentrated_pumper_solves_challenges,none,303,1168,1444,1172,63.6519,63.6076,63.8393,2.0478
E1,uniform independent,concentrated_pumper_solves_challenges,none,304,476,3253,1267,63.2991,63.5742,62.1399,1.8942
E1,uniform independent,concentrated_pumper_solves_challenges,none,305,789,796,1169,65.0984,65.1531,64.8649,1.7109
E1,uniform independent,concentrated_pumper_solves_challenges,none,306,554,2907,1210,63.5537,63.3947,64.2241,1.9835
E1,uniform independent,concentrated_pumper_solves_challenges,none,307,1162,1586,1252,64.1374,64.3211,63.3745,2.1565
E1,uniform independent,concentrated_pumper_solves_challenges,none,308,623,2640,1208,65.149,64.876,66.25,1.6556
E1,uniform independent,concentrated_pumper_solves_challenges,none,309,1125,1420,1153,63.5733,62.7263,67.2897,0.6071
E1,uniform independent,concentrated_pumper_solves_challenges,sequential T1000 c1,300,185,3518,1161,67.0973,67.4218,65.812,1.8949
E1,uniform independent,concentrated_pumper_solves_challenges,sequential T1000 c1,301,65,1110,1225,62.6939,61.4198,67.5889,1.7959
E1,uniform independent,concentrated_pumper_solves_challenges,sequential T1000 c1,302,74,1243,1230,65.935,66.0263,65.5602,1.0569
E1,uniform independent,concentrated_pumper_solves_challenges,sequential T1000 c1,303,85,1444,1172,63.6519,63.6076,63.8393,1.9625
E1,uniform independent,concentrated_pumper_solves_challenges,sequential T1000 c1,304,148,3253,1267,63.2991,63.5742,62.1399,1.8942
E1,uniform independent,concentrated_pumper_solves_challenges,sequential T1000 c1,305,65,796,1169,65.0984,65.1531,64.8649,1.3687
E1,uniform independent,concentrated_pumper_solves_challenges,sequential T1000 c1,306,147,2907,1210,63.6364,63.4969,64.2241,1.6529
E1,uniform independent,concentrated_pumper_solves_challenges,sequential T1000 c1,307,105,1586,1252,64.1374,64.3211,63.3745,1.8371
E1,uniform independent,concentrated_pumper_solves_challenges,sequential T1000 c1,308,135,2640,1208,65.149,64.876,66.25,1.6556
E1,uniform independent,concentrated_pumper_solves_challenges,sequential T1000 c1,309,104,1420,1153,63.5733,62.7263,67.2897,0.2602
E1,uniform independent,concentrated_pumper_solves_challenges,sequential T300 c0,300,185,3518,1161,67.0973,67.4218,65.812,1.8949
E1,uniform independent,concentrated_pumper_solves_challenges,sequential T300 c0,301,65,1110,1225,62.6939,61.4198,67.5889,1.7959
E1,uniform independent,concentrated_pumper_solves_challenges,sequential T300 c0,302,74,1243,1230,65.935,66.0263,65.5602,1.0569
E1,uniform independent,concentrated_pumper_solves_challenges,sequential T300 c0,303,85,1444,1172,63.6519,63.6076,63.8393,1.9625
E1,uniform independent,concentrated_pumper_solves_challenges,sequential T300 c0,304,148,3253,1267,63.2991,63.5742,62.1399,1.8942
E1,uniform independent,concentrated_pumper_solves_challenges,sequential T300 c0,305,61,796,1169,65.0984,65.1531,64.8649,1.3687
E1,uniform independent,concentrated_pumper_solves_challenges,sequential T300 c0,306,147,2907,1210,63.6364,63.4969,64.2241,1.6529
E1,uniform independent,concentrated_pumper_solves_challenges,sequential T300 c0,307,105,1586,1252,64.1374,64.3211,63.3745,1.8371
E1,uniform independent,concentrated_pumper_solves_challenges,sequential T300 c0,308,135,2640,1208,65.149,64.876,66.25,1.6556
E1,uniform independent,concentrated_pumper_solves_challenges,sequential T300 c0,309,83,1420,1153,63.5733,62.7263,67.2897,0.2602
E1,uniform independent,concentrated_pumper_solves_challenges,counter graded 1/10 min,300,36,3518,1161,66.6667,66.8824,65.812,4.565
E1,uniform independent,concentrated_pumper_solves_challenges,counter graded 1/10 min,301,36,1110,1225,62.449,61.1111,67.5889,5.2245
E1,uniform independent,concentrated_pumper_solves_challenges,counter graded 1/10 min,302,38,1243,1230,65.7724,65.8241,65.5602,3.4146
E1,uniform independent,concentrated_pumper_solves_challenges,counter graded 1/10 min,303,36,1444,1172,63.3959,63.2911,63.8393,3.7543
E1,uniform independent,concentrated_pumper_solves_challenges,counter graded 1/10 min,304,36,3253,1267,63.2202,63.4766,62.1399,4.1042
E1,uniform independent,concentrated_pumper_solves_challenges,counter graded 1/10 min,305,36,796,1169,65.0128,65.0475,64.8649,3.3362
E1,uniform independent,concentrated_pumper_solves_challenges,counter graded 1/10 min,306,37,2907,1210,63.3058,63.0879,64.2241,4.4628
E1,uniform independent,concentrated_pumper_solves_challenges,counter graded 1/10 min,307,36,1586,1252,63.8978,64.0238,63.3745,4.2332
E1,uniform independent,concentrated_pumper_solves_challenges,counter graded 1/10 min,308,36,2640,1208,65.0662,64.7727,66.25,3.6424
E1,uniform independent,concentrated_pumper_solves_challenges,counter graded 1/10 min,309,36,1420,1153,63.5733,62.7263,67.2897,2.255
E1,uniform independent,concentrated_pumper_solves_challenges,token bucket 4/10 min burst 4,300,162,3518,1161,67.0973,67.4218,65.812,1.8949
E1,uniform independent,concentrated_pumper_solves_challenges,token bucket 4/10 min burst 4,301,162,1110,1225,62.6939,61.4198,67.5889,1.7959
E1,uniform independent,concentrated_pumper_solves_challenges,token bucket 4/10 min burst 4,302,162,1243,1230,65.935,66.0263,65.5602,1.0569
E1,uniform independent,concentrated_pumper_solves_challenges,token bucket 4/10 min burst 4,303,162,1444,1172,63.5666,63.5021,63.8393,1.9625
E1,uniform independent,concentrated_pumper_solves_challenges,token bucket 4/10 min burst 4,304,162,3253,1267,63.2991,63.5742,62.1399,1.8942
E1,uniform independent,concentrated_pumper_solves_challenges,token bucket 4/10 min burst 4,305,162,796,1169,65.0984,65.1531,64.8649,1.3687
E1,uniform independent,concentrated_pumper_solves_challenges,token bucket 4/10 min burst 4,306,162,2907,1210,63.6364,63.4969,64.2241,1.6529
E1,uniform independent,concentrated_pumper_solves_challenges,token bucket 4/10 min burst 4,307,162,1586,1252,64.1374,64.3211,63.3745,1.8371
E1,uniform independent,concentrated_pumper_solves_challenges,token bucket 4/10 min burst 4,308,162,2640,1208,65.149,64.876,66.25,1.6556
E1,uniform independent,concentrated_pumper_solves_challenges,token bucket 4/10 min burst 4,309,162,1420,1153,63.5733,62.7263,67.2897,0.2602
E1,uniform independent,concentrated_pumper_solves_challenges,token bucket 4/10 min burst 12,300,210,3518,1161,67.0973,67.4218,65.812,1.8949
E1,uniform independent,concentrated_pumper_solves_challenges,token bucket 4/10 min burst 12,301,209,1110,1225,62.7755,61.5226,67.5889,1.8776
E1,uniform independent,concentrated_pumper_solves_challenges,token bucket 4/10 min burst 12,302,210,1243,1230,65.935,66.0263,65.5602,1.0569
E1,uniform independent,concentrated_pumper_solves_challenges,token bucket 4/10 min burst 12,303,210,1444,1172,63.6519,63.6076,63.8393,2.0478
E1,uniform independent,concentrated_pumper_solves_challenges,token bucket 4/10 min burst 12,304,210,3253,1267,63.2991,63.5742,62.1399,1.8942
E1,uniform independent,concentrated_pumper_solves_challenges,token bucket 4/10 min burst 12,305,209,796,1169,65.0984,65.1531,64.8649,1.3687
E1,uniform independent,concentrated_pumper_solves_challenges,token bucket 4/10 min burst 12,306,210,2907,1210,63.6364,63.4969,64.2241,1.6529
E1,uniform independent,concentrated_pumper_solves_challenges,token bucket 4/10 min burst 12,307,210,1586,1252,64.1374,64.3211,63.3745,1.8371
E1,uniform independent,concentrated_pumper_solves_challenges,token bucket 4/10 min burst 12,308,210,2640,1208,65.149,64.876,66.25,1.6556
E1,uniform independent,concentrated_pumper_solves_challenges,token bucket 4/10 min burst 12,309,210,1420,1153,63.5733,62.7263,67.2897,0.2602
E1,uniform independent,concentrated_pumper_solves_challenges,counter 4/10 min + sequential,300,48,3518,1161,67.0973,67.4218,65.812,1.8949
E1,uniform independent,concentrated_pumper_solves_challenges,counter 4/10 min + sequential,301,47,1110,1225,62.7755,61.5226,67.5889,1.8776
E1,uniform independent,concentrated_pumper_solves_challenges,counter 4/10 min + sequential,302,46,1243,1230,65.935,66.0263,65.5602,1.0569
E1,uniform independent,concentrated_pumper_solves_challenges,counter 4/10 min + sequential,303,48,1444,1172,63.5666,63.5021,63.8393,1.9625
E1,uniform independent,concentrated_pumper_solves_challenges,counter 4/10 min + sequential,304,48,3253,1267,63.2991,63.5742,62.1399,1.8942
E1,uniform independent,concentrated_pumper_solves_challenges,counter 4/10 min + sequential,305,48,796,1169,65.0984,65.1531,64.8649,1.3687
E1,uniform independent,concentrated_pumper_solves_challenges,counter 4/10 min + sequential,306,47,2907,1210,63.6364,63.4969,64.2241,1.6529
E1,uniform independent,concentrated_pumper_solves_challenges,counter 4/10 min + sequential,307,48,1586,1252,64.1374,64.3211,63.3745,1.8371
E1,uniform independent,concentrated_pumper_solves_challenges,counter 4/10 min + sequential,308,48,2640,1208,65.149,64.876,66.25,1.6556
E1,uniform independent,concentrated_pumper_solves_challenges,counter 4/10 min + sequential,309,48,1420,1153,63.5733,62.7263,67.2897,0.2602
E1,uniform independent,concentrated_pumper_solves_challenges,counter 4/10 min + trust budget,300,144,3518,1161,67.0973,67.4218,65.812,1.8949
E1,uniform independent,concentrated_pumper_solves_challenges,counter 4/10 min + trust budget,301,143,1110,1225,62.7755,61.5226,67.5889,1.8776
E1,uniform independent,concentrated_pumper_solves_challenges,counter 4/10 min + trust budget,302,158,1243,1230,65.935,66.0263,65.5602,1.0569
E1,uniform independent,concentrated_pumper_solves_challenges,counter 4/10 min + trust budget,303,144,1444,1172,63.5666,63.5021,63.8393,1.9625
E1,uniform independent,concentrated_pumper_solves_challenges,counter 4/10 min + trust budget,304,144,3253,1267,63.2991,63.5742,62.1399,1.8942
E1,uniform independent,concentrated_pumper_solves_challenges,counter 4/10 min + trust budget,305,144,796,1169,65.0984,65.1531,64.8649,1.3687
E1,uniform independent,concentrated_pumper_solves_challenges,counter 4/10 min + trust budget,306,151,2907,1210,63.6364,63.4969,64.2241,1.6529
E1,uniform independent,concentrated_pumper_solves_challenges,counter 4/10 min + trust budget,307,144,1586,1252,64.1374,64.3211,63.3745,1.8371
E1,uniform independent,concentrated_pumper_solves_challenges,counter 4/10 min + trust budget,308,144,2640,1208,65.149,64.876,66.25,1.6556
E1,uniform independent,concentrated_pumper_solves_challenges,counter 4/10 min + trust budget,309,144,1420,1153,63.5733,62.7263,67.2897,0.2602
E5_eval,200,0.65,counter graded 160/day,300,0,0,28723,63.7294,63.7852,63.5126,2.0541
E5_eval,200,0.8,counter graded 160/day,300,0,0,28723,78.4772,78.5836,78.0633,2.0541
E5_eval,200,concentrated_pumper_no_verify,counter graded 160/day,300,335,1176,392,65.5612,63.8978,72.1519,2.551
E5_eval,200,concentrated_pumper_verifies_instantly,counter graded 160/day,300,485,1176,392,65.5612,63.8978,72.1519,2.551
E5_eval,200,concentrated_pumper_verifies_humanlike,counter graded 160/day,300,483,1176,392,65.5612,63.8978,72.1519,2.551
E5_eval,200,concentrated_pumper_solves_challenges,counter graded 160/day,300,466,1176,392,65.5612,63.8978,72.1519,2.551
E5_eval,200,0.65,counter graded 160/day,301,0,0,28849,64.0161,64.0303,63.9589,2.1422
E5_eval,200,0.8,counter graded 160/day,301,0,0,28849,78.8693,78.6883,79.5965,2.1353
E5_eval,200,concentrated_pumper_no_verify,counter graded 160/day,301,333,355,395,67.5949,66.7692,71.4286,1.7722
E5_eval,200,concentrated_pumper_verifies_instantly,counter graded 160/day,301,352,355,395,67.5949,66.7692,71.4286,1.7722
E5_eval,200,concentrated_pumper_verifies_humanlike,counter graded 160/day,301,353,355,395,67.5949,66.7692,71.4286,1.7722
E5_eval,200,concentrated_pumper_solves_challenges,counter graded 160/day,301,351,355,395,67.5949,66.7692,71.4286,1.7722
E5_eval,200,0.65,counter graded 160/day,302,0,0,28846,64.1475,64.1929,63.9601,1.6952
E5_eval,200,0.8,counter graded 160/day,302,0,0,28846,78.8983,78.7817,79.3803,1.6917
E5_eval,200,concentrated_pumper_no_verify,counter graded 160/day,302,343,434,401,65.0873,64.8649,66.1765,0.7481
E5_eval,200,concentrated_pumper_verifies_instantly,counter graded 160/day,302,430,434,401,65.0873,64.8649,66.1765,0.7481
E5_eval,200,concentrated_pumper_verifies_humanlike,counter graded 160/day,302,430,434,401,65.0873,64.8649,66.1765,0.7481
E5_eval,200,concentrated_pumper_solves_challenges,counter graded 160/day,302,421,434,401,65.0873,64.8649,66.1765,0.7481
E5_eval,200,0.65,counter graded 160/day,303,0,0,28626,63.9803,63.9998,63.9029,1.9423
E5_eval,200,0.8,counter graded 160/day,303,0,0,28626,78.7745,78.5574,79.6357,1.9423
E5_eval,200,concentrated_pumper_no_verify,counter graded 160/day,303,363,493,410,65.6098,66.6667,61.25,2.439
E5_eval,200,concentrated_pumper_verifies_instantly,counter graded 160/day,303,471,493,410,65.6098,66.6667,61.25,2.439
E5_eval,200,concentrated_pumper_verifies_humanlike,counter graded 160/day,303,471,493,410,65.6098,66.6667,61.25,2.439
E5_eval,200,concentrated_pumper_solves_challenges,counter graded 160/day,303,459,493,410,65.6098,66.6667,61.25,2.439
E5_eval,200,0.65,counter graded 160/day,304,0,0,28975,64.8697,65.3012,63.1212,1.8533
E5_eval,200,0.8,counter graded 160/day,304,0,0,28975,79.6066,79.7806,78.9015,1.8533
E5_eval,200,concentrated_pumper_no_verify,counter graded 160/day,304,334,1050,382,63.6126,65.2459,57.1429,0.7853
E5_eval,200,concentrated_pumper_verifies_instantly,counter graded 160/day,304,484,1050,382,63.6126,65.2459,57.1429,0.7853
E5_eval,200,concentrated_pumper_verifies_humanlike,counter graded 160/day,304,483,1050,382,63.6126,65.2459,57.1429,0.7853
E5_eval,200,concentrated_pumper_solves_challenges,counter graded 160/day,304,444,1050,382,63.6126,65.2459,57.1429,0.7853
E5_eval,200,0.65,counter graded 160/day,305,0,0,28937,64.3674,64.1668,65.1861,2.0838
E5_eval,200,0.8,counter graded 160/day,305,0,0,28937,79.0476,78.9424,79.4768,2.0735
E5_eval,200,concentrated_pumper_no_verify,counter graded 160/day,305,291,294,416,65.625,65.2997,66.6667,1.2019
E5_eval,200,concentrated_pumper_verifies_instantly,counter graded 160/day,305,294,294,416,65.625,65.2997,66.6667,1.2019
E5_eval,200,concentrated_pumper_verifies_humanlike,counter graded 160/day,305,294,294,416,65.625,65.2997,66.6667,1.2019
E5_eval,200,concentrated_pumper_solves_challenges,counter graded 160/day,305,294,294,416,65.625,65.2997,66.6667,1.2019
E5_eval,200,0.65,counter graded 160/day,306,0,0,28615,64.0503,64.0661,63.9883,1.9011
E5_eval,200,0.8,counter graded 160/day,306,0,0,28615,79.0774,79.0115,79.3359,1.9011
E5_eval,200,concentrated_pumper_no_verify,counter graded 160/day,306,331,994,412,62.3786,63.7427,55.7143,1.699
E5_eval,200,concentrated_pumper_verifies_instantly,counter graded 160/day,306,491,994,412,62.3786,63.7427,55.7143,1.699
E5_eval,200,concentrated_pumper_verifies_humanlike,counter graded 160/day,306,484,994,412,62.3786,63.7427,55.7143,1.699
E5_eval,200,concentrated_pumper_solves_challenges,counter graded 160/day,306,455,994,412,62.3786,63.7427,55.7143,1.699
E5_eval,200,0.65,counter graded 160/day,307,0,0,28881,64.1979,63.9277,65.2689,1.662
E5_eval,200,0.8,counter graded 160/day,307,0,0,28881,79.0831,78.8527,79.9966,1.662
E5_eval,200,concentrated_pumper_no_verify,counter graded 160/day,307,362,535,437,64.0732,64.2857,63.2184,1.8307
E5_eval,200,concentrated_pumper_verifies_instantly,counter graded 160/day,307,482,535,437,64.0732,64.2857,63.2184,1.8307
E5_eval,200,concentrated_pumper_verifies_humanlike,counter graded 160/day,307,481,535,437,64.0732,64.2857,63.2184,1.8307
E5_eval,200,concentrated_pumper_solves_challenges,counter graded 160/day,307,492,535,437,64.0732,64.2857,63.2184,1.8307
E5_eval,200,0.65,counter graded 160/day,308,0,0,28869,63.7778,63.881,63.3629,1.8809
E5_eval,200,0.8,counter graded 160/day,308,0,0,28869,78.7765,78.8823,78.3516,1.8809
E5_eval,200,concentrated_pumper_no_verify,counter graded 160/day,308,367,898,382,67.0157,69.2308,57.1429,0.7853
E5_eval,200,concentrated_pumper_verifies_instantly,counter graded 160/day,308,474,898,382,67.2775,69.5513,57.1429,0.7853
E5_eval,200,concentrated_pumper_verifies_humanlike,counter graded 160/day,308,471,898,382,67.2775,69.5513,57.1429,1.0471
E5_eval,200,concentrated_pumper_solves_challenges,counter graded 160/day,308,519,898,382,67.0157,69.2308,57.1429,0.7853
E5_eval,200,0.65,counter graded 160/day,309,0,0,28806,64.306,64.2444,64.55,1.76
E5_eval,200,0.8,counter graded 160/day,309,0,0,28806,78.9974,78.9041,79.3667,1.76
E5_eval,200,concentrated_pumper_no_verify,counter graded 160/day,309,358,465,368,61.1413,60.2041,64.8649,1.6304
E5_eval,200,concentrated_pumper_verifies_instantly,counter graded 160/day,309,461,465,368,61.1413,60.2041,64.8649,1.6304
E5_eval,200,concentrated_pumper_verifies_humanlike,counter graded 160/day,309,462,465,368,61.1413,60.2041,64.8649,1.6304
E5_eval,200,concentrated_pumper_solves_challenges,counter graded 160/day,309,448,465,368,61.1413,60.2041,64.8649,1.6304
E5_eval,200,0.65,counter graded 4/10 min,300,0,0,28723,63.7085,63.7589,63.5126,2.3291
E5_eval,200,0.8,counter graded 4/10 min,300,0,0,28723,78.4598,78.5617,78.0633,2.3291
E5_eval,200,concentrated_pumper_no_verify,counter graded 4/10 min,300,24,1176,392,65.5612,63.8978,72.1519,3.8265
E5_eval,200,concentrated_pumper_verifies_instantly,counter graded 4/10 min,300,26,1176,392,65.5612,63.8978,72.1519,3.8265
E5_eval,200,concentrated_pumper_verifies_humanlike,counter graded 4/10 min,300,26,1176,392,65.5612,63.8978,72.1519,3.8265
E5_eval,200,concentrated_pumper_solves_challenges,counter graded 4/10 min,300,48,1176,392,65.5612,63.8978,72.1519,3.8265
E5_eval,200,0.65,counter graded 4/10 min,301,0,0,28849,64.0022,64.013,63.9589,2.5408
E5_eval,200,0.8,counter graded 4/10 min,301,0,0,28849,78.8589,78.6753,79.5965,2.5373
E5_eval,200,concentrated_pumper_no_verify,counter graded 4/10 min,301,24,355,395,67.5949,66.7692,71.4286,2.7848
E5_eval,200,concentrated_pumper_verifies_instantly,counter graded 4/10 min,301,24,355,395,67.5949,66.7692,71.4286,2.7848
E5_eval,200,concentrated_pumper_verifies_humanlike,counter graded 4/10 min,301,24,355,395,67.5949,66.7692,71.4286,2.7848
E5_eval,200,concentrated_pumper_solves_challenges,counter graded 4/10 min,301,48,355,395,67.5949,66.7692,71.4286,2.7848
E5_eval,200,0.65,counter graded 4/10 min,302,0,0,28846,64.1337,64.1756,63.9601,2.4509
E5_eval,200,0.8,counter graded 4/10 min,302,0,0,28846,78.8671,78.743,79.3803,2.4475
E5_eval,200,concentrated_pumper_no_verify,counter graded 4/10 min,302,24,434,401,64.8379,64.5646,66.1765,2.2444
E5_eval,200,concentrated_pumper_verifies_instantly,counter graded 4/10 min,302,25,434,401,64.8379,64.5646,66.1765,2.2444
E5_eval,200,concentrated_pumper_verifies_humanlike,counter graded 4/10 min,302,25,434,401,64.8379,64.5646,66.1765,2.2444
E5_eval,200,concentrated_pumper_solves_challenges,counter graded 4/10 min,302,48,434,401,64.8379,64.5646,66.1765,2.2444
E5_eval,200,0.65,counter graded 4/10 min,303,0,0,28626,63.9558,63.9692,63.9029,2.4628
E5_eval,200,0.8,counter graded 4/10 min,303,0,0,28626,78.7396,78.5136,79.6357,2.4628
E5_eval,200,concentrated_pumper_no_verify,counter graded 4/10 min,303,24,493,410,65.6098,66.6667,61.25,2.9268
E5_eval,200,concentrated_pumper_verifies_instantly,counter graded 4/10 min,303,24,493,410,65.6098,66.6667,61.25,2.9268
E5_eval,200,concentrated_pumper_verifies_humanlike,counter graded 4/10 min,303,24,493,410,65.6098,66.6667,61.25,2.9268
E5_eval,200,concentrated_pumper_solves_challenges,counter graded 4/10 min,303,48,493,410,65.6098,66.6667,61.25,2.9268
E5_eval,200,0.65,counter graded 4/10 min,304,0,0,28975,64.849,65.2754,63.1212,2.3296
E5_eval,200,0.8,counter graded 4/10 min,304,0,0,28975,79.5928,79.7633,78.9015,2.3296
E5_eval,200,concentrated_pumper_no_verify,counter graded 4/10 min,304,24,1050,382,63.6126,65.2459,57.1429,1.0471
E5_eval,200,concentrated_pumper_verifies_instantly,counter graded 4/10 min,304,24,1050,382,63.6126,65.2459,57.1429,1.0471
E5_eval,200,concentrated_pumper_verifies_humanlike,counter graded 4/10 min,304,24,1050,382,63.6126,65.2459,57.1429,1.0471
E5_eval,200,concentrated_pumper_solves_challenges,counter graded 4/10 min,304,48,1050,382,63.6126,65.2459,57.1429,1.0471
E5_eval,200,0.65,counter graded 4/10 min,305,0,0,28937,64.3605,64.1582,65.1861,2.4294
E5_eval,200,0.8,counter graded 4/10 min,305,0,0,28937,79.0199,78.908,79.4768,2.426
E5_eval,200,concentrated_pumper_no_verify,counter graded 4/10 min,305,24,294,416,65.625,65.2997,66.6667,1.9231
E5_eval,200,concentrated_pumper_verifies_instantly,counter graded 4/10 min,305,24,294,416,65.625,65.2997,66.6667,1.9231
E5_eval,200,concentrated_pumper_verifies_humanlike,counter graded 4/10 min,305,24,294,416,65.625,65.2997,66.6667,1.9231
E5_eval,200,concentrated_pumper_solves_challenges,counter graded 4/10 min,305,48,294,416,65.625,65.2997,66.6667,1.9231
E5_eval,200,0.65,counter graded 4/10 min,306,0,0,28615,63.9979,64.0004,63.9883,2.5581
E5_eval,200,0.8,counter graded 4/10 min,306,0,0,28615,79.0215,78.9414,79.3359,2.5581
E5_eval,200,concentrated_pumper_no_verify,counter graded 4/10 min,306,24,994,412,62.3786,63.7427,55.7143,2.6699
E5_eval,200,concentrated_pumper_verifies_instantly,counter graded 4/10 min,306,25,994,412,62.3786,63.7427,55.7143,2.6699
E5_eval,200,concentrated_pumper_verifies_humanlike,counter graded 4/10 min,306,24,994,412,62.3786,63.7427,55.7143,2.6699
E5_eval,200,concentrated_pumper_solves_challenges,counter graded 4/10 min,306,48,994,412,62.3786,63.7427,55.7143,2.6699
E5_eval,200,0.65,counter graded 4/10 min,307,0,0,28881,64.1529,63.8713,65.2689,2.3095
E5_eval,200,0.8,counter graded 4/10 min,307,0,0,28881,79.0347,78.792,79.9966,2.3095
E5_eval,200,concentrated_pumper_no_verify,counter graded 4/10 min,307,24,535,437,63.8444,64.0,63.2184,3.2037
E5_eval,200,concentrated_pumper_verifies_instantly,counter graded 4/10 min,307,24,535,437,63.8444,64.0,63.2184,3.2037
E5_eval,200,concentrated_pumper_verifies_humanlike,counter graded 4/10 min,307,24,535,437,63.8444,64.0,63.2184,3.2037
E5_eval,200,concentrated_pumper_solves_challenges,counter graded 4/10 min,307,48,535,437,63.8444,64.0,63.2184,3.2037
E5_eval,200,0.65,counter graded 4/10 min,308,0,0,28869,63.7258,63.8161,63.3629,2.5079
E5_eval,200,0.8,counter graded 4/10 min,308,0,0,28869,78.7246,78.8174,78.3516,2.5079
E5_eval,200,concentrated_pumper_no_verify,counter graded 4/10 min,308,27,898,382,67.2775,69.5513,57.1429,2.356
E5_eval,200,concentrated_pumper_verifies_instantly,counter graded 4/10 min,308,29,898,382,67.2775,69.5513,57.1429,2.356
E5_eval,200,concentrated_pumper_verifies_humanlike,counter graded 4/10 min,308,28,898,382,67.2775,69.5513,57.1429,2.356
E5_eval,200,concentrated_pumper_solves_challenges,counter graded 4/10 min,308,55,898,382,67.2775,69.5513,57.1429,2.0942
E5_eval,200,0.65,counter graded 4/10 min,309,0,0,28806,64.2748,64.2053,64.55,2.3433
E5_eval,200,0.8,counter graded 4/10 min,309,0,0,28806,78.9488,78.8432,79.3667,2.3398
E5_eval,200,concentrated_pumper_no_verify,counter graded 4/10 min,309,24,465,368,61.1413,60.2041,64.8649,1.9022
E5_eval,200,concentrated_pumper_verifies_instantly,counter graded 4/10 min,309,24,465,368,61.1413,60.2041,64.8649,1.9022
E5_eval,200,concentrated_pumper_verifies_humanlike,counter graded 4/10 min,309,24,465,368,61.1413,60.2041,64.8649,1.9022
E5_eval,200,concentrated_pumper_solves_challenges,counter graded 4/10 min,309,48,465,368,61.1413,60.2041,64.8649,1.9022
E5_eval,200,0.65,counter refuse 320/day,300,0,0,28723,63.7607,63.8246,63.5126,1.5493
E5_eval,200,0.8,counter refuse 320/day,300,0,0,28723,78.519,78.6361,78.0633,1.5493
E5_eval,200,concentrated_pumper_no_verify,counter refuse 320/day,300,335,1176,392,65.5612,63.8978,72.1519,2.551
E5_eval,200,concentrated_pumper_verifies_instantly,counter refuse 320/day,300,960,1176,392,65.5612,63.8978,72.1519,2.551
E5_eval,200,concentrated_pumper_verifies_humanlike,counter refuse 320/day,300,960,1176,392,65.5612,63.8978,72.1519,2.551
E5_eval,200,concentrated_pumper_solves_challenges,counter refuse 320/day,300,466,1176,392,65.5612,63.8978,72.1519,2.551
E5_eval,200,0.65,counter refuse 320/day,301,0,0,28849,64.0611,64.0866,63.9589,1.6361
E5_eval,200,0.8,counter refuse 320/day,301,0,0,28849,78.9317,78.7662,79.5965,1.6326
E5_eval,200,concentrated_pumper_no_verify,counter refuse 320/day,301,333,355,395,67.5949,66.7692,71.4286,1.7722
E5_eval,200,concentrated_pumper_verifies_instantly,counter refuse 320/day,301,352,355,395,67.5949,66.7692,71.4286,1.7722
E5_eval,200,concentrated_pumper_verifies_humanlike,counter refuse 320/day,301,353,355,395,67.5949,66.7692,71.4286,1.7722
E5_eval,200,concentrated_pumper_solves_challenges,counter refuse 320/day,301,351,355,395,67.5949,66.7692,71.4286,1.7722
E5_eval,200,0.65,counter refuse 320/day,302,0,0,28846,64.1579,64.2058,63.9601,1.5635
E5_eval,200,0.8,counter refuse 320/day,302,0,0,28846,78.9087,78.7947,79.3803,1.56
E5_eval,200,concentrated_pumper_no_verify,counter refuse 320/day,302,343,434,401,65.0873,64.8649,66.1765,0.7481
E5_eval,200,concentrated_pumper_verifies_instantly,counter refuse 320/day,302,430,434,401,65.0873,64.8649,66.1765,0.7481
E5_eval,200,concentrated_pumper_verifies_humanlike,counter refuse 320/day,302,430,434,401,65.0873,64.8649,66.1765,0.7481
E5_eval,200,concentrated_pumper_solves_challenges,counter refuse 320/day,302,421,434,401,65.0873,64.8649,66.1765,0.7481
E5_eval,200,0.65,counter refuse 320/day,303,0,0,28626,63.9978,64.0217,63.9029,1.6628
E5_eval,200,0.8,counter refuse 320/day,303,0,0,28626,78.7955,78.5836,79.6357,1.6628
E5_eval,200,concentrated_pumper_no_verify,counter refuse 320/day,303,363,493,410,65.6098,66.6667,61.25,2.439
E5_eval,200,concentrated_pumper_verifies_instantly,counter refuse 320/day,303,491,493,410,65.6098,66.6667,61.25,2.439
E5_eval,200,concentrated_pumper_verifies_humanlike,counter refuse 320/day,303,491,493,410,65.6098,66.6667,61.25,2.439
E5_eval,200,concentrated_pumper_solves_challenges,counter refuse 320/day,303,459,493,410,65.6098,66.6667,61.25,2.439
E5_eval,200,0.65,counter refuse 320/day,304,0,0,28975,64.9008,65.3399,63.1212,1.4875
E5_eval,200,0.8,counter refuse 320/day,304,0,0,28975,79.6514,79.8365,78.9015,1.4875
E5_eval,200,concentrated_pumper_no_verify,counter refuse 320/day,304,334,1050,382,63.6126,65.2459,57.1429,0.7853
E5_eval,200,concentrated_pumper_verifies_instantly,counter refuse 320/day,304,960,1050,382,63.6126,65.2459,57.1429,0.7853
E5_eval,200,concentrated_pumper_verifies_humanlike,counter refuse 320/day,304,960,1050,382,63.6126,65.2459,57.1429,0.7853
E5_eval,200,concentrated_pumper_solves_challenges,counter refuse 320/day,304,444,1050,382,63.6126,65.2459,57.1429,0.7853
E5_eval,200,0.65,counter refuse 320/day,305,0,0,28937,64.4089,64.2184,65.1861,1.5862
E5_eval,200,0.8,counter refuse 320/day,305,0,0,28937,79.096,79.0026,79.4768,1.5827
E5_eval,200,concentrated_pumper_no_verify,counter refuse 320/day,305,291,294,416,65.625,65.2997,66.6667,1.2019
E5_eval,200,concentrated_pumper_verifies_instantly,counter refuse 320/day,305,294,294,416,65.625,65.2997,66.6667,1.2019
E5_eval,200,concentrated_pumper_verifies_humanlike,counter refuse 320/day,305,294,294,416,65.625,65.2997,66.6667,1.2019
E5_eval,200,concentrated_pumper_solves_challenges,counter refuse 320/day,305,294,294,416,65.625,65.2997,66.6667,1.2019
E5_eval,200,0.65,counter refuse 320/day,306,0,0,28615,64.0678,64.0881,63.9883,1.5901
E5_eval,200,0.8,counter refuse 320/day,306,0,0,28615,79.1019,79.0422,79.3359,1.5901
E5_eval,200,concentrated_pumper_no_verify,counter refuse 320/day,306,331,994,412,62.3786,63.7427,55.7143,1.699
E5_eval,200,concentrated_pumper_verifies_instantly,counter refuse 320/day,306,953,994,412,62.3786,63.7427,55.7143,1.699
E5_eval,200,concentrated_pumper_verifies_humanlike,counter refuse 320/day,306,957,994,412,62.3786,63.7427,55.7143,1.699
E5_eval,200,concentrated_pumper_solves_challenges,counter refuse 320/day,306,455,994,412,62.3786,63.7427,55.7143,1.699
E5_eval,200,0.65,counter refuse 320/day,307,0,0,28881,64.2118,63.945,65.2689,1.4369
E5_eval,200,0.8,counter refuse 320/day,307,0,0,28881,79.097,78.87,79.9966,1.4369
E5_eval,200,concentrated_pumper_no_verify,counter refuse 320/day,307,362,535,437,64.0732,64.2857,63.2184,1.8307
E5_eval,200,concentrated_pumper_verifies_instantly,counter refuse 320/day,307,533,535,437,64.0732,64.2857,63.2184,1.8307
E5_eval,200,concentrated_pumper_verifies_humanlike,counter refuse 320/day,307,533,535,437,64.0732,64.2857,63.2184,1.8307
E5_eval,200,concentrated_pumper_solves_challenges,counter refuse 320/day,307,492,535,437,64.0732,64.2857,63.2184,1.8307
E5_eval,200,0.65,counter refuse 320/day,308,0,0,28869,63.7916,63.8983,63.3629,1.5934
E5_eval,200,0.8,counter refuse 320/day,308,0,0,28869,78.8008,78.9125,78.3516,1.5934
E5_eval,200,concentrated_pumper_no_verify,counter refuse 320/day,308,367,898,382,67.0157,69.2308,57.1429,0.7853
E5_eval,200,concentrated_pumper_verifies_instantly,counter refuse 320/day,308,882,898,382,67.2775,69.5513,57.1429,0.7853
E5_eval,200,concentrated_pumper_verifies_humanlike,counter refuse 320/day,308,891,898,382,67.2775,69.5513,57.1429,1.0471
E5_eval,200,concentrated_pumper_solves_challenges,counter refuse 320/day,308,519,898,382,67.0157,69.2308,57.1429,0.7853
E5_eval,200,0.65,counter refuse 320/day,309,0,0,28806,64.3373,64.2835,64.55,1.5101
E5_eval,200,0.8,counter refuse 320/day,309,0,0,28806,79.0287,78.9432,79.3667,1.5101
E5_eval,200,concentrated_pumper_no_verify,counter refuse 320/day,309,358,465,368,61.1413,60.2041,64.8649,1.6304
E5_eval,200,concentrated_pumper_verifies_instantly,counter refuse 320/day,309,461,465,368,61.1413,60.2041,64.8649,1.6304
E5_eval,200,concentrated_pumper_verifies_humanlike,counter refuse 320/day,309,462,465,368,61.1413,60.2041,64.8649,1.6304
E5_eval,200,concentrated_pumper_solves_challenges,counter refuse 320/day,309,448,465,368,61.1413,60.2041,64.8649,1.6304
E5_eval,200,0.65,none,300,0,0,28723,63.7607,63.8246,63.5126,1.5493
E5_eval,200,0.8,none,300,0,0,28723,78.519,78.6361,78.0633,1.5493
E5_eval,200,concentrated_pumper_no_verify,none,300,335,1176,392,65.5612,63.8978,72.1519,2.551
E5_eval,200,concentrated_pumper_verifies_instantly,none,300,1142,1176,392,65.5612,63.8978,72.1519,2.551
E5_eval,200,concentrated_pumper_verifies_humanlike,none,300,1163,1176,392,65.5612,63.8978,72.1519,2.551
E5_eval,200,concentrated_pumper_solves_challenges,none,300,466,1176,392,65.5612,63.8978,72.1519,2.551
E5_eval,200,0.65,none,301,0,0,28849,64.0611,64.0866,63.9589,1.6361
E5_eval,200,0.8,none,301,0,0,28849,78.9317,78.7662,79.5965,1.6326
E5_eval,200,concentrated_pumper_no_verify,none,301,333,355,395,67.5949,66.7692,71.4286,1.7722
E5_eval,200,concentrated_pumper_verifies_instantly,none,301,352,355,395,67.5949,66.7692,71.4286,1.7722
E5_eval,200,concentrated_pumper_verifies_humanlike,none,301,353,355,395,67.5949,66.7692,71.4286,1.7722
E5_eval,200,concentrated_pumper_solves_challenges,none,301,351,355,395,67.5949,66.7692,71.4286,1.7722
E5_eval,200,0.65,none,302,0,0,28846,64.1579,64.2058,63.9601,1.5635
E5_eval,200,0.8,none,302,0,0,28846,78.9087,78.7947,79.3803,1.56
E5_eval,200,concentrated_pumper_no_verify,none,302,343,434,401,65.0873,64.8649,66.1765,0.7481
E5_eval,200,concentrated_pumper_verifies_instantly,none,302,430,434,401,65.0873,64.8649,66.1765,0.7481
E5_eval,200,concentrated_pumper_verifies_humanlike,none,302,430,434,401,65.0873,64.8649,66.1765,0.7481
E5_eval,200,concentrated_pumper_solves_challenges,none,302,421,434,401,65.0873,64.8649,66.1765,0.7481
E5_eval,200,0.65,none,303,0,0,28626,63.9978,64.0217,63.9029,1.6628
E5_eval,200,0.8,none,303,0,0,28626,78.7955,78.5836,79.6357,1.6628
E5_eval,200,concentrated_pumper_no_verify,none,303,363,493,410,65.6098,66.6667,61.25,2.439
E5_eval,200,concentrated_pumper_verifies_instantly,none,303,491,493,410,65.6098,66.6667,61.25,2.439
E5_eval,200,concentrated_pumper_verifies_humanlike,none,303,491,493,410,65.6098,66.6667,61.25,2.439
E5_eval,200,concentrated_pumper_solves_challenges,none,303,459,493,410,65.6098,66.6667,61.25,2.439
E5_eval,200,0.65,none,304,0,0,28975,64.9008,65.3399,63.1212,1.4875
E5_eval,200,0.8,none,304,0,0,28975,79.6514,79.8365,78.9015,1.4875
E5_eval,200,concentrated_pumper_no_verify,none,304,334,1050,382,63.6126,65.2459,57.1429,0.7853
E5_eval,200,concentrated_pumper_verifies_instantly,none,304,1029,1050,382,63.6126,65.2459,57.1429,0.7853
E5_eval,200,concentrated_pumper_verifies_humanlike,none,304,1045,1050,382,63.6126,65.2459,57.1429,0.7853
E5_eval,200,concentrated_pumper_solves_challenges,none,304,444,1050,382,63.6126,65.2459,57.1429,0.7853
E5_eval,200,0.65,none,305,0,0,28937,64.4089,64.2184,65.1861,1.5862
E5_eval,200,0.8,none,305,0,0,28937,79.096,79.0026,79.4768,1.5827
E5_eval,200,concentrated_pumper_no_verify,none,305,291,294,416,65.625,65.2997,66.6667,1.2019
E5_eval,200,concentrated_pumper_verifies_instantly,none,305,294,294,416,65.625,65.2997,66.6667,1.2019
E5_eval,200,concentrated_pumper_verifies_humanlike,none,305,294,294,416,65.625,65.2997,66.6667,1.2019
E5_eval,200,concentrated_pumper_solves_challenges,none,305,294,294,416,65.625,65.2997,66.6667,1.2019
E5_eval,200,0.65,none,306,0,0,28615,64.0678,64.0881,63.9883,1.5901
E5_eval,200,0.8,none,306,0,0,28615,79.1019,79.0422,79.3359,1.5901
E5_eval,200,concentrated_pumper_no_verify,none,306,331,994,412,62.3786,63.7427,55.7143,1.699
E5_eval,200,concentrated_pumper_verifies_instantly,none,306,978,994,412,62.3786,63.7427,55.7143,1.699
E5_eval,200,concentrated_pumper_verifies_humanlike,none,306,987,994,412,62.3786,63.7427,55.7143,1.699
E5_eval,200,concentrated_pumper_solves_challenges,none,306,455,994,412,62.3786,63.7427,55.7143,1.699
E5_eval,200,0.65,none,307,0,0,28881,64.2118,63.945,65.2689,1.4369
E5_eval,200,0.8,none,307,0,0,28881,79.097,78.87,79.9966,1.4369
E5_eval,200,concentrated_pumper_no_verify,none,307,362,535,437,64.0732,64.2857,63.2184,1.8307
E5_eval,200,concentrated_pumper_verifies_instantly,none,307,533,535,437,64.0732,64.2857,63.2184,1.8307
E5_eval,200,concentrated_pumper_verifies_humanlike,none,307,533,535,437,64.0732,64.2857,63.2184,1.8307
E5_eval,200,concentrated_pumper_solves_challenges,none,307,492,535,437,64.0732,64.2857,63.2184,1.8307
E5_eval,200,0.65,none,308,0,0,28869,63.7916,63.8983,63.3629,1.5934
E5_eval,200,0.8,none,308,0,0,28869,78.8008,78.9125,78.3516,1.5934
E5_eval,200,concentrated_pumper_no_verify,none,308,367,898,382,67.0157,69.2308,57.1429,0.7853
E5_eval,200,concentrated_pumper_verifies_instantly,none,308,882,898,382,67.2775,69.5513,57.1429,0.7853
E5_eval,200,concentrated_pumper_verifies_humanlike,none,308,891,898,382,67.2775,69.5513,57.1429,1.0471
E5_eval,200,concentrated_pumper_solves_challenges,none,308,519,898,382,67.0157,69.2308,57.1429,0.7853
E5_eval,200,0.65,none,309,0,0,28806,64.3373,64.2835,64.55,1.5101
E5_eval,200,0.8,none,309,0,0,28806,79.0287,78.9432,79.3667,1.5101
E5_eval,200,concentrated_pumper_no_verify,none,309,358,465,368,61.1413,60.2041,64.8649,1.6304
E5_eval,200,concentrated_pumper_verifies_instantly,none,309,461,465,368,61.1413,60.2041,64.8649,1.6304
E5_eval,200,concentrated_pumper_verifies_humanlike,none,309,462,465,368,61.1413,60.2041,64.8649,1.6304
E5_eval,200,concentrated_pumper_solves_challenges,none,309,448,465,368,61.1413,60.2041,64.8649,1.6304
E5_eval,200,0.65,sequential T1000 c1,300,0,0,28723,63.7573,63.8202,63.5126,1.7129
E5_eval,200,0.8,sequential T1000 c1,300,0,0,28723,78.519,78.6361,78.0633,1.5493
E5_eval,200,concentrated_pumper_no_verify,sequential T1000 c1,300,185,1176,392,65.5612,63.8978,72.1519,2.551
E5_eval,200,concentrated_pumper_verifies_instantly,sequential T1000 c1,300,18,1176,392,65.5612,63.8978,72.1519,2.551
E5_eval,200,concentrated_pumper_verifies_humanlike,sequential T1000 c1,300,276,1176,392,65.5612,63.8978,72.1519,2.551
E5_eval,200,concentrated_pumper_solves_challenges,sequential T1000 c1,300,185,1176,392,65.5612,63.8978,72.1519,2.551
E5_eval,200,0.65,sequential T1000 c1,301,0,0,28849,64.0611,64.0866,63.9589,1.695
E5_eval,200,0.8,sequential T1000 c1,301,0,0,28849,78.9317,78.7662,79.5965,1.6326
E5_eval,200,concentrated_pumper_no_verify,sequential T1000 c1,301,56,355,395,67.5949,66.7692,71.4286,1.7722
E5_eval,200,concentrated_pumper_verifies_instantly,sequential T1000 c1,301,16,355,395,67.5949,66.7692,71.4286,1.7722
E5_eval,200,concentrated_pumper_verifies_humanlike,sequential T1000 c1,301,353,355,395,67.5949,66.7692,71.4286,1.7722
E5_eval,200,concentrated_pumper_solves_challenges,sequential T1000 c1,301,65,355,395,67.5949,66.7692,71.4286,1.7722
E5_eval,200,0.65,sequential T1000 c1,302,0,0,28846,64.1441,64.1885,63.9601,1.7195
E5_eval,200,0.8,sequential T1000 c1,302,0,0,28846,78.9087,78.7947,79.3803,1.56
E5_eval,200,concentrated_pumper_no_verify,sequential T1000 c1,302,74,434,401,65.0873,64.8649,66.1765,0.9975
E5_eval,200,concentrated_pumper_verifies_instantly,sequential T1000 c1,302,19,434,401,65.0873,64.8649,66.1765,0.9975
E5_eval,200,concentrated_pumper_verifies_humanlike,sequential T1000 c1,302,430,434,401,65.0873,64.8649,66.1765,0.9975
E5_eval,200,concentrated_pumper_solves_challenges,sequential T1000 c1,302,74,434,401,65.0873,64.8649,66.1765,0.9975
E5_eval,200,0.65,sequential T1000 c1,303,0,0,28626,63.9873,64.0086,63.9029,1.7362
E5_eval,200,0.8,sequential T1000 c1,303,0,0,28626,78.7955,78.5836,79.6357,1.6628
E5_eval,200,concentrated_pumper_no_verify,sequential T1000 c1,303,80,493,410,65.6098,66.6667,61.25,2.439
E5_eval,200,concentrated_pumper_verifies_instantly,sequential T1000 c1,303,18,493,410,65.6098,66.6667,61.25,2.439
E5_eval,200,concentrated_pumper_verifies_humanlike,sequential T1000 c1,303,491,493,410,65.6098,66.6667,61.25,2.439
E5_eval,200,concentrated_pumper_solves_challenges,sequential T1000 c1,303,84,493,410,65.6098,66.6667,61.25,2.439
E5_eval,200,0.65,sequential T1000 c1,304,0,0,28975,64.9008,65.3399,63.1212,1.522
E5_eval,200,0.8,sequential T1000 c1,304,0,0,28975,79.6514,79.8365,78.9015,1.4875
E5_eval,200,concentrated_pumper_no_verify,sequential T1000 c1,304,148,1050,382,63.6126,65.2459,57.1429,1.3089
E5_eval,200,concentrated_pumper_verifies_instantly,sequential T1000 c1,304,20,1050,382,63.6126,65.2459,57.1429,1.3089
E5_eval,200,concentrated_pumper_verifies_humanlike,sequential T1000 c1,304,490,1050,382,63.6126,65.2459,57.1429,1.3089
E5_eval,200,concentrated_pumper_solves_challenges,sequential T1000 c1,304,148,1050,382,63.6126,65.2459,57.1429,1.3089
E5_eval,200,0.65,sequential T1000 c1,305,0,0,28937,64.3985,64.2055,65.1861,1.6761
E5_eval,200,0.8,sequential T1000 c1,305,0,0,28937,79.096,79.0026,79.4768,1.5827
E5_eval,200,concentrated_pumper_no_verify,sequential T1000 c1,305,58,294,416,65.3846,64.9842,66.6667,1.6827
E5_eval,200,concentrated_pumper_verifies_instantly,sequential T1000 c1,305,19,294,416,65.3846,64.9842,66.6667,1.6827
E5_eval,200,concentrated_pumper_verifies_humanlike,sequential T1000 c1,305,294,294,416,65.3846,64.9842,66.6667,1.6827
E5_eval,200,concentrated_pumper_solves_challenges,sequential T1000 c1,305,65,294,416,65.3846,64.9842,66.6667,1.6827
E5_eval,200,0.65,sequential T1000 c1,306,0,0,28615,64.0643,64.0837,63.9883,1.6949
E5_eval,200,0.8,sequential T1000 c1,306,0,0,28615,79.1019,79.0422,79.3359,1.5901
E5_eval,200,concentrated_pumper_no_verify,sequential T1000 c1,306,147,994,412,62.1359,63.4503,55.7143,2.6699
E5_eval,200,concentrated_pumper_verifies_instantly,sequential T1000 c1,306,21,994,412,62.1359,63.4503,55.7143,2.6699
E5_eval,200,concentrated_pumper_verifies_humanlike,sequential T1000 c1,306,483,994,412,62.1359,63.4503,55.7143,2.6699
E5_eval,200,concentrated_pumper_solves_challenges,sequential T1000 c1,306,147,994,412,62.1359,63.4503,55.7143,2.6699
E5_eval,200,0.65,sequential T1000 c1,307,0,0,28881,64.2118,63.945,65.2689,1.4819
E5_eval,200,0.8,sequential T1000 c1,307,0,0,28881,79.097,78.87,79.9966,1.4369
E5_eval,200,concentrated_pumper_no_verify,sequential T1000 c1,307,105,535,437,64.0732,64.2857,63.2184,2.5172
E5_eval,200,concentrated_pumper_verifies_instantly,sequential T1000 c1,307,16,535,437,64.0732,64.2857,63.2184,2.5172
E5_eval,200,concentrated_pumper_verifies_humanlike,sequential T1000 c1,307,533,535,437,64.0732,64.2857,63.2184,2.5172
E5_eval,200,concentrated_pumper_solves_challenges,sequential T1000 c1,307,105,535,437,64.0732,64.2857,63.2184,2.5172
E5_eval,200,0.65,sequential T1000 c1,308,0,0,28869,63.7881,63.8939,63.3629,1.6765
E5_eval,200,0.8,sequential T1000 c1,308,0,0,28869,78.8008,78.9125,78.3516,1.5934
E5_eval,200,concentrated_pumper_no_verify,sequential T1000 c1,308,135,898,382,67.2775,69.5513,57.1429,0.7853
E5_eval,200,concentrated_pumper_verifies_instantly,sequential T1000 c1,308,23,898,382,67.2775,69.5513,57.1429,1.0471
E5_eval,200,concentrated_pumper_verifies_humanlike,sequential T1000 c1,308,753,898,382,67.2775,69.5513,57.1429,1.0471
E5_eval,200,concentrated_pumper_solves_challenges,sequential T1000 c1,308,135,898,382,67.2775,69.5513,57.1429,0.7853
E5_eval,200,0.65,sequential T1000 c1,309,0,0,28806,64.3234,64.2661,64.55,1.6628
E5_eval,200,0.8,sequential T1000 c1,309,0,0,28806,79.0287,78.9432,79.3667,1.5309
E5_eval,200,concentrated_pumper_no_verify,sequential T1000 c1,309,83,465,368,61.1413,60.2041,64.8649,2.7174
E5_eval,200,concentrated_pumper_verifies_instantly,sequential T1000 c1,309,16,465,368,61.1413,60.2041,64.8649,2.7174
E5_eval,200,concentrated_pumper_verifies_humanlike,sequential T1000 c1,309,390,465,368,61.1413,60.2041,64.8649,2.7174
E5_eval,200,concentrated_pumper_solves_challenges,sequential T1000 c1,309,104,465,368,61.1413,60.2041,64.8649,2.7174
E5_eval,200,0.65,sequential T1000 c2,300,0,0,28723,63.7573,63.8202,63.5126,1.6502
E5_eval,200,0.8,sequential T1000 c2,300,0,0,28723,78.519,78.6361,78.0633,1.5493
E5_eval,200,concentrated_pumper_no_verify,sequential T1000 c2,300,185,1176,392,65.5612,63.8978,72.1519,2.551
E5_eval,200,concentrated_pumper_verifies_instantly,sequential T1000 c2,300,18,1176,392,65.5612,63.8978,72.1519,2.551
E5_eval,200,concentrated_pumper_verifies_humanlike,sequential T1000 c2,300,961,1176,392,65.5612,63.8978,72.1519,2.551
E5_eval,200,concentrated_pumper_solves_challenges,sequential T1000 c2,300,185,1176,392,65.5612,63.8978,72.1519,2.551
E5_eval,200,0.65,sequential T1000 c2,301,0,0,28849,64.0611,64.0866,63.9589,1.643
E5_eval,200,0.8,sequential T1000 c2,301,0,0,28849,78.9317,78.7662,79.5965,1.6326
E5_eval,200,concentrated_pumper_no_verify,sequential T1000 c2,301,56,355,395,67.5949,66.7692,71.4286,1.7722
E5_eval,200,concentrated_pumper_verifies_instantly,sequential T1000 c2,301,16,355,395,67.5949,66.7692,71.4286,1.7722
E5_eval,200,concentrated_pumper_verifies_humanlike,sequential T1000 c2,301,353,355,395,67.5949,66.7692,71.4286,1.7722
E5_eval,200,concentrated_pumper_solves_challenges,sequential T1000 c2,301,65,355,395,67.5949,66.7692,71.4286,1.7722
E5_eval,200,0.65,sequential T1000 c2,302,0,0,28846,64.151,64.1972,63.9601,1.6363
E5_eval,200,0.8,sequential T1000 c2,302,0,0,28846,78.9087,78.7947,79.3803,1.56
E5_eval,200,concentrated_pumper_no_verify,sequential T1000 c2,302,74,434,401,65.0873,64.8649,66.1765,0.9975
E5_eval,200,concentrated_pumper_verifies_instantly,sequential T1000 c2,302,19,434,401,65.0873,64.8649,66.1765,0.9975
E5_eval,200,concentrated_pumper_verifies_humanlike,sequential T1000 c2,302,430,434,401,65.0873,64.8649,66.1765,0.9975
E5_eval,200,concentrated_pumper_solves_challenges,sequential T1000 c2,302,74,434,401,65.0873,64.8649,66.1765,0.9975
E5_eval,200,0.65,sequential T1000 c2,303,0,0,28626,63.9943,64.0173,63.9029,1.7117
E5_eval,200,0.8,sequential T1000 c2,303,0,0,28626,78.7955,78.5836,79.6357,1.6628
E5_eval,200,concentrated_pumper_no_verify,sequential T1000 c2,303,80,493,410,65.6098,66.6667,61.25,2.439
E5_eval,200,concentrated_pumper_verifies_instantly,sequential T1000 c2,303,18,493,410,65.6098,66.6667,61.25,2.439
E5_eval,200,concentrated_pumper_verifies_humanlike,sequential T1000 c2,303,491,493,410,65.6098,66.6667,61.25,2.439
E5_eval,200,concentrated_pumper_solves_challenges,sequential T1000 c2,303,84,493,410,65.6098,66.6667,61.25,2.439
E5_eval,200,0.65,sequential T1000 c2,304,0,0,28975,64.9008,65.3399,63.1212,1.5082
E5_eval,200,0.8,sequential T1000 c2,304,0,0,28975,79.6514,79.8365,78.9015,1.4875
E5_eval,200,concentrated_pumper_no_verify,sequential T1000 c2,304,148,1050,382,63.6126,65.2459,57.1429,1.3089
E5_eval,200,concentrated_pumper_verifies_instantly,sequential T1000 c2,304,20,1050,382,63.6126,65.2459,57.1429,1.3089
E5_eval,200,concentrated_pumper_verifies_humanlike,sequential T1000 c2,304,1045,1050,382,63.6126,65.2459,57.1429,1.3089
E5_eval,200,concentrated_pumper_solves_challenges,sequential T1000 c2,304,148,1050,382,63.6126,65.2459,57.1429,1.3089
E5_eval,200,0.65,sequential T1000 c2,305,0,0,28937,64.3985,64.2055,65.1861,1.6622
E5_eval,200,0.8,sequential T1000 c2,305,0,0,28937,79.096,79.0026,79.4768,1.5827
E5_eval,200,concentrated_pumper_no_verify,sequential T1000 c2,305,58,294,416,65.3846,64.9842,66.6667,1.6827
E5_eval,200,concentrated_pumper_verifies_instantly,sequential T1000 c2,305,19,294,416,65.3846,64.9842,66.6667,1.6827
E5_eval,200,concentrated_pumper_verifies_humanlike,sequential T1000 c2,305,294,294,416,65.3846,64.9842,66.6667,1.6827
E5_eval,200,concentrated_pumper_solves_challenges,sequential T1000 c2,305,65,294,416,65.3846,64.9842,66.6667,1.6827
E5_eval,200,0.65,sequential T1000 c2,306,0,0,28615,64.0643,64.0837,63.9883,1.639
E5_eval,200,0.8,sequential T1000 c2,306,0,0,28615,79.1019,79.0422,79.3359,1.5901
E5_eval,200,concentrated_pumper_no_verify,sequential T1000 c2,306,147,994,412,62.1359,63.4503,55.7143,2.6699
E5_eval,200,concentrated_pumper_verifies_instantly,sequential T1000 c2,306,21,994,412,62.1359,63.4503,55.7143,2.6699
E5_eval,200,concentrated_pumper_verifies_humanlike,sequential T1000 c2,306,987,994,412,62.1359,63.4503,55.7143,2.6699
E5_eval,200,concentrated_pumper_solves_challenges,sequential T1000 c2,306,147,994,412,62.1359,63.4503,55.7143,2.6699
E5_eval,200,0.65,sequential T1000 c2,307,0,0,28881,64.2118,63.945,65.2689,1.4819
E5_eval,200,0.8,sequential T1000 c2,307,0,0,28881,79.097,78.87,79.9966,1.4369
E5_eval,200,concentrated_pumper_no_verify,sequential T1000 c2,307,105,535,437,64.0732,64.2857,63.2184,2.5172
E5_eval,200,concentrated_pumper_verifies_instantly,sequential T1000 c2,307,16,535,437,64.0732,64.2857,63.2184,2.5172
E5_eval,200,concentrated_pumper_verifies_humanlike,sequential T1000 c2,307,533,535,437,64.0732,64.2857,63.2184,2.5172
E5_eval,200,concentrated_pumper_solves_challenges,sequential T1000 c2,307,105,535,437,64.0732,64.2857,63.2184,2.5172
E5_eval,200,0.65,sequential T1000 c2,308,0,0,28869,63.7916,63.8983,63.3629,1.6488
E5_eval,200,0.8,sequential T1000 c2,308,0,0,28869,78.8008,78.9125,78.3516,1.5934
E5_eval,200,concentrated_pumper_no_verify,sequential T1000 c2,308,135,898,382,67.2775,69.5513,57.1429,0.7853
E5_eval,200,concentrated_pumper_verifies_instantly,sequential T1000 c2,308,27,898,382,67.2775,69.5513,57.1429,1.0471
E5_eval,200,concentrated_pumper_verifies_humanlike,sequential T1000 c2,308,891,898,382,67.2775,69.5513,57.1429,1.0471
E5_eval,200,concentrated_pumper_solves_challenges,sequential T1000 c2,308,152,898,382,67.2775,69.5513,57.1429,0.7853
E5_eval,200,0.65,sequential T1000 c2,309,0,0,28806,64.3303,64.2748,64.55,1.5865
E5_eval,200,0.8,sequential T1000 c2,309,0,0,28806,79.0287,78.9432,79.3667,1.5309
E5_eval,200,concentrated_pumper_no_verify,sequential T1000 c2,309,83,465,368,61.1413,60.2041,64.8649,2.7174
E5_eval,200,concentrated_pumper_verifies_instantly,sequential T1000 c2,309,16,465,368,61.1413,60.2041,64.8649,2.7174
E5_eval,200,concentrated_pumper_verifies_humanlike,sequential T1000 c2,309,462,465,368,61.1413,60.2041,64.8649,2.7174
E5_eval,200,concentrated_pumper_solves_challenges,sequential T1000 c2,309,104,465,368,61.1413,60.2041,64.8649,2.7174
E5_eval,200,0.65,sequential T10000 c0.5,300,0,0,28723,63.7607,63.8246,63.5126,1.6572
E5_eval,200,0.8,sequential T10000 c0.5,300,0,0,28723,78.519,78.6361,78.0633,1.5493
E5_eval,200,concentrated_pumper_no_verify,sequential T10000 c0.5,300,185,1176,392,65.5612,63.8978,72.1519,2.551
E5_eval,200,concentrated_pumper_verifies_instantly,sequential T10000 c0.5,300,24,1176,392,65.5612,63.8978,72.1519,2.551
E5_eval,200,concentrated_pumper_verifies_humanlike,sequential T10000 c0.5,300,276,1176,392,65.5612,63.8978,72.1519,2.551
E5_eval,200,concentrated_pumper_solves_challenges,sequential T10000 c0.5,300,205,1176,392,65.5612,63.8978,72.1519,2.551
E5_eval,200,0.65,sequential T10000 c0.5,301,0,0,28849,64.0611,64.0866,63.9589,1.6881
E5_eval,200,0.8,sequential T10000 c0.5,301,0,0,28849,78.9317,78.7662,79.5965,1.6326
E5_eval,200,concentrated_pumper_no_verify,sequential T10000 c0.5,301,61,355,395,67.5949,66.7692,71.4286,1.7722
E5_eval,200,concentrated_pumper_verifies_instantly,sequential T10000 c0.5,301,22,355,395,67.5949,66.7692,71.4286,1.7722
E5_eval,200,concentrated_pumper_verifies_humanlike,sequential T10000 c0.5,301,353,355,395,67.5949,66.7692,71.4286,1.7722
E5_eval,200,concentrated_pumper_solves_challenges,sequential T10000 c0.5,301,81,355,395,67.5949,66.7692,71.4286,1.7722
E5_eval,200,0.65,sequential T10000 c0.5,302,0,0,28846,64.151,64.1972,63.9601,1.6536
E5_eval,200,0.8,sequential T10000 c0.5,302,0,0,28846,78.9087,78.7947,79.3803,1.56
E5_eval,200,concentrated_pumper_no_verify,sequential T10000 c0.5,302,74,434,401,65.0873,64.8649,66.1765,0.9975
E5_eval,200,concentrated_pumper_verifies_instantly,sequential T10000 c0.5,302,24,434,401,65.0873,64.8649,66.1765,0.9975
E5_eval,200,concentrated_pumper_verifies_humanlike,sequential T10000 c0.5,302,430,434,401,65.0873,64.8649,66.1765,0.9975
E5_eval,200,concentrated_pumper_solves_challenges,sequential T10000 c0.5,302,90,434,401,65.0873,64.8649,66.1765,0.9975
E5_eval,200,0.65,sequential T10000 c0.5,303,0,0,28626,63.9908,64.0129,63.9029,1.6978
E5_eval,200,0.8,sequential T10000 c0.5,303,0,0,28626,78.7955,78.5836,79.6357,1.6628
E5_eval,200,concentrated_pumper_no_verify,sequential T10000 c0.5,303,84,493,410,65.6098,66.6667,61.25,2.439
E5_eval,200,concentrated_pumper_verifies_instantly,sequential T10000 c0.5,303,21,493,410,65.6098,66.6667,61.25,2.439
E5_eval,200,concentrated_pumper_verifies_humanlike,sequential T10000 c0.5,303,491,493,410,65.6098,66.6667,61.25,2.439
E5_eval,200,concentrated_pumper_solves_challenges,sequential T10000 c0.5,303,101,493,410,65.6098,66.6667,61.25,2.439
E5_eval,200,0.65,sequential T10000 c0.5,304,0,0,28975,64.9008,65.3399,63.1212,1.5013
E5_eval,200,0.8,sequential T10000 c0.5,304,0,0,28975,79.6514,79.8365,78.9015,1.4875
E5_eval,200,concentrated_pumper_no_verify,sequential T10000 c0.5,304,148,1050,382,63.6126,65.2459,57.1429,0.7853
E5_eval,200,concentrated_pumper_verifies_instantly,sequential T10000 c0.5,304,27,1050,382,63.6126,65.2459,57.1429,0.7853
E5_eval,200,concentrated_pumper_verifies_humanlike,sequential T10000 c0.5,304,490,1050,382,63.6126,65.2459,57.1429,0.7853
E5_eval,200,concentrated_pumper_solves_challenges,sequential T10000 c0.5,304,148,1050,382,63.6126,65.2459,57.1429,0.7853
E5_eval,200,0.65,sequential T10000 c0.5,305,0,0,28937,64.4054,64.2141,65.1861,1.6139
E5_eval,200,0.8,sequential T10000 c0.5,305,0,0,28937,79.096,79.0026,79.4768,1.5827
E5_eval,200,concentrated_pumper_no_verify,sequential T10000 c0.5,305,61,294,416,65.625,65.2997,66.6667,1.2019
E5_eval,200,concentrated_pumper_verifies_instantly,sequential T10000 c0.5,305,23,294,416,65.625,65.2997,66.6667,1.2019
E5_eval,200,concentrated_pumper_verifies_humanlike,sequential T10000 c0.5,305,294,294,416,65.625,65.2997,66.6667,1.2019
E5_eval,200,concentrated_pumper_solves_challenges,sequential T10000 c0.5,305,82,294,416,65.625,65.2997,66.6667,1.2019
E5_eval,200,0.65,sequential T10000 c0.5,306,0,0,28615,64.0678,64.0881,63.9883,1.646
E5_eval,200,0.8,sequential T10000 c0.5,306,0,0,28615,79.1019,79.0422,79.3359,1.5901
E5_eval,200,concentrated_pumper_no_verify,sequential T10000 c0.5,306,147,994,412,62.3786,63.7427,55.7143,1.699
E5_eval,200,concentrated_pumper_verifies_instantly,sequential T10000 c0.5,306,25,994,412,62.3786,63.7427,55.7143,1.699
E5_eval,200,concentrated_pumper_verifies_humanlike,sequential T10000 c0.5,306,483,994,412,62.3786,63.7427,55.7143,1.699
E5_eval,200,concentrated_pumper_solves_challenges,sequential T10000 c0.5,306,171,994,412,62.3786,63.7427,55.7143,1.699
E5_eval,200,0.65,sequential T10000 c0.5,307,0,0,28881,64.2118,63.945,65.2689,1.4369
E5_eval,200,0.8,sequential T10000 c0.5,307,0,0,28881,79.097,78.87,79.9966,1.4369
E5_eval,200,concentrated_pumper_no_verify,sequential T10000 c0.5,307,105,535,437,64.0732,64.2857,63.2184,1.8307
E5_eval,200,concentrated_pumper_verifies_instantly,sequential T10000 c0.5,307,21,535,437,64.0732,64.2857,63.2184,1.8307
E5_eval,200,concentrated_pumper_verifies_humanlike,sequential T10000 c0.5,307,533,535,437,64.0732,64.2857,63.2184,1.8307
E5_eval,200,concentrated_pumper_solves_challenges,sequential T10000 c0.5,307,126,535,437,64.0732,64.2857,63.2184,1.8307
E5_eval,200,0.65,sequential T10000 c0.5,308,0,0,28869,63.7916,63.8983,63.3629,1.6488
E5_eval,200,0.8,sequential T10000 c0.5,308,0,0,28869,78.8008,78.9125,78.3516,1.5934
E5_eval,200,concentrated_pumper_no_verify,sequential T10000 c0.5,308,135,898,382,67.2775,69.5513,57.1429,0.7853
E5_eval,200,concentrated_pumper_verifies_instantly,sequential T10000 c0.5,308,34,898,382,67.2775,69.5513,57.1429,1.0471
E5_eval,200,concentrated_pumper_verifies_humanlike,sequential T10000 c0.5,308,753,898,382,67.2775,69.5513,57.1429,1.0471
E5_eval,200,concentrated_pumper_solves_challenges,sequential T10000 c0.5,308,165,898,382,67.2775,69.5513,57.1429,0.7853
E5_eval,200,0.65,sequential T10000 c0.5,309,0,0,28806,64.3269,64.2705,64.55,1.6004
E5_eval,200,0.8,sequential T10000 c0.5,309,0,0,28806,79.0287,78.9432,79.3667,1.5101
E5_eval,200,concentrated_pumper_no_verify,sequential T10000 c0.5,309,83,465,368,61.1413,60.2041,64.8649,1.9022
E5_eval,200,concentrated_pumper_verifies_instantly,sequential T10000 c0.5,309,22,465,368,61.1413,60.2041,64.8649,1.9022
E5_eval,200,concentrated_pumper_verifies_humanlike,sequential T10000 c0.5,309,390,465,368,61.1413,60.2041,64.8649,1.9022
E5_eval,200,concentrated_pumper_solves_challenges,sequential T10000 c0.5,309,104,465,368,61.1413,60.2041,64.8649,1.9022
E5_eval,200,0.65,sequential T300 c0,300,0,0,28723,63.437,63.4175,63.5126,6.9526
E5_eval,200,0.8,sequential T300 c0,300,0,0,28723,78.4458,78.5442,78.0633,2.6564
E5_eval,200,concentrated_pumper_no_verify,sequential T300 c0,300,185,1176,392,65.3061,63.5783,72.1519,7.398
E5_eval,200,concentrated_pumper_verifies_instantly,sequential T300 c0,300,17,1176,392,65.3061,63.5783,72.1519,7.398
E5_eval,200,concentrated_pumper_verifies_humanlike,sequential T300 c0,300,187,1176,392,65.3061,63.5783,72.1519,7.398
E5_eval,200,concentrated_pumper_solves_challenges,sequential T300 c0,300,185,1176,392,65.3061,63.5783,72.1519,7.398
E5_eval,200,0.65,sequential T300 c0,301,0,0,28849,63.6902,63.6234,63.9589,6.6796
E5_eval,200,0.8,sequential T300 c0,301,0,0,28849,78.8416,78.6537,79.5965,2.7003
E5_eval,200,concentrated_pumper_no_verify,sequential T300 c0,301,56,355,395,67.5949,66.7692,71.4286,3.2911
E5_eval,200,concentrated_pumper_verifies_instantly,sequential T300 c0,301,13,355,395,67.5949,66.7692,71.4286,3.2911
E5_eval,200,concentrated_pumper_verifies_humanlike,sequential T300 c0,301,82,355,395,67.5949,66.7692,71.4286,3.2911
E5_eval,200,concentrated_pumper_solves_challenges,sequential T300 c0,301,65,355,395,67.5949,66.7692,71.4286,3.2911
E5_eval,200,0.65,sequential T300 c0,302,0,0,28846,63.8113,63.7753,63.9601,6.1395
E5_eval,200,0.8,sequential T300 c0,302,0,0,28846,78.8186,78.6827,79.3803,2.6901
E5_eval,200,concentrated_pumper_no_verify,sequential T300 c0,302,65,434,401,64.3392,63.964,66.1765,8.4788
E5_eval,200,concentrated_pumper_verifies_instantly,sequential T300 c0,302,15,434,401,64.3392,63.964,66.1765,8.4788
E5_eval,200,concentrated_pumper_verifies_humanlike,sequential T300 c0,302,131,434,401,64.3392,63.964,66.1765,8.4788
E5_eval,200,concentrated_pumper_solves_challenges,sequential T300 c0,302,74,434,401,64.3392,63.964,66.1765,8.4788
E5_eval,200,0.65,sequential T300 c0,303,0,0,28626,63.7288,63.6849,63.9029,6.4103
E5_eval,200,0.8,sequential T300 c0,303,0,0,28626,78.7536,78.5311,79.6357,2.4453
E5_eval,200,concentrated_pumper_no_verify,sequential T300 c0,303,80,493,410,65.6098,66.6667,61.25,7.8049
E5_eval,200,concentrated_pumper_verifies_instantly,sequential T300 c0,303,12,493,410,65.6098,66.6667,61.25,7.8049
E5_eval,200,concentrated_pumper_verifies_humanlike,sequential T300 c0,303,147,493,410,65.6098,66.6667,61.25,7.8049
E5_eval,200,concentrated_pumper_solves_challenges,sequential T300 c0,303,84,493,410,65.6098,66.6667,61.25,7.8049
E5_eval,200,0.65,sequential T300 c0,304,0,0,28975,64.6316,65.0043,63.1212,5.4012
E5_eval,200,0.8,sequential T300 c0,304,0,0,28975,79.5962,79.7676,78.9015,2.1536
E5_eval,200,concentrated_pumper_no_verify,sequential T300 c0,304,148,1050,382,63.089,64.5902,57.1429,6.8063
E5_eval,200,concentrated_pumper_verifies_instantly,sequential T300 c0,304,18,1050,382,63.089,64.5902,57.1429,6.8063
E5_eval,200,concentrated_pumper_verifies_humanlike,sequential T300 c0,304,167,1050,382,63.089,64.5902,57.1429,6.8063
E5_eval,200,concentrated_pumper_solves_challenges,sequential T300 c0,304,148,1050,382,63.089,64.5902,57.1429,6.8063
E5_eval,200,0.65,sequential T300 c0,305,0,0,28937,64.046,63.7666,65.1861,7.0014
E5_eval,200,0.8,sequential T300 c0,305,0,0,28937,78.9577,78.8305,79.4768,2.6955
E5_eval,200,concentrated_pumper_no_verify,sequential T300 c0,305,51,294,416,64.6635,64.0379,66.6667,7.4519
E5_eval,200,concentrated_pumper_verifies_instantly,sequential T300 c0,305,15,294,416,64.6635,64.0379,66.6667,7.4519
E5_eval,200,concentrated_pumper_verifies_humanlike,sequential T300 c0,305,111,294,416,64.6635,64.0379,66.6667,7.4519
E5_eval,200,concentrated_pumper_solves_challenges,sequential T300 c0,305,61,294,416,64.6635,64.0379,66.6667,7.4519
E5_eval,200,0.65,sequential T300 c0,306,0,0,28615,63.6589,63.575,63.9883,6.8111
E5_eval,200,0.8,sequential T300 c0,306,0,0,28615,79.0075,78.9238,79.3359,2.6909
E5_eval,200,concentrated_pumper_no_verify,sequential T300 c0,306,147,994,412,62.1359,63.4503,55.7143,8.9806
E5_eval,200,concentrated_pumper_verifies_instantly,sequential T300 c0,306,16,994,412,62.1359,63.4503,55.7143,8.9806
E5_eval,200,concentrated_pumper_verifies_humanlike,sequential T300 c0,306,192,994,412,62.1359,63.4503,55.7143,8.9806
E5_eval,200,concentrated_pumper_solves_challenges,sequential T300 c0,306,147,994,412,62.1359,63.4503,55.7143,8.9806
E5_eval,200,0.65,sequential T300 c0,307,0,0,28881,63.8413,63.4811,65.2689,6.5753
E5_eval,200,0.8,sequential T300 c0,307,0,0,28881,78.9758,78.7182,79.9966,2.6938
E5_eval,200,concentrated_pumper_no_verify,sequential T300 c0,307,105,535,437,63.8444,64.0,63.2184,6.865
E5_eval,200,concentrated_pumper_verifies_instantly,sequential T300 c0,307,15,535,437,63.8444,64.0,63.2184,6.865
E5_eval,200,concentrated_pumper_verifies_humanlike,sequential T300 c0,307,122,535,437,63.8444,64.0,63.2184,6.865
E5_eval,200,concentrated_pumper_solves_challenges,sequential T300 c0,307,105,535,437,63.8444,64.0,63.2184,6.865
E5_eval,200,0.65,sequential T300 c0,308,0,0,28869,63.4972,63.5306,63.3629,6.5052
E5_eval,200,0.8,sequential T300 c0,308,0,0,28869,78.7142,78.8044,78.3516,2.5633
E5_eval,200,concentrated_pumper_no_verify,sequential T300 c0,308,135,898,382,66.7539,68.9103,57.1429,7.3298
E5_eval,200,concentrated_pumper_verifies_instantly,sequential T300 c0,308,17,898,382,66.7539,68.9103,57.1429,7.5916
E5_eval,200,concentrated_pumper_verifies_humanlike,sequential T300 c0,308,171,898,382,66.7539,68.9103,57.1429,7.3298
E5_eval,200,concentrated_pumper_solves_challenges,sequential T300 c0,308,135,898,382,66.7539,68.9103,57.1429,7.3298
E5_eval,200,0.65,sequential T300 c0,309,0,0,28806,63.9554,63.8052,64.55,6.5368
E5_eval,200,0.8,sequential T300 c0,309,0,0,28806,78.9419,78.8345,79.3667,2.5481
E5_eval,200,concentrated_pumper_no_verify,sequential T300 c0,309,78,465,368,61.1413,60.2041,64.8649,6.25
E5_eval,200,concentrated_pumper_verifies_instantly,sequential T300 c0,309,13,465,368,61.1413,60.2041,64.8649,6.25
E5_eval,200,concentrated_pumper_verifies_humanlike,sequential T300 c0,309,128,465,368,61.1413,60.2041,64.8649,6.25
E5_eval,200,concentrated_pumper_solves_challenges,sequential T300 c0,309,83,465,368,61.1413,60.2041,64.8649,6.25
E5_eval,200,0.65,sequential T300 cinf,300,0,0,28723,63.7433,63.8027,63.5126,1.7547
E5_eval,200,0.8,sequential T300 cinf,300,0,0,28723,78.519,78.6361,78.0633,1.5632
E5_eval,200,concentrated_pumper_no_verify,sequential T300 cinf,300,185,1176,392,65.5612,63.8978,72.1519,3.8265
E5_eval,200,concentrated_pumper_verifies_instantly,sequential T300 cinf,300,17,1176,392,65.5612,63.8978,72.1519,3.8265
E5_eval,200,concentrated_pumper_verifies_humanlike,sequential T300 cinf,300,1163,1176,392,65.5612,63.8978,72.1519,3.8265
E5_eval,200,concentrated_pumper_solves_challenges,sequential T300 cinf,300,185,1176,392,65.5612,63.8978,72.1519,3.8265
E5_eval,200,0.65,sequential T300 cinf,301,0,0,28849,64.0611,64.0866,63.9589,1.7054
E5_eval,200,0.8,sequential T300 cinf,301,0,0,28849,78.9317,78.7662,79.5965,1.6326
E5_eval,200,concentrated_pumper_no_verify,sequential T300 cinf,301,56,355,395,67.5949,66.7692,71.4286,2.2785
E5_eval,200,concentrated_pumper_verifies_instantly,sequential T300 cinf,301,13,355,395,67.5949,66.7692,71.4286,2.2785
E5_eval,200,concentrated_pumper_verifies_humanlike,sequential T300 cinf,301,353,355,395,67.5949,66.7692,71.4286,2.2785
E5_eval,200,concentrated_pumper_solves_challenges,sequential T300 cinf,301,65,355,395,67.5949,66.7692,71.4286,2.2785
E5_eval,200,0.65,sequential T300 cinf,302,0,0,28846,64.1441,64.1885,63.9601,1.6917
E5_eval,200,0.8,sequential T300 cinf,302,0,0,28846,78.9052,78.7904,79.3803,1.5843
E5_eval,200,concentrated_pumper_no_verify,sequential T300 cinf,302,65,434,401,64.8379,64.5646,66.1765,1.995
E5_eval,200,concentrated_pumper_verifies_instantly,sequential T300 cinf,302,15,434,401,64.8379,64.5646,66.1765,1.995
E5_eval,200,concentrated_pumper_verifies_humanlike,sequential T300 cinf,302,430,434,401,64.8379,64.5646,66.1765,1.995
E5_eval,200,concentrated_pumper_solves_challenges,sequential T300 cinf,302,74,434,401,64.8379,64.5646,66.1765,1.995
E5_eval,200,0.65,sequential T300 cinf,303,0,0,28626,63.9908,64.0129,63.9029,1.7397
E5_eval,200,0.8,sequential T300 cinf,303,0,0,28626,78.7955,78.5836,79.6357,1.6768
E5_eval,200,concentrated_pumper_no_verify,sequential T300 cinf,303,80,493,410,65.6098,66.6667,61.25,2.6829
E5_eval,200,concentrated_pumper_verifies_instantly,sequential T300 cinf,303,12,493,410,65.6098,66.6667,61.25,2.6829
E5_eval,200,concentrated_pumper_verifies_humanlike,sequential T300 cinf,303,491,493,410,65.6098,66.6667,61.25,2.6829
E5_eval,200,concentrated_pumper_solves_challenges,sequential T300 cinf,303,84,493,410,65.6098,66.6667,61.25,2.6829
E5_eval,200,0.65,sequential T300 cinf,304,0,0,28975,64.9008,65.3399,63.1212,1.5151
E5_eval,200,0.8,sequential T300 cinf,304,0,0,28975,79.6514,79.8365,78.9015,1.4875
E5_eval,200,concentrated_pumper_no_verify,sequential T300 cinf,304,148,1050,382,63.6126,65.2459,57.1429,0.7853
E5_eval,200,concentrated_pumper_verifies_instantly,sequential T300 cinf,304,18,1050,382,63.6126,65.2459,57.1429,0.7853
E5_eval,200,concentrated_pumper_verifies_humanlike,sequential T300 cinf,304,1045,1050,382,63.6126,65.2459,57.1429,0.7853
E5_eval,200,concentrated_pumper_solves_challenges,sequential T300 cinf,304,148,1050,382,63.6126,65.2459,57.1429,0.7853
E5_eval,200,0.65,sequential T300 cinf,305,0,0,28937,64.3916,64.1969,65.1861,1.7763
E5_eval,200,0.8,sequential T300 cinf,305,0,0,28937,79.096,79.0026,79.4768,1.5827
E5_eval,200,concentrated_pumper_no_verify,sequential T300 cinf,305,51,294,416,65.1442,64.6688,66.6667,2.6442
E5_eval,200,concentrated_pumper_verifies_instantly,sequential T300 cinf,305,15,294,416,65.1442,64.6688,66.6667,2.6442
E5_eval,200,concentrated_pumper_verifies_humanlike,sequential T300 cinf,305,294,294,416,65.1442,64.6688,66.6667,2.6442
E5_eval,200,concentrated_pumper_solves_challenges,sequential T300 cinf,305,61,294,416,65.1442,64.6688,66.6667,2.6442
E5_eval,200,0.65,sequential T300 cinf,306,0,0,28615,64.0503,64.0661,63.9883,1.7508
E5_eval,200,0.8,sequential T300 cinf,306,0,0,28615,79.1019,79.0422,79.3359,1.5901
E5_eval,200,concentrated_pumper_no_verify,sequential T300 cinf,306,147,994,412,62.1359,63.4503,55.7143,2.9126
E5_eval,200,concentrated_pumper_verifies_instantly,sequential T300 cinf,306,16,994,412,62.1359,63.4503,55.7143,2.9126
E5_eval,200,concentrated_pumper_verifies_humanlike,sequential T300 cinf,306,987,994,412,62.1359,63.4503,55.7143,2.9126
E5_eval,200,concentrated_pumper_solves_challenges,sequential T300 cinf,306,147,994,412,62.1359,63.4503,55.7143,2.9126
E5_eval,200,0.65,sequential T300 cinf,307,0,0,28881,64.2118,63.945,65.2689,1.5339
E5_eval,200,0.8,sequential T300 cinf,307,0,0,28881,79.097,78.87,79.9966,1.4369
E5_eval,200,concentrated_pumper_no_verify,sequential T300 cinf,307,105,535,437,64.0732,64.2857,63.2184,2.9748
E5_eval,200,concentrated_pumper_verifies_instantly,sequential T300 cinf,307,15,535,437,64.0732,64.2857,63.2184,2.9748
E5_eval,200,concentrated_pumper_verifies_humanlike,sequential T300 cinf,307,533,535,437,64.0732,64.2857,63.2184,2.9748
E5_eval,200,concentrated_pumper_solves_challenges,sequential T300 cinf,307,105,535,437,64.0732,64.2857,63.2184,2.9748
E5_eval,200,0.65,sequential T300 cinf,308,0,0,28869,63.7881,63.8939,63.3629,1.725
E5_eval,200,0.8,sequential T300 cinf,308,0,0,28869,78.8008,78.9125,78.3516,1.5969
E5_eval,200,concentrated_pumper_no_verify,sequential T300 cinf,308,135,898,382,67.0157,69.2308,57.1429,2.0942
E5_eval,200,concentrated_pumper_verifies_instantly,sequential T300 cinf,308,26,898,382,67.0157,69.2308,57.1429,2.356
E5_eval,200,concentrated_pumper_verifies_humanlike,sequential T300 cinf,308,891,898,382,67.0157,69.2308,57.1429,2.356
E5_eval,200,concentrated_pumper_solves_challenges,sequential T300 cinf,308,135,898,382,67.0157,69.2308,57.1429,2.0942
E5_eval,200,0.65,sequential T300 cinf,309,0,0,28806,64.3234,64.2661,64.55,1.6628
E5_eval,200,0.8,sequential T300 cinf,309,0,0,28806,79.0287,78.9432,79.3667,1.5275
E5_eval,200,concentrated_pumper_no_verify,sequential T300 cinf,309,78,465,368,61.1413,60.2041,64.8649,2.9891
E5_eval,200,concentrated_pumper_verifies_instantly,sequential T300 cinf,309,13,465,368,61.1413,60.2041,64.8649,2.9891
E5_eval,200,concentrated_pumper_verifies_humanlike,sequential T300 cinf,309,462,465,368,61.1413,60.2041,64.8649,2.9891
E5_eval,200,concentrated_pumper_solves_challenges,sequential T300 cinf,309,83,465,368,61.1413,60.2041,64.8649,2.9891
E5_eval,1000,0.65,counter graded 3/60 min,300,0,0,28742,63.6768,63.8023,63.1849,6.861
E5_eval,1000,0.8,counter graded 3/60 min,300,0,0,28742,78.4288,78.4735,78.2534,6.8576
E5_eval,1000,concentrated_pumper_no_verify,counter graded 3/60 min,300,9,1176,446,63.0045,63.5854,60.6742,8.7444
E5_eval,1000,concentrated_pumper_verifies_instantly,counter graded 3/60 min,300,9,1176,446,63.0045,63.5854,60.6742,8.7444
E5_eval,1000,concentrated_pumper_verifies_humanlike,counter graded 3/60 min,300,9,1176,446,63.0045,63.5854,60.6742,8.7444
E5_eval,1000,concentrated_pumper_solves_challenges,counter graded 3/60 min,300,18,1176,446,63.0045,63.5854,60.6742,8.5202
E5_eval,1000,0.65,counter graded 3/60 min,301,0,0,28845,63.3801,63.1672,64.2468,7.0549
E5_eval,1000,0.8,counter graded 3/60 min,301,0,0,28845,78.641,78.593,78.8364,7.0549
E5_eval,1000,concentrated_pumper_no_verify,counter graded 3/60 min,301,9,355,401,67.581,68.4543,64.2857,6.9825
E5_eval,1000,concentrated_pumper_verifies_instantly,counter graded 3/60 min,301,9,355,401,67.581,68.4543,64.2857,6.9825
E5_eval,1000,concentrated_pumper_verifies_humanlike,counter graded 3/60 min,301,9,355,401,67.581,68.4543,64.2857,6.9825
E5_eval,1000,concentrated_pumper_solves_challenges,counter graded 3/60 min,301,18,355,401,67.581,68.4543,64.2857,6.9825
E5_eval,1000,0.65,counter graded 3/60 min,302,0,0,28923,64.2119,63.8989,65.4793,7.1085
E5_eval,1000,0.8,counter graded 3/60 min,302,0,0,28923,78.7159,78.4316,79.8673,7.1085
E5_eval,1000,concentrated_pumper_no_verify,counter graded 3/60 min,302,9,434,437,63.1579,63.4349,61.8421,8.0092
E5_eval,1000,concentrated_pumper_verifies_instantly,counter graded 3/60 min,302,10,434,437,63.1579,63.4349,61.8421,8.0092
E5_eval,1000,concentrated_pumper_verifies_humanlike,counter graded 3/60 min,302,10,434,437,63.1579,63.4349,61.8421,8.0092
E5_eval,1000,concentrated_pumper_solves_challenges,counter graded 3/60 min,302,18,434,437,63.1579,63.4349,61.8421,8.0092
E5_eval,1000,0.65,counter graded 3/60 min,303,0,0,28914,63.7442,63.4845,64.764,7.2491
E5_eval,1000,0.8,counter graded 3/60 min,303,0,0,28914,78.4741,78.3337,79.0254,7.2491
E5_eval,1000,concentrated_pumper_no_verify,counter graded 3/60 min,303,9,493,398,63.0653,62.2581,65.9091,8.2915
E5_eval,1000,concentrated_pumper_verifies_instantly,counter graded 3/60 min,303,9,493,398,63.0653,62.2581,65.9091,8.2915
E5_eval,1000,concentrated_pumper_verifies_humanlike,counter graded 3/60 min,303,9,493,398,63.0653,62.2581,65.9091,8.2915
E5_eval,1000,concentrated_pumper_solves_challenges,counter graded 3/60 min,303,18,493,398,63.0653,62.2581,65.9091,8.2915
E5_eval,1000,0.65,counter graded 3/60 min,304,0,0,28724,64.3016,63.9997,65.5209,7.1404
E5_eval,1000,0.8,counter graded 3/60 min,304,0,0,28724,78.9166,78.6074,80.1649,7.1404
E5_eval,1000,concentrated_pumper_no_verify,counter graded 3/60 min,304,9,1050,395,63.5443,62.6959,67.1053,7.0886
E5_eval,1000,concentrated_pumper_verifies_instantly,counter graded 3/60 min,304,9,1050,395,63.5443,62.6959,67.1053,7.0886
E5_eval,1000,concentrated_pumper_verifies_humanlike,counter graded 3/60 min,304,9,1050,395,63.5443,62.6959,67.1053,7.0886
E5_eval,1000,concentrated_pumper_solves_challenges,counter graded 3/60 min,304,18,1050,395,63.5443,62.6959,67.1053,7.0886
E5_eval,1000,0.65,counter graded 3/60 min,305,0,0,28808,63.9128,63.7304,64.6369,7.2133
E5_eval,1000,0.8,counter graded 3/60 min,305,0,0,28808,78.6899,78.5668,79.1789,7.2133
E5_eval,1000,concentrated_pumper_no_verify,counter graded 3/60 min,305,9,294,406,66.0099,64.1935,71.875,6.6502
E5_eval,1000,concentrated_pumper_verifies_instantly,counter graded 3/60 min,305,9,294,406,66.0099,64.1935,71.875,6.6502
E5_eval,1000,concentrated_pumper_verifies_humanlike,counter graded 3/60 min,305,9,294,406,66.0099,64.1935,71.875,6.6502
E5_eval,1000,concentrated_pumper_solves_challenges,counter graded 3/60 min,305,18,294,406,66.0099,64.1935,71.875,6.6502
E5_eval,1000,0.65,counter graded 3/60 min,306,0,0,28959,63.583,63.5522,63.7078,6.9305
E5_eval,1000,0.8,counter graded 3/60 min,306,0,0,28959,78.625,78.6624,78.4728,6.927
E5_eval,1000,concentrated_pumper_no_verify,counter graded 3/60 min,306,9,994,415,61.9277,61.1801,64.5161,8.1928
E5_eval,1000,concentrated_pumper_verifies_instantly,counter graded 3/60 min,306,10,994,415,61.9277,61.1801,64.5161,8.1928
E5_eval,1000,concentrated_pumper_verifies_humanlike,counter graded 3/60 min,306,9,994,415,61.9277,61.1801,64.5161,8.1928
E5_eval,1000,concentrated_pumper_solves_challenges,counter graded 3/60 min,306,18,994,415,61.9277,61.1801,64.5161,8.1928
E5_eval,1000,0.65,counter graded 3/60 min,307,0,0,29036,63.5659,63.7117,62.9746,6.9844
E5_eval,1000,0.8,counter graded 3/60 min,307,0,0,29036,78.2649,78.1703,78.6486,6.9844
E5_eval,1000,concentrated_pumper_no_verify,counter graded 3/60 min,307,8,535,388,62.1134,62.987,58.75,7.732
E5_eval,1000,concentrated_pumper_verifies_instantly,counter graded 3/60 min,307,8,535,388,62.1134,62.987,58.75,7.732
E5_eval,1000,concentrated_pumper_verifies_humanlike,counter graded 3/60 min,307,8,535,388,62.1134,62.987,58.75,7.732
E5_eval,1000,concentrated_pumper_solves_challenges,counter graded 3/60 min,307,17,535,388,62.1134,62.987,58.75,7.732
E5_eval,1000,0.65,counter graded 3/60 min,308,0,0,28904,63.6002,63.4132,64.337,6.9402
E5_eval,1000,0.8,counter graded 3/60 min,308,0,0,28904,78.2694,78.1754,78.6398,6.9402
E5_eval,1000,concentrated_pumper_no_verify,counter graded 3/60 min,308,9,898,410,65.8537,65.1786,68.9189,4.3902
E5_eval,1000,concentrated_pumper_verifies_instantly,counter graded 3/60 min,308,10,898,410,65.8537,65.1786,68.9189,4.3902
E5_eval,1000,concentrated_pumper_verifies_humanlike,counter graded 3/60 min,308,10,898,410,65.8537,65.1786,68.9189,4.3902
E5_eval,1000,concentrated_pumper_solves_challenges,counter graded 3/60 min,308,18,898,410,65.8537,65.1786,68.9189,4.3902
E5_eval,1000,0.65,counter graded 3/60 min,309,0,0,28807,63.9463,63.7008,64.9488,7.0295
E5_eval,1000,0.8,counter graded 3/60 min,309,0,0,28807,78.7482,78.5532,79.5447,7.0295
E5_eval,1000,concentrated_pumper_no_verify,counter graded 3/60 min,309,7,465,398,64.3216,65.7321,58.4416,8.5427
E5_eval,1000,concentrated_pumper_verifies_instantly,counter graded 3/60 min,309,7,465,398,64.3216,65.7321,58.4416,8.5427
E5_eval,1000,concentrated_pumper_verifies_humanlike,counter graded 3/60 min,309,7,465,398,64.3216,65.7321,58.4416,8.5427
E5_eval,1000,concentrated_pumper_solves_challenges,counter graded 3/60 min,309,16,465,398,64.3216,65.7321,58.4416,8.5427
E5_eval,1000,0.65,counter graded 40/day,300,0,0,28742,64.0109,64.2215,63.1849,1.5691
E5_eval,1000,0.8,counter graded 40/day,300,0,0,28742,78.8428,78.9931,78.2534,1.5691
E5_eval,1000,concentrated_pumper_no_verify,counter graded 40/day,300,119,1176,446,63.4529,64.1457,60.6742,1.7937
E5_eval,1000,concentrated_pumper_verifies_instantly,counter graded 40/day,300,122,1176,446,63.4529,64.1457,60.6742,1.7937
E5_eval,1000,concentrated_pumper_verifies_humanlike,counter graded 40/day,300,121,1176,446,63.4529,64.1457,60.6742,2.0179
E5_eval,1000,concentrated_pumper_solves_challenges,counter graded 40/day,300,239,1176,446,63.4529,64.1457,60.6742,1.7937
E5_eval,1000,0.65,counter graded 40/day,301,0,0,28845,63.6575,63.5127,64.2468,1.8513
E5_eval,1000,0.8,counter graded 40/day,301,0,0,28845,78.9773,79.0119,78.8364,1.8513
E5_eval,1000,concentrated_pumper_no_verify,counter graded 40/day,301,120,355,401,67.581,68.4543,64.2857,1.2469
E5_eval,1000,concentrated_pumper_verifies_instantly,counter graded 40/day,301,120,355,401,67.581,68.4543,64.2857,1.2469
E5_eval,1000,concentrated_pumper_verifies_humanlike,counter graded 40/day,301,120,355,401,67.581,68.4543,64.2857,1.2469
E5_eval,1000,concentrated_pumper_solves_challenges,counter graded 40/day,301,240,355,401,67.581,68.4543,64.2857,1.2469
E5_eval,1000,0.65,counter graded 40/day,302,0,0,28923,64.568,64.343,65.4793,1.8809
E5_eval,1000,0.8,counter graded 40/day,302,0,0,28923,79.1585,78.9834,79.8673,1.8809
E5_eval,1000,concentrated_pumper_no_verify,counter graded 40/day,302,120,434,437,63.6156,63.9889,61.8421,3.2037
E5_eval,1000,concentrated_pumper_verifies_instantly,counter graded 40/day,302,123,434,437,63.6156,63.9889,61.8421,3.2037
E5_eval,1000,concentrated_pumper_verifies_humanlike,counter graded 40/day,302,122,434,437,63.6156,63.9889,61.8421,3.2037
E5_eval,1000,concentrated_pumper_solves_challenges,counter graded 40/day,302,240,434,437,63.6156,63.9889,61.8421,3.2037
E5_eval,1000,0.65,counter graded 40/day,303,0,0,28914,64.1004,63.9314,64.764,2.0198
E5_eval,1000,0.8,counter graded 40/day,303,0,0,28914,78.9237,78.8978,79.0254,2.0198
E5_eval,1000,concentrated_pumper_no_verify,counter graded 40/day,303,120,493,398,63.8191,63.2258,65.9091,2.5126
E5_eval,1000,concentrated_pumper_verifies_instantly,counter graded 40/day,303,121,493,398,63.8191,63.2258,65.9091,2.5126
E5_eval,1000,concentrated_pumper_verifies_humanlike,counter graded 40/day,303,120,493,398,63.8191,63.2258,65.9091,2.5126
E5_eval,1000,concentrated_pumper_solves_challenges,counter graded 40/day,303,240,493,398,63.8191,63.2258,65.9091,2.5126
E5_eval,1000,0.65,counter graded 40/day,304,0,0,28724,64.6567,64.4427,65.5209,1.7477
E5_eval,1000,0.8,counter graded 40/day,304,0,0,28724,79.3622,79.1634,80.1649,1.7477
E5_eval,1000,concentrated_pumper_no_verify,counter graded 40/day,304,120,1050,395,63.7975,63.0094,67.1053,1.0127
E5_eval,1000,concentrated_pumper_verifies_instantly,counter graded 40/day,304,125,1050,395,63.7975,63.0094,67.1053,1.0127
E5_eval,1000,concentrated_pumper_verifies_humanlike,counter graded 40/day,304,125,1050,395,63.7975,63.0094,67.1053,1.0127
E5_eval,1000,concentrated_pumper_solves_challenges,counter graded 40/day,304,240,1050,395,63.7975,63.0094,67.1053,1.0127
E5_eval,1000,0.65,counter graded 40/day,305,0,0,28808,64.2565,64.1606,64.6369,1.6801
E5_eval,1000,0.8,counter graded 40/day,305,0,0,28808,79.0996,79.0796,79.1789,1.6801
E5_eval,1000,concentrated_pumper_no_verify,counter graded 40/day,305,120,294,406,66.0099,64.1935,71.875,1.9704
E5_eval,1000,concentrated_pumper_verifies_instantly,counter graded 40/day,305,120,294,406,66.0099,64.1935,71.875,1.9704
E5_eval,1000,concentrated_pumper_verifies_humanlike,counter graded 40/day,305,120,294,406,66.0099,64.1935,71.875,1.9704
E5_eval,1000,concentrated_pumper_solves_challenges,counter graded 40/day,305,240,294,406,66.0099,64.1935,71.875,1.9704
E5_eval,1000,0.65,counter graded 40/day,306,0,0,28959,63.8869,63.931,63.7078,1.8578
E5_eval,1000,0.8,counter graded 40/day,306,0,0,28959,79.0048,79.1358,78.4728,1.8578
E5_eval,1000,concentrated_pumper_no_verify,counter graded 40/day,306,120,994,415,62.4096,61.8012,64.5161,2.4096
E5_eval,1000,concentrated_pumper_verifies_instantly,counter graded 40/day,306,125,994,415,62.4096,61.8012,64.5161,2.4096
E5_eval,1000,concentrated_pumper_verifies_humanlike,counter graded 40/day,306,123,994,415,62.4096,61.8012,64.5161,2.4096
E5_eval,1000,concentrated_pumper_solves_challenges,counter graded 40/day,306,240,994,415,62.4096,61.8012,64.5161,2.4096
E5_eval,1000,0.65,counter graded 40/day,307,0,0,29036,63.9344,64.171,62.9746,1.7943
E5_eval,1000,0.8,counter graded 40/day,307,0,0,29036,78.7092,78.7241,78.6486,1.7943
E5_eval,1000,concentrated_pumper_no_verify,counter graded 40/day,307,116,535,388,62.6289,63.6364,58.75,1.5464
E5_eval,1000,concentrated_pumper_verifies_instantly,counter graded 40/day,307,118,535,388,62.6289,63.6364,58.75,1.5464
E5_eval,1000,concentrated_pumper_verifies_humanlike,counter graded 40/day,307,117,535,388,62.6289,63.6364,58.75,1.5464
E5_eval,1000,concentrated_pumper_solves_challenges,counter graded 40/day,307,236,535,388,62.6289,63.6364,58.75,1.5464
E5_eval,1000,0.65,counter graded 40/day,308,0,0,28904,63.9427,63.8426,64.337,1.8337
E5_eval,1000,0.8,counter graded 40/day,308,0,0,28904,78.6881,78.7003,78.6398,1.8337
E5_eval,1000,concentrated_pumper_no_verify,counter graded 40/day,308,116,898,410,65.8537,65.1786,68.9189,1.7073
E5_eval,1000,concentrated_pumper_verifies_instantly,counter graded 40/day,308,120,898,410,65.8537,65.1786,68.9189,1.7073
E5_eval,1000,concentrated_pumper_verifies_humanlike,counter graded 40/day,308,117,898,410,65.8537,65.1786,68.9189,1.7073
E5_eval,1000,concentrated_pumper_solves_challenges,counter graded 40/day,308,236,898,410,65.8537,65.1786,68.9189,1.7073
E5_eval,1000,0.65,counter graded 40/day,309,0,0,28807,64.3108,64.1545,64.9488,1.7808
E5_eval,1000,0.8,counter graded 40/day,309,0,0,28807,79.2169,79.1366,79.5447,1.7808
E5_eval,1000,concentrated_pumper_no_verify,counter graded 40/day,309,116,465,398,64.3216,65.7321,58.4416,1.2563
E5_eval,1000,concentrated_pumper_verifies_instantly,counter graded 40/day,309,120,465,398,64.3216,65.7321,58.4416,1.2563
E5_eval,1000,concentrated_pumper_verifies_humanlike,counter graded 40/day,309,118,465,398,64.3216,65.7321,58.4416,1.2563
E5_eval,1000,concentrated_pumper_solves_challenges,counter graded 40/day,309,236,465,398,64.3216,65.7321,58.4416,1.2563
E5_eval,1000,0.65,counter refuse 80/day,300,0,0,28742,64.0143,64.2258,63.1849,1.4856
E5_eval,1000,0.8,counter refuse 80/day,300,0,0,28742,78.8498,79.0018,78.2534,1.4856
E5_eval,1000,concentrated_pumper_no_verify,counter refuse 80/day,300,239,1176,446,63.2287,63.8655,60.6742,1.7937
E5_eval,1000,concentrated_pumper_verifies_instantly,counter refuse 80/day,300,239,1176,446,63.2287,63.8655,60.6742,1.7937
E5_eval,1000,concentrated_pumper_verifies_humanlike,counter refuse 80/day,300,239,1176,446,63.2287,63.8655,60.6742,1.7937
E5_eval,1000,concentrated_pumper_solves_challenges,counter refuse 80/day,300,239,1176,446,63.2287,63.8655,60.6742,1.7937
E5_eval,1000,0.65,counter refuse 80/day,301,0,0,28845,63.6748,63.5343,64.2468,1.6398
E5_eval,1000,0.8,counter refuse 80/day,301,0,0,28845,78.9981,79.0378,78.8364,1.6398
E5_eval,1000,concentrated_pumper_no_verify,counter refuse 80/day,301,240,355,401,67.581,68.4543,64.2857,1.2469
E5_eval,1000,concentrated_pumper_verifies_instantly,counter refuse 80/day,301,240,355,401,67.581,68.4543,64.2857,1.2469
E5_eval,1000,concentrated_pumper_verifies_humanlike,counter refuse 80/day,301,240,355,401,67.581,68.4543,64.2857,1.2469
E5_eval,1000,concentrated_pumper_solves_challenges,counter refuse 80/day,301,240,355,401,67.581,68.4543,64.2857,1.2469
E5_eval,1000,0.65,counter refuse 80/day,302,0,0,28923,64.5853,64.3645,65.4793,1.6872
E5_eval,1000,0.8,counter refuse 80/day,302,0,0,28923,79.1757,79.005,79.8673,1.6872
E5_eval,1000,concentrated_pumper_no_verify,counter refuse 80/day,302,240,434,437,63.6156,63.9889,61.8421,3.2037
E5_eval,1000,concentrated_pumper_verifies_instantly,counter refuse 80/day,302,240,434,437,63.6156,63.9889,61.8421,3.2037
E5_eval,1000,concentrated_pumper_verifies_humanlike,counter refuse 80/day,302,240,434,437,63.6156,63.9889,61.8421,3.2037
E5_eval,1000,concentrated_pumper_solves_challenges,counter refuse 80/day,302,240,434,437,63.6156,63.9889,61.8421,3.2037
E5_eval,1000,0.65,counter refuse 80/day,303,0,0,28914,64.1212,63.9575,64.764,1.6774
E5_eval,1000,0.8,counter refuse 80/day,303,0,0,28914,78.9445,78.9238,79.0254,1.6774
E5_eval,1000,concentrated_pumper_no_verify,counter refuse 80/day,303,240,493,398,63.8191,63.2258,65.9091,2.5126
E5_eval,1000,concentrated_pumper_verifies_instantly,counter refuse 80/day,303,240,493,398,63.8191,63.2258,65.9091,2.5126
E5_eval,1000,concentrated_pumper_verifies_humanlike,counter refuse 80/day,303,240,493,398,63.8191,63.2258,65.9091,2.5126
E5_eval,1000,concentrated_pumper_solves_challenges,counter refuse 80/day,303,240,493,398,63.8191,63.2258,65.9091,2.5126
E5_eval,1000,0.65,counter refuse 80/day,304,0,0,28724,64.6881,64.4818,65.5209,1.4692
E5_eval,1000,0.8,counter refuse 80/day,304,0,0,28724,79.3935,79.2025,80.1649,1.4692
E5_eval,1000,concentrated_pumper_no_verify,counter refuse 80/day,304,240,1050,395,63.7975,63.0094,67.1053,1.0127
E5_eval,1000,concentrated_pumper_verifies_instantly,counter refuse 80/day,304,240,1050,395,63.7975,63.0094,67.1053,1.0127
E5_eval,1000,concentrated_pumper_verifies_humanlike,counter refuse 80/day,304,240,1050,395,63.7975,63.0094,67.1053,1.0127
E5_eval,1000,concentrated_pumper_solves_challenges,counter refuse 80/day,304,240,1050,395,63.7975,63.0094,67.1053,1.0127
E5_eval,1000,0.65,counter refuse 80/day,305,0,0,28808,64.2669,64.1737,64.6369,1.4475
E5_eval,1000,0.8,counter refuse 80/day,305,0,0,28808,79.1134,79.097,79.1789,1.4475
E5_eval,1000,concentrated_pumper_no_verify,counter refuse 80/day,305,240,294,406,66.0099,64.1935,71.875,1.9704
E5_eval,1000,concentrated_pumper_verifies_instantly,counter refuse 80/day,305,240,294,406,66.0099,64.1935,71.875,1.9704
E5_eval,1000,concentrated_pumper_verifies_humanlike,counter refuse 80/day,305,240,294,406,66.0099,64.1935,71.875,1.9704
E5_eval,1000,concentrated_pumper_solves_challenges,counter refuse 80/day,305,240,294,406,66.0099,64.1935,71.875,1.9704
E5_eval,1000,0.65,counter refuse 80/day,306,0,0,28959,63.9145,63.9654,63.7078,1.6092
E5_eval,1000,0.8,counter refuse 80/day,306,0,0,28959,79.0324,79.1703,78.4728,1.6092
E5_eval,1000,concentrated_pumper_no_verify,counter refuse 80/day,306,240,994,415,62.4096,61.8012,64.5161,2.4096
E5_eval,1000,concentrated_pumper_verifies_instantly,counter refuse 80/day,306,240,994,415,62.4096,61.8012,64.5161,2.4096
E5_eval,1000,concentrated_pumper_verifies_humanlike,counter refuse 80/day,306,240,994,415,62.4096,61.8012,64.5161,2.4096
E5_eval,1000,concentrated_pumper_solves_challenges,counter refuse 80/day,306,240,994,415,62.4096,61.8012,64.5161,2.4096
E5_eval,1000,0.65,counter refuse 80/day,307,0,0,29036,63.9413,64.1796,62.9746,1.5601
E5_eval,1000,0.8,counter refuse 80/day,307,0,0,29036,78.7195,78.737,78.6486,1.5601
E5_eval,1000,concentrated_pumper_no_verify,counter refuse 80/day,307,236,535,388,62.6289,63.6364,58.75,1.5464
E5_eval,1000,concentrated_pumper_verifies_instantly,counter refuse 80/day,307,236,535,388,62.6289,63.6364,58.75,1.5464
E5_eval,1000,concentrated_pumper_verifies_humanlike,counter refuse 80/day,307,236,535,388,62.6289,63.6364,58.75,1.5464
E5_eval,1000,concentrated_pumper_solves_challenges,counter refuse 80/day,307,236,535,388,62.6289,63.6364,58.75,1.5464
E5_eval,1000,0.65,counter refuse 80/day,308,0,0,28904,63.9565,63.86,64.337,1.6572
E5_eval,1000,0.8,counter refuse 80/day,308,0,0,28904,78.7019,78.7177,78.6398,1.6572
E5_eval,1000,concentrated_pumper_no_verify,counter refuse 80/day,308,236,898,410,65.8537,65.1786,68.9189,1.7073
E5_eval,1000,concentrated_pumper_verifies_instantly,counter refuse 80/day,308,236,898,410,65.8537,65.1786,68.9189,1.7073
E5_eval,1000,concentrated_pumper_verifies_humanlike,counter refuse 80/day,308,236,898,410,65.8537,65.1786,68.9189,1.7073
E5_eval,1000,concentrated_pumper_solves_challenges,counter refuse 80/day,308,236,898,410,65.8537,65.1786,68.9189,1.7073
E5_eval,1000,0.65,counter refuse 80/day,309,0,0,28807,64.3177,64.1632,64.9488,1.5205
E5_eval,1000,0.8,counter refuse 80/day,309,0,0,28807,79.2238,79.1452,79.5447,1.5205
E5_eval,1000,concentrated_pumper_no_verify,counter refuse 80/day,309,236,465,398,64.3216,65.7321,58.4416,1.2563
E5_eval,1000,concentrated_pumper_verifies_instantly,counter refuse 80/day,309,236,465,398,64.3216,65.7321,58.4416,1.2563
E5_eval,1000,concentrated_pumper_verifies_humanlike,counter refuse 80/day,309,236,465,398,64.3216,65.7321,58.4416,1.2563
E5_eval,1000,concentrated_pumper_solves_challenges,counter refuse 80/day,309,236,465,398,64.3216,65.7321,58.4416,1.2563
E5_eval,1000,0.65,none,300,0,0,28742,64.0143,64.2258,63.1849,1.4856
E5_eval,1000,0.8,none,300,0,0,28742,78.8498,79.0018,78.2534,1.4856
E5_eval,1000,concentrated_pumper_no_verify,none,300,346,1176,446,63.2287,63.8655,60.6742,1.7937
E5_eval,1000,concentrated_pumper_verifies_instantly,none,300,1142,1176,446,63.4529,64.1457,60.6742,2.0179
E5_eval,1000,concentrated_pumper_verifies_humanlike,none,300,1163,1176,446,63.4529,64.1457,60.6742,2.0179
E5_eval,1000,concentrated_pumper_solves_challenges,none,300,478,1176,446,63.2287,63.8655,60.6742,1.7937
E5_eval,1000,0.65,none,301,0,0,28845,63.6748,63.5343,64.2468,1.6398
E5_eval,1000,0.8,none,301,0,0,28845,78.9981,79.0378,78.8364,1.6398
E5_eval,1000,concentrated_pumper_no_verify,none,301,333,355,401,67.581,68.4543,64.2857,1.2469
E5_eval,1000,concentrated_pumper_verifies_instantly,none,301,352,355,401,67.581,68.4543,64.2857,1.2469
E5_eval,1000,concentrated_pumper_verifies_humanlike,none,301,353,355,401,67.581,68.4543,64.2857,1.2469
E5_eval,1000,concentrated_pumper_solves_challenges,none,301,351,355,401,67.581,68.4543,64.2857,1.2469
E5_eval,1000,0.65,none,302,0,0,28923,64.5853,64.3645,65.4793,1.6872
E5_eval,1000,0.8,none,302,0,0,28923,79.1757,79.005,79.8673,1.6872
E5_eval,1000,concentrated_pumper_no_verify,none,302,343,434,437,63.6156,63.9889,61.8421,3.2037
E5_eval,1000,concentrated_pumper_verifies_instantly,none,302,430,434,437,63.6156,63.9889,61.8421,3.2037
E5_eval,1000,concentrated_pumper_verifies_humanlike,none,302,430,434,437,63.6156,63.9889,61.8421,3.2037
E5_eval,1000,concentrated_pumper_solves_challenges,none,302,421,434,437,63.6156,63.9889,61.8421,3.2037
E5_eval,1000,0.65,none,303,0,0,28914,64.1212,63.9575,64.764,1.6774
E5_eval,1000,0.8,none,303,0,0,28914,78.9445,78.9238,79.0254,1.6774
E5_eval,1000,concentrated_pumper_no_verify,none,303,363,493,398,63.8191,63.2258,65.9091,2.5126
E5_eval,1000,concentrated_pumper_verifies_instantly,none,303,491,493,398,63.8191,63.2258,65.9091,2.5126
E5_eval,1000,concentrated_pumper_verifies_humanlike,none,303,491,493,398,63.8191,63.2258,65.9091,2.5126
E5_eval,1000,concentrated_pumper_solves_challenges,none,303,459,493,398,63.8191,63.2258,65.9091,2.5126
E5_eval,1000,0.65,none,304,0,0,28724,64.6881,64.4818,65.5209,1.4692
E5_eval,1000,0.8,none,304,0,0,28724,79.3935,79.2025,80.1649,1.4692
E5_eval,1000,concentrated_pumper_no_verify,none,304,334,1050,395,63.7975,63.0094,67.1053,1.0127
E5_eval,1000,concentrated_pumper_verifies_instantly,none,304,1029,1050,395,63.7975,63.0094,67.1053,1.0127
E5_eval,1000,concentrated_pumper_verifies_humanlike,none,304,1045,1050,395,63.7975,63.0094,67.1053,1.0127
E5_eval,1000,concentrated_pumper_solves_challenges,none,304,444,1050,395,63.7975,63.0094,67.1053,1.0127
E5_eval,1000,0.65,none,305,0,0,28808,64.2669,64.1737,64.6369,1.4475
E5_eval,1000,0.8,none,305,0,0,28808,79.1134,79.097,79.1789,1.4475
E5_eval,1000,concentrated_pumper_no_verify,none,305,291,294,406,66.0099,64.1935,71.875,1.9704
E5_eval,1000,concentrated_pumper_verifies_instantly,none,305,294,294,406,66.0099,64.1935,71.875,1.9704
E5_eval,1000,concentrated_pumper_verifies_humanlike,none,305,294,294,406,66.0099,64.1935,71.875,1.9704
E5_eval,1000,concentrated_pumper_solves_challenges,none,305,294,294,406,66.0099,64.1935,71.875,1.9704
E5_eval,1000,0.65,none,306,0,0,28959,63.9145,63.9654,63.7078,1.6092
E5_eval,1000,0.8,none,306,0,0,28959,79.0324,79.1703,78.4728,1.6092
E5_eval,1000,concentrated_pumper_no_verify,none,306,331,994,415,62.4096,61.8012,64.5161,2.4096
E5_eval,1000,concentrated_pumper_verifies_instantly,none,306,978,994,415,62.4096,61.8012,64.5161,2.4096
E5_eval,1000,concentrated_pumper_verifies_humanlike,none,306,987,994,415,62.4096,61.8012,64.5161,2.4096
E5_eval,1000,concentrated_pumper_solves_challenges,none,306,455,994,415,62.4096,61.8012,64.5161,2.4096
E5_eval,1000,0.65,none,307,0,0,29036,63.9413,64.1796,62.9746,1.5601
E5_eval,1000,0.8,none,307,0,0,29036,78.7195,78.737,78.6486,1.5601
E5_eval,1000,concentrated_pumper_no_verify,none,307,369,535,388,62.6289,63.6364,58.75,1.5464
E5_eval,1000,concentrated_pumper_verifies_instantly,none,307,533,535,388,62.6289,63.6364,58.75,1.5464
E5_eval,1000,concentrated_pumper_verifies_humanlike,none,307,533,535,388,62.6289,63.6364,58.75,1.5464
E5_eval,1000,concentrated_pumper_solves_challenges,none,307,497,535,388,62.6289,63.6364,58.75,1.5464
E5_eval,1000,0.65,none,308,0,0,28904,63.9565,63.86,64.337,1.6572
E5_eval,1000,0.8,none,308,0,0,28904,78.7019,78.7177,78.6398,1.6572
E5_eval,1000,concentrated_pumper_no_verify,none,308,353,898,410,65.8537,65.1786,68.9189,1.7073
E5_eval,1000,concentrated_pumper_verifies_instantly,none,308,882,898,410,65.8537,65.1786,68.9189,1.7073
E5_eval,1000,concentrated_pumper_verifies_humanlike,none,308,891,898,410,65.8537,65.1786,68.9189,1.7073
E5_eval,1000,concentrated_pumper_solves_challenges,none,308,480,898,410,65.8537,65.1786,68.9189,1.7073
E5_eval,1000,0.65,none,309,0,0,28807,64.3177,64.1632,64.9488,1.5205
E5_eval,1000,0.8,none,309,0,0,28807,79.2238,79.1452,79.5447,1.5205
E5_eval,1000,concentrated_pumper_no_verify,none,309,374,465,398,64.3216,65.7321,58.4416,1.2563
E5_eval,1000,concentrated_pumper_verifies_instantly,none,309,461,465,398,64.3216,65.7321,58.4416,1.2563
E5_eval,1000,concentrated_pumper_verifies_humanlike,none,309,462,465,398,64.3216,65.7321,58.4416,1.2563
E5_eval,1000,concentrated_pumper_solves_challenges,none,309,451,465,398,64.3216,65.7321,58.4416,1.2563
E5_eval,1000,0.65,sequential T1000 c1,300,0,0,28742,64.0109,64.2215,63.1849,1.5378
E5_eval,1000,0.8,sequential T1000 c1,300,0,0,28742,78.8498,79.0018,78.2534,1.4856
E5_eval,1000,concentrated_pumper_no_verify,sequential T1000 c1,300,185,1176,446,63.4529,64.1457,60.6742,1.7937
E5_eval,1000,concentrated_pumper_verifies_instantly,sequential T1000 c1,300,20,1176,446,63.4529,64.1457,60.6742,2.0179
E5_eval,1000,concentrated_pumper_verifies_humanlike,sequential T1000 c1,300,276,1176,446,63.4529,64.1457,60.6742,1.7937
E5_eval,1000,concentrated_pumper_solves_challenges,sequential T1000 c1,300,185,1176,446,63.4529,64.1457,60.6742,1.7937
E5_eval,1000,0.65,sequential T1000 c1,301,0,0,28845,63.6644,63.5213,64.2468,1.6953
E5_eval,1000,0.8,sequential T1000 c1,301,0,0,28845,78.9946,79.0335,78.8364,1.6502
E5_eval,1000,concentrated_pumper_no_verify,sequential T1000 c1,301,56,355,401,67.581,68.4543,64.2857,1.2469
E5_eval,1000,concentrated_pumper_verifies_instantly,sequential T1000 c1,301,16,355,401,67.581,68.4543,64.2857,1.2469
E5_eval,1000,concentrated_pumper_verifies_humanlike,sequential T1000 c1,301,353,355,401,67.581,68.4543,64.2857,1.2469
E5_eval,1000,concentrated_pumper_solves_challenges,sequential T1000 c1,301,65,355,401,67.581,68.4543,64.2857,1.2469
E5_eval,1000,0.65,sequential T1000 c1,302,0,0,28923,64.5784,64.3559,65.4793,1.7391
E5_eval,1000,0.8,sequential T1000 c1,302,0,0,28923,79.1723,79.0007,79.8673,1.6942
E5_eval,1000,concentrated_pumper_no_verify,sequential T1000 c1,302,74,434,437,63.6156,63.9889,61.8421,3.2037
E5_eval,1000,concentrated_pumper_verifies_instantly,sequential T1000 c1,302,19,434,437,63.6156,63.9889,61.8421,3.2037
E5_eval,1000,concentrated_pumper_verifies_humanlike,sequential T1000 c1,302,430,434,437,63.6156,63.9889,61.8421,3.2037
E5_eval,1000,concentrated_pumper_solves_challenges,sequential T1000 c1,302,74,434,437,63.6156,63.9889,61.8421,3.2037
E5_eval,1000,0.65,sequential T1000 c1,303,0,0,28914,64.1212,63.9575,64.764,1.7223
E5_eval,1000,0.8,sequential T1000 c1,303,0,0,28914,78.941,78.9195,79.0254,1.6912
E5_eval,1000,concentrated_pumper_no_verify,sequential T1000 c1,303,80,493,398,63.8191,63.2258,65.9091,2.5126
E5_eval,1000,concentrated_pumper_verifies_instantly,sequential T1000 c1,303,18,493,398,63.8191,63.2258,65.9091,2.5126
E5_eval,1000,concentrated_pumper_verifies_humanlike,sequential T1000 c1,303,491,493,398,63.8191,63.2258,65.9091,2.5126
E5_eval,1000,concentrated_pumper_solves_challenges,sequential T1000 c1,303,84,493,398,63.8191,63.2258,65.9091,2.5126
E5_eval,1000,0.65,sequential T1000 c1,304,0,0,28724,64.6811,64.4731,65.5209,1.5179
E5_eval,1000,0.8,sequential T1000 c1,304,0,0,28724,79.3935,79.2025,80.1649,1.4726
E5_eval,1000,concentrated_pumper_no_verify,sequential T1000 c1,304,148,1050,395,63.7975,63.0094,67.1053,1.0127
E5_eval,1000,concentrated_pumper_verifies_instantly,sequential T1000 c1,304,20,1050,395,63.7975,63.0094,67.1053,1.0127
E5_eval,1000,concentrated_pumper_verifies_humanlike,sequential T1000 c1,304,490,1050,395,63.7975,63.0094,67.1053,1.0127
E5_eval,1000,concentrated_pumper_solves_challenges,sequential T1000 c1,304,148,1050,395,63.7975,63.0094,67.1053,1.0127
E5_eval,1000,0.65,sequential T1000 c1,305,0,0,28808,64.2669,64.1737,64.6369,1.5169
E5_eval,1000,0.8,sequential T1000 c1,305,0,0,28808,79.1134,79.097,79.1789,1.451
E5_eval,1000,concentrated_pumper_no_verify,sequential T1000 c1,305,58,294,406,66.0099,64.1935,71.875,2.2167
E5_eval,1000,concentrated_pumper_verifies_instantly,sequential T1000 c1,305,19,294,406,66.0099,64.1935,71.875,2.2167
E5_eval,1000,concentrated_pumper_verifies_humanlike,sequential T1000 c1,305,294,294,406,66.0099,64.1935,71.875,2.2167
E5_eval,1000,concentrated_pumper_solves_challenges,sequential T1000 c1,305,65,294,406,66.0099,64.1935,71.875,2.2167
E5_eval,1000,0.65,sequential T1000 c1,306,0,0,28959,63.9076,63.9568,63.7078,1.6679
E5_eval,1000,0.8,sequential T1000 c1,306,0,0,28959,79.0324,79.1703,78.4728,1.6126
E5_eval,1000,concentrated_pumper_no_verify,sequential T1000 c1,306,147,994,415,62.1687,61.4907,64.5161,2.6506
E5_eval,1000,concentrated_pumper_verifies_instantly,sequential T1000 c1,306,21,994,415,62.1687,61.4907,64.5161,2.6506
E5_eval,1000,concentrated_pumper_verifies_humanlike,sequential T1000 c1,306,483,994,415,62.1687,61.4907,64.5161,2.6506
E5_eval,1000,concentrated_pumper_solves_challenges,sequential T1000 c1,306,147,994,415,62.1687,61.4907,64.5161,2.6506
E5_eval,1000,0.65,sequential T1000 c1,307,0,0,29036,63.9379,64.1753,62.9746,1.6049
E5_eval,1000,0.8,sequential T1000 c1,307,0,0,29036,78.7195,78.737,78.6486,1.5601
E5_eval,1000,concentrated_pumper_no_verify,sequential T1000 c1,307,105,535,388,62.3711,63.3117,58.75,2.3196
E5_eval,1000,concentrated_pumper_verifies_instantly,sequential T1000 c1,307,16,535,388,62.3711,63.3117,58.75,2.3196
E5_eval,1000,concentrated_pumper_verifies_humanlike,sequential T1000 c1,307,533,535,388,62.3711,63.3117,58.75,2.3196
E5_eval,1000,concentrated_pumper_solves_challenges,sequential T1000 c1,307,116,535,388,62.3711,63.3117,58.75,2.3196
E5_eval,1000,0.65,sequential T1000 c1,308,0,0,28904,63.9565,63.86,64.337,1.7056
E5_eval,1000,0.8,sequential T1000 c1,308,0,0,28904,78.7019,78.7177,78.6398,1.6572
E5_eval,1000,concentrated_pumper_no_verify,sequential T1000 c1,308,135,898,410,65.8537,65.1786,68.9189,1.7073
E5_eval,1000,concentrated_pumper_verifies_instantly,sequential T1000 c1,308,22,898,410,65.8537,65.1786,68.9189,1.7073
E5_eval,1000,concentrated_pumper_verifies_humanlike,sequential T1000 c1,308,753,898,410,65.8537,65.1786,68.9189,1.7073
E5_eval,1000,concentrated_pumper_solves_challenges,sequential T1000 c1,308,135,898,410,65.8537,65.1786,68.9189,1.7073
E5_eval,1000,0.65,sequential T1000 c1,309,0,0,28807,64.3142,64.1589,64.9488,1.5656
E5_eval,1000,0.8,sequential T1000 c1,309,0,0,28807,79.2238,79.1452,79.5447,1.5205
E5_eval,1000,concentrated_pumper_no_verify,sequential T1000 c1,309,83,465,398,64.3216,65.7321,58.4416,1.2563
E5_eval,1000,concentrated_pumper_verifies_instantly,sequential T1000 c1,309,20,465,398,64.3216,65.7321,58.4416,1.2563
E5_eval,1000,concentrated_pumper_verifies_humanlike,sequential T1000 c1,309,390,465,398,64.3216,65.7321,58.4416,1.2563
E5_eval,1000,concentrated_pumper_solves_challenges,sequential T1000 c1,309,104,465,398,64.3216,65.7321,58.4416,1.2563
E5_eval,1000,0.65,sequential T1000 c2,300,0,0,28742,64.0109,64.2215,63.1849,1.5378
E5_eval,1000,0.8,sequential T1000 c2,300,0,0,28742,78.8498,79.0018,78.2534,1.4856
E5_eval,1000,concentrated_pumper_no_verify,sequential T1000 c2,300,185,1176,446,63.4529,64.1457,60.6742,1.7937
E5_eval,1000,concentrated_pumper_verifies_instantly,sequential T1000 c2,300,20,1176,446,63.4529,64.1457,60.6742,2.0179
E5_eval,1000,concentrated_pumper_verifies_humanlike,sequential T1000 c2,300,961,1176,446,63.4529,64.1457,60.6742,2.0179
E5_eval,1000,concentrated_pumper_solves_challenges,sequential T1000 c2,300,185,1176,446,63.4529,64.1457,60.6742,1.7937
E5_eval,1000,0.65,sequential T1000 c2,301,0,0,28845,63.6644,63.5213,64.2468,1.6953
E5_eval,1000,0.8,sequential T1000 c2,301,0,0,28845,78.9946,79.0335,78.8364,1.6502
E5_eval,1000,concentrated_pumper_no_verify,sequential T1000 c2,301,56,355,401,67.581,68.4543,64.2857,1.2469
E5_eval,1000,concentrated_pumper_verifies_instantly,sequential T1000 c2,301,16,355,401,67.581,68.4543,64.2857,1.2469
E5_eval,1000,concentrated_pumper_verifies_humanlike,sequential T1000 c2,301,353,355,401,67.581,68.4543,64.2857,1.2469
E5_eval,1000,concentrated_pumper_solves_challenges,sequential T1000 c2,301,65,355,401,67.581,68.4543,64.2857,1.2469
E5_eval,1000,0.65,sequential T1000 c2,302,0,0,28923,64.5784,64.3559,65.4793,1.7391
E5_eval,1000,0.8,sequential T1000 c2,302,0,0,28923,79.1723,79.0007,79.8673,1.6942
E5_eval,1000,concentrated_pumper_no_verify,sequential T1000 c2,302,74,434,437,63.6156,63.9889,61.8421,3.2037
E5_eval,1000,concentrated_pumper_verifies_instantly,sequential T1000 c2,302,19,434,437,63.6156,63.9889,61.8421,3.2037
E5_eval,1000,concentrated_pumper_verifies_humanlike,sequential T1000 c2,302,430,434,437,63.6156,63.9889,61.8421,3.2037
E5_eval,1000,concentrated_pumper_solves_challenges,sequential T1000 c2,302,74,434,437,63.6156,63.9889,61.8421,3.2037
E5_eval,1000,0.65,sequential T1000 c2,303,0,0,28914,64.1212,63.9575,64.764,1.7223
E5_eval,1000,0.8,sequential T1000 c2,303,0,0,28914,78.941,78.9195,79.0254,1.6912
E5_eval,1000,concentrated_pumper_no_verify,sequential T1000 c2,303,80,493,398,63.8191,63.2258,65.9091,2.5126
E5_eval,1000,concentrated_pumper_verifies_instantly,sequential T1000 c2,303,18,493,398,63.8191,63.2258,65.9091,2.5126
E5_eval,1000,concentrated_pumper_verifies_humanlike,sequential T1000 c2,303,491,493,398,63.8191,63.2258,65.9091,2.5126
E5_eval,1000,concentrated_pumper_solves_challenges,sequential T1000 c2,303,84,493,398,63.8191,63.2258,65.9091,2.5126
E5_eval,1000,0.65,sequential T1000 c2,304,0,0,28724,64.6811,64.4731,65.5209,1.5179
E5_eval,1000,0.8,sequential T1000 c2,304,0,0,28724,79.3935,79.2025,80.1649,1.4726
E5_eval,1000,concentrated_pumper_no_verify,sequential T1000 c2,304,148,1050,395,63.7975,63.0094,67.1053,1.0127
E5_eval,1000,concentrated_pumper_verifies_instantly,sequential T1000 c2,304,20,1050,395,63.7975,63.0094,67.1053,1.0127
E5_eval,1000,concentrated_pumper_verifies_humanlike,sequential T1000 c2,304,1045,1050,395,63.7975,63.0094,67.1053,1.0127
E5_eval,1000,concentrated_pumper_solves_challenges,sequential T1000 c2,304,148,1050,395,63.7975,63.0094,67.1053,1.0127
E5_eval,1000,0.65,sequential T1000 c2,305,0,0,28808,64.2669,64.1737,64.6369,1.5135
E5_eval,1000,0.8,sequential T1000 c2,305,0,0,28808,79.1134,79.097,79.1789,1.451
E5_eval,1000,concentrated_pumper_no_verify,sequential T1000 c2,305,58,294,406,66.0099,64.1935,71.875,2.2167
E5_eval,1000,concentrated_pumper_verifies_instantly,sequential T1000 c2,305,19,294,406,66.0099,64.1935,71.875,2.2167
E5_eval,1000,concentrated_pumper_verifies_humanlike,sequential T1000 c2,305,294,294,406,66.0099,64.1935,71.875,2.2167
E5_eval,1000,concentrated_pumper_solves_challenges,sequential T1000 c2,305,65,294,406,66.0099,64.1935,71.875,2.2167
E5_eval,1000,0.65,sequential T1000 c2,306,0,0,28959,63.9076,63.9568,63.7078,1.6679
E5_eval,1000,0.8,sequential T1000 c2,306,0,0,28959,79.0324,79.1703,78.4728,1.6126
E5_eval,1000,concentrated_pumper_no_verify,sequential T1000 c2,306,147,994,415,62.1687,61.4907,64.5161,2.6506
E5_eval,1000,concentrated_pumper_verifies_instantly,sequential T1000 c2,306,21,994,415,62.1687,61.4907,64.5161,2.6506
E5_eval,1000,concentrated_pumper_verifies_humanlike,sequential T1000 c2,306,987,994,415,62.1687,61.4907,64.5161,2.6506
E5_eval,1000,concentrated_pumper_solves_challenges,sequential T1000 c2,306,147,994,415,62.1687,61.4907,64.5161,2.6506
E5_eval,1000,0.65,sequential T1000 c2,307,0,0,29036,63.9379,64.1753,62.9746,1.6015
E5_eval,1000,0.8,sequential T1000 c2,307,0,0,29036,78.7195,78.737,78.6486,1.5601
E5_eval,1000,concentrated_pumper_no_verify,sequential T1000 c2,307,105,535,388,62.3711,63.3117,58.75,2.3196
E5_eval,1000,concentrated_pumper_verifies_instantly,sequential T1000 c2,307,16,535,388,62.3711,63.3117,58.75,2.3196
E5_eval,1000,concentrated_pumper_verifies_humanlike,sequential T1000 c2,307,533,535,388,62.3711,63.3117,58.75,2.3196
E5_eval,1000,concentrated_pumper_solves_challenges,sequential T1000 c2,307,116,535,388,62.3711,63.3117,58.75,2.3196
E5_eval,1000,0.65,sequential T1000 c2,308,0,0,28904,63.9565,63.86,64.337,1.6987
E5_eval,1000,0.8,sequential T1000 c2,308,0,0,28904,78.7019,78.7177,78.6398,1.6572
E5_eval,1000,concentrated_pumper_no_verify,sequential T1000 c2,308,135,898,410,65.8537,65.1786,68.9189,1.7073
E5_eval,1000,concentrated_pumper_verifies_instantly,sequential T1000 c2,308,22,898,410,65.8537,65.1786,68.9189,1.7073
E5_eval,1000,concentrated_pumper_verifies_humanlike,sequential T1000 c2,308,891,898,410,65.8537,65.1786,68.9189,1.7073
E5_eval,1000,concentrated_pumper_solves_challenges,sequential T1000 c2,308,135,898,410,65.8537,65.1786,68.9189,1.7073
E5_eval,1000,0.65,sequential T1000 c2,309,0,0,28807,64.3142,64.1589,64.9488,1.5656
E5_eval,1000,0.8,sequential T1000 c2,309,0,0,28807,79.2238,79.1452,79.5447,1.5205
E5_eval,1000,concentrated_pumper_no_verify,sequential T1000 c2,309,83,465,398,64.3216,65.7321,58.4416,1.2563
E5_eval,1000,concentrated_pumper_verifies_instantly,sequential T1000 c2,309,20,465,398,64.3216,65.7321,58.4416,1.2563
E5_eval,1000,concentrated_pumper_verifies_humanlike,sequential T1000 c2,309,462,465,398,64.3216,65.7321,58.4416,1.2563
E5_eval,1000,concentrated_pumper_solves_challenges,sequential T1000 c2,309,104,465,398,64.3216,65.7321,58.4416,1.2563
E5_eval,1000,0.65,sequential T1000 cinf,300,0,0,28742,64.0109,64.2215,63.1849,1.5378
E5_eval,1000,0.8,sequential T1000 cinf,300,0,0,28742,78.8498,79.0018,78.2534,1.4856
E5_eval,1000,concentrated_pumper_no_verify,sequential T1000 cinf,300,185,1176,446,63.4529,64.1457,60.6742,1.7937
E5_eval,1000,concentrated_pumper_verifies_instantly,sequential T1000 cinf,300,20,1176,446,63.4529,64.1457,60.6742,2.0179
E5_eval,1000,concentrated_pumper_verifies_humanlike,sequential T1000 cinf,300,1163,1176,446,63.4529,64.1457,60.6742,2.0179
E5_eval,1000,concentrated_pumper_solves_challenges,sequential T1000 cinf,300,185,1176,446,63.4529,64.1457,60.6742,1.7937
E5_eval,1000,0.65,sequential T1000 cinf,301,0,0,28845,63.6644,63.5213,64.2468,1.6953
E5_eval,1000,0.8,sequential T1000 cinf,301,0,0,28845,78.9946,79.0335,78.8364,1.6502
E5_eval,1000,concentrated_pumper_no_verify,sequential T1000 cinf,301,56,355,401,67.581,68.4543,64.2857,1.2469
E5_eval,1000,concentrated_pumper_verifies_instantly,sequential T1000 cinf,301,16,355,401,67.581,68.4543,64.2857,1.2469
E5_eval,1000,concentrated_pumper_verifies_humanlike,sequential T1000 cinf,301,353,355,401,67.581,68.4543,64.2857,1.2469
E5_eval,1000,concentrated_pumper_solves_challenges,sequential T1000 cinf,301,65,355,401,67.581,68.4543,64.2857,1.2469
E5_eval,1000,0.65,sequential T1000 cinf,302,0,0,28923,64.5784,64.3559,65.4793,1.7391
E5_eval,1000,0.8,sequential T1000 cinf,302,0,0,28923,79.1723,79.0007,79.8673,1.6942
E5_eval,1000,concentrated_pumper_no_verify,sequential T1000 cinf,302,74,434,437,63.6156,63.9889,61.8421,3.2037
E5_eval,1000,concentrated_pumper_verifies_instantly,sequential T1000 cinf,302,19,434,437,63.6156,63.9889,61.8421,3.2037
E5_eval,1000,concentrated_pumper_verifies_humanlike,sequential T1000 cinf,302,430,434,437,63.6156,63.9889,61.8421,3.2037
E5_eval,1000,concentrated_pumper_solves_challenges,sequential T1000 cinf,302,74,434,437,63.6156,63.9889,61.8421,3.2037
E5_eval,1000,0.65,sequential T1000 cinf,303,0,0,28914,64.1212,63.9575,64.764,1.7223
E5_eval,1000,0.8,sequential T1000 cinf,303,0,0,28914,78.941,78.9195,79.0254,1.6912
E5_eval,1000,concentrated_pumper_no_verify,sequential T1000 cinf,303,80,493,398,63.8191,63.2258,65.9091,2.5126
E5_eval,1000,concentrated_pumper_verifies_instantly,sequential T1000 cinf,303,18,493,398,63.8191,63.2258,65.9091,2.5126
E5_eval,1000,concentrated_pumper_verifies_humanlike,sequential T1000 cinf,303,491,493,398,63.8191,63.2258,65.9091,2.5126
E5_eval,1000,concentrated_pumper_solves_challenges,sequential T1000 cinf,303,84,493,398,63.8191,63.2258,65.9091,2.5126
E5_eval,1000,0.65,sequential T1000 cinf,304,0,0,28724,64.6811,64.4731,65.5209,1.5179
E5_eval,1000,0.8,sequential T1000 cinf,304,0,0,28724,79.3935,79.2025,80.1649,1.4726
E5_eval,1000,concentrated_pumper_no_verify,sequential T1000 cinf,304,148,1050,395,63.7975,63.0094,67.1053,1.0127
E5_eval,1000,concentrated_pumper_verifies_instantly,sequential T1000 cinf,304,20,1050,395,63.7975,63.0094,67.1053,1.0127
E5_eval,1000,concentrated_pumper_verifies_humanlike,sequential T1000 cinf,304,1045,1050,395,63.7975,63.0094,67.1053,1.0127
E5_eval,1000,concentrated_pumper_solves_challenges,sequential T1000 cinf,304,148,1050,395,63.7975,63.0094,67.1053,1.0127
E5_eval,1000,0.65,sequential T1000 cinf,305,0,0,28808,64.2669,64.1737,64.6369,1.5135
E5_eval,1000,0.8,sequential T1000 cinf,305,0,0,28808,79.1134,79.097,79.1789,1.451
E5_eval,1000,concentrated_pumper_no_verify,sequential T1000 cinf,305,58,294,406,66.0099,64.1935,71.875,2.2167
E5_eval,1000,concentrated_pumper_verifies_instantly,sequential T1000 cinf,305,19,294,406,66.0099,64.1935,71.875,2.2167
E5_eval,1000,concentrated_pumper_verifies_humanlike,sequential T1000 cinf,305,294,294,406,66.0099,64.1935,71.875,2.2167
E5_eval,1000,concentrated_pumper_solves_challenges,sequential T1000 cinf,305,65,294,406,66.0099,64.1935,71.875,2.2167
E5_eval,1000,0.65,sequential T1000 cinf,306,0,0,28959,63.9076,63.9568,63.7078,1.6679
E5_eval,1000,0.8,sequential T1000 cinf,306,0,0,28959,79.0324,79.1703,78.4728,1.6126
E5_eval,1000,concentrated_pumper_no_verify,sequential T1000 cinf,306,147,994,415,62.1687,61.4907,64.5161,2.6506
E5_eval,1000,concentrated_pumper_verifies_instantly,sequential T1000 cinf,306,21,994,415,62.1687,61.4907,64.5161,2.6506
E5_eval,1000,concentrated_pumper_verifies_humanlike,sequential T1000 cinf,306,987,994,415,62.1687,61.4907,64.5161,2.6506
E5_eval,1000,concentrated_pumper_solves_challenges,sequential T1000 cinf,306,147,994,415,62.1687,61.4907,64.5161,2.6506
E5_eval,1000,0.65,sequential T1000 cinf,307,0,0,29036,63.9379,64.1753,62.9746,1.6015
E5_eval,1000,0.8,sequential T1000 cinf,307,0,0,29036,78.7195,78.737,78.6486,1.5601
E5_eval,1000,concentrated_pumper_no_verify,sequential T1000 cinf,307,105,535,388,62.3711,63.3117,58.75,2.3196
E5_eval,1000,concentrated_pumper_verifies_instantly,sequential T1000 cinf,307,16,535,388,62.3711,63.3117,58.75,2.3196
E5_eval,1000,concentrated_pumper_verifies_humanlike,sequential T1000 cinf,307,533,535,388,62.3711,63.3117,58.75,2.3196
E5_eval,1000,concentrated_pumper_solves_challenges,sequential T1000 cinf,307,116,535,388,62.3711,63.3117,58.75,2.3196
E5_eval,1000,0.65,sequential T1000 cinf,308,0,0,28904,63.9565,63.86,64.337,1.6987
E5_eval,1000,0.8,sequential T1000 cinf,308,0,0,28904,78.7019,78.7177,78.6398,1.6572
E5_eval,1000,concentrated_pumper_no_verify,sequential T1000 cinf,308,135,898,410,65.8537,65.1786,68.9189,1.7073
E5_eval,1000,concentrated_pumper_verifies_instantly,sequential T1000 cinf,308,22,898,410,65.8537,65.1786,68.9189,1.7073
E5_eval,1000,concentrated_pumper_verifies_humanlike,sequential T1000 cinf,308,891,898,410,65.8537,65.1786,68.9189,1.7073
E5_eval,1000,concentrated_pumper_solves_challenges,sequential T1000 cinf,308,135,898,410,65.8537,65.1786,68.9189,1.7073
E5_eval,1000,0.65,sequential T1000 cinf,309,0,0,28807,64.3142,64.1589,64.9488,1.5656
E5_eval,1000,0.8,sequential T1000 cinf,309,0,0,28807,79.2238,79.1452,79.5447,1.5205
E5_eval,1000,concentrated_pumper_no_verify,sequential T1000 cinf,309,83,465,398,64.3216,65.7321,58.4416,1.2563
E5_eval,1000,concentrated_pumper_verifies_instantly,sequential T1000 cinf,309,20,465,398,64.3216,65.7321,58.4416,1.2563
E5_eval,1000,concentrated_pumper_verifies_humanlike,sequential T1000 cinf,309,462,465,398,64.3216,65.7321,58.4416,1.2563
E5_eval,1000,concentrated_pumper_solves_challenges,sequential T1000 cinf,309,104,465,398,64.3216,65.7321,58.4416,1.2563
E5_eval,1000,0.65,sequential T300 c0,300,0,0,28742,63.9552,64.1516,63.1849,2.4041
E5_eval,1000,0.8,sequential T300 c0,300,0,0,28742,78.8358,78.9844,78.2534,1.677
E5_eval,1000,concentrated_pumper_no_verify,sequential T300 c0,300,185,1176,446,63.4529,64.1457,60.6742,2.6906
E5_eval,1000,concentrated_pumper_verifies_instantly,sequential T300 c0,300,17,1176,446,63.4529,64.1457,60.6742,2.9148
E5_eval,1000,concentrated_pumper_verifies_humanlike,sequential T300 c0,300,187,1176,446,63.4529,64.1457,60.6742,2.6906
E5_eval,1000,concentrated_pumper_solves_challenges,sequential T300 c0,300,185,1176,446,63.4529,64.1457,60.6742,2.6906
E5_eval,1000,0.65,sequential T300 c0,301,0,0,28845,63.6228,63.4695,64.2468,2.6452
E5_eval,1000,0.8,sequential T300 c0,301,0,0,28845,78.9912,79.0292,78.8364,1.7958
E5_eval,1000,concentrated_pumper_no_verify,sequential T300 c0,301,56,355,401,67.581,68.4543,64.2857,1.4963
E5_eval,1000,concentrated_pumper_verifies_instantly,sequential T300 c0,301,13,355,401,67.581,68.4543,64.2857,1.4963
E5_eval,1000,concentrated_pumper_verifies_humanlike,sequential T300 c0,301,82,355,401,67.581,68.4543,64.2857,1.4963
E5_eval,1000,concentrated_pumper_solves_challenges,sequential T300 c0,301,65,355,401,67.581,68.4543,64.2857,1.4963
E5_eval,1000,0.65,sequential T300 c0,302,0,0,28923,64.5161,64.2783,65.4793,2.6069
E5_eval,1000,0.8,sequential T300 c0,302,0,0,28923,79.1585,78.9834,79.8673,1.8255
E5_eval,1000,concentrated_pumper_no_verify,sequential T300 c0,302,65,434,437,63.6156,63.9889,61.8421,3.4325
E5_eval,1000,concentrated_pumper_verifies_instantly,sequential T300 c0,302,15,434,437,63.6156,63.9889,61.8421,3.4325
E5_eval,1000,concentrated_pumper_verifies_humanlike,sequential T300 c0,302,131,434,437,63.6156,63.9889,61.8421,3.4325
E5_eval,1000,concentrated_pumper_solves_challenges,sequential T300 c0,302,74,434,437,63.6156,63.9889,61.8421,3.4325
E5_eval,1000,0.65,sequential T300 c0,303,0,0,28914,64.0659,63.888,64.764,2.587
E5_eval,1000,0.8,sequential T300 c0,303,0,0,28914,78.9272,78.9021,79.0254,1.8503
E5_eval,1000,concentrated_pumper_no_verify,sequential T300 c0,303,80,493,398,63.8191,63.2258,65.9091,2.5126
E5_eval,1000,concentrated_pumper_verifies_instantly,sequential T300 c0,303,12,493,398,63.8191,63.2258,65.9091,2.5126
E5_eval,1000,concentrated_pumper_verifies_humanlike,sequential T300 c0,303,147,493,398,63.8191,63.2258,65.9091,2.5126
E5_eval,1000,concentrated_pumper_solves_challenges,sequential T300 c0,303,84,493,398,63.8191,63.2258,65.9091,2.5126
E5_eval,1000,0.65,sequential T300 c0,304,0,0,28724,64.608,64.3819,65.5209,2.3465
E5_eval,1000,0.8,sequential T300 c0,304,0,0,28724,79.3761,79.1808,80.1649,1.6397
E5_eval,1000,concentrated_pumper_no_verify,sequential T300 c0,304,148,1050,395,63.7975,63.0094,67.1053,1.2658
E5_eval,1000,concentrated_pumper_verifies_instantly,sequential T300 c0,304,18,1050,395,63.7975,63.0094,67.1053,1.2658
E5_eval,1000,concentrated_pumper_verifies_humanlike,sequential T300 c0,304,167,1050,395,63.7975,63.0094,67.1053,1.2658
E5_eval,1000,concentrated_pumper_solves_challenges,sequential T300 c0,304,148,1050,395,63.7975,63.0094,67.1053,1.2658
E5_eval,1000,0.65,sequential T300 c0,305,0,0,28808,64.1974,64.0867,64.6369,2.4993
E5_eval,1000,0.8,sequential T300 c0,305,0,0,28808,79.0996,79.0796,79.1789,1.6731
E5_eval,1000,concentrated_pumper_no_verify,sequential T300 c0,305,51,294,406,66.0099,64.1935,71.875,2.7094
E5_eval,1000,concentrated_pumper_verifies_instantly,sequential T300 c0,305,15,294,406,66.0099,64.1935,71.875,2.7094
E5_eval,1000,concentrated_pumper_verifies_humanlike,sequential T300 c0,305,111,294,406,66.0099,64.1935,71.875,2.7094
E5_eval,1000,concentrated_pumper_solves_challenges,sequential T300 c0,305,61,294,406,66.0099,64.1935,71.875,2.7094
E5_eval,1000,0.65,sequential T300 c0,306,0,0,28959,63.8282,63.8578,63.7078,2.5622
E5_eval,1000,0.8,sequential T300 c0,306,0,0,28959,79.0255,79.1616,78.4728,1.7266
E5_eval,1000,concentrated_pumper_no_verify,sequential T300 c0,306,147,994,415,62.1687,61.4907,64.5161,2.8916
E5_eval,1000,concentrated_pumper_verifies_instantly,sequential T300 c0,306,16,994,415,62.1687,61.4907,64.5161,2.8916
E5_eval,1000,concentrated_pumper_verifies_humanlike,sequential T300 c0,306,192,994,415,62.1687,61.4907,64.5161,2.8916
E5_eval,1000,concentrated_pumper_solves_challenges,sequential T300 c0,306,147,994,415,62.1687,61.4907,64.5161,2.8916
E5_eval,1000,0.65,sequential T300 c0,307,0,0,29036,63.8621,64.0809,62.9746,2.5072
E5_eval,1000,0.8,sequential T300 c0,307,0,0,29036,78.7057,78.7198,78.6486,1.7082
E5_eval,1000,concentrated_pumper_no_verify,sequential T300 c0,307,105,535,388,62.3711,63.3117,58.75,2.8351
E5_eval,1000,concentrated_pumper_verifies_instantly,sequential T300 c0,307,15,535,388,62.3711,63.3117,58.75,2.8351
E5_eval,1000,concentrated_pumper_verifies_humanlike,sequential T300 c0,307,122,535,388,62.3711,63.3117,58.75,2.8351
E5_eval,1000,concentrated_pumper_solves_challenges,sequential T300 c0,307,105,535,388,62.3711,63.3117,58.75,2.8351
E5_eval,1000,0.65,sequential T300 c0,308,0,0,28904,63.877,63.7602,64.337,2.6709
E5_eval,1000,0.8,sequential T300 c0,308,0,0,28904,78.6812,78.6917,78.6398,1.8994
E5_eval,1000,concentrated_pumper_no_verify,sequential T300 c0,308,135,898,410,65.8537,65.1786,68.9189,1.7073
E5_eval,1000,concentrated_pumper_verifies_instantly,sequential T300 c0,308,17,898,410,65.8537,65.1786,68.9189,1.7073
E5_eval,1000,concentrated_pumper_verifies_humanlike,sequential T300 c0,308,171,898,410,65.8537,65.1786,68.9189,1.7073
E5_eval,1000,concentrated_pumper_solves_challenges,sequential T300 c0,308,135,898,410,65.8537,65.1786,68.9189,1.7073
E5_eval,1000,0.65,sequential T300 c0,309,0,0,28807,64.2344,64.0595,64.9488,2.5029
E5_eval,1000,0.8,sequential T300 c0,309,0,0,28807,79.2134,79.1323,79.5447,1.7044
E5_eval,1000,concentrated_pumper_no_verify,sequential T300 c0,309,78,465,398,64.3216,65.7321,58.4416,2.0101
E5_eval,1000,concentrated_pumper_verifies_instantly,sequential T300 c0,309,13,465,398,64.3216,65.7321,58.4416,2.0101
E5_eval,1000,concentrated_pumper_verifies_humanlike,sequential T300 c0,309,128,465,398,64.3216,65.7321,58.4416,2.0101
E5_eval,1000,concentrated_pumper_solves_challenges,sequential T300 c0,309,83,465,398,64.3216,65.7321,58.4416,2.0101
E5_eval,1000,0.65,sequential T3000 c0.5,300,0,0,28742,64.0143,64.2258,63.1849,1.4961
E5_eval,1000,0.8,sequential T3000 c0.5,300,0,0,28742,78.8498,79.0018,78.2534,1.4856
E5_eval,1000,concentrated_pumper_no_verify,sequential T3000 c0.5,300,185,1176,446,63.4529,64.1457,60.6742,1.7937
E5_eval,1000,concentrated_pumper_verifies_instantly,sequential T3000 c0.5,300,24,1176,446,63.4529,64.1457,60.6742,2.0179
E5_eval,1000,concentrated_pumper_verifies_humanlike,sequential T3000 c0.5,300,276,1176,446,63.4529,64.1457,60.6742,1.7937
E5_eval,1000,concentrated_pumper_solves_challenges,sequential T3000 c0.5,300,185,1176,446,63.4529,64.1457,60.6742,1.7937
E5_eval,1000,0.65,sequential T3000 c0.5,301,0,0,28845,63.6748,63.5343,64.2468,1.6537
E5_eval,1000,0.8,sequential T3000 c0.5,301,0,0,28845,78.9981,79.0378,78.8364,1.6398
E5_eval,1000,concentrated_pumper_no_verify,sequential T3000 c0.5,301,61,355,401,67.581,68.4543,64.2857,1.2469
E5_eval,1000,concentrated_pumper_verifies_instantly,sequential T3000 c0.5,301,19,355,401,67.581,68.4543,64.2857,1.2469
E5_eval,1000,concentrated_pumper_verifies_humanlike,sequential T3000 c0.5,301,353,355,401,67.581,68.4543,64.2857,1.2469
E5_eval,1000,concentrated_pumper_solves_challenges,sequential T3000 c0.5,301,73,355,401,67.581,68.4543,64.2857,1.2469
E5_eval,1000,0.65,sequential T3000 c0.5,302,0,0,28923,64.5853,64.3645,65.4793,1.7114
E5_eval,1000,0.8,sequential T3000 c0.5,302,0,0,28923,79.1757,79.005,79.8673,1.6872
E5_eval,1000,concentrated_pumper_no_verify,sequential T3000 c0.5,302,74,434,437,63.6156,63.9889,61.8421,3.2037
E5_eval,1000,concentrated_pumper_verifies_instantly,sequential T3000 c0.5,302,20,434,437,63.6156,63.9889,61.8421,3.2037
E5_eval,1000,concentrated_pumper_verifies_humanlike,sequential T3000 c0.5,302,430,434,437,63.6156,63.9889,61.8421,3.2037
E5_eval,1000,concentrated_pumper_solves_challenges,sequential T3000 c0.5,302,74,434,437,63.6156,63.9889,61.8421,3.2037
E5_eval,1000,0.65,sequential T3000 c0.5,303,0,0,28914,64.1177,63.9531,64.764,1.7258
E5_eval,1000,0.8,sequential T3000 c0.5,303,0,0,28914,78.9445,78.9238,79.0254,1.6774
E5_eval,1000,concentrated_pumper_no_verify,sequential T3000 c0.5,303,84,493,398,63.8191,63.2258,65.9091,2.5126
E5_eval,1000,concentrated_pumper_verifies_instantly,sequential T3000 c0.5,303,21,493,398,63.8191,63.2258,65.9091,2.5126
E5_eval,1000,concentrated_pumper_verifies_humanlike,sequential T3000 c0.5,303,296,493,398,63.8191,63.2258,65.9091,2.5126
E5_eval,1000,concentrated_pumper_solves_challenges,sequential T3000 c0.5,303,101,493,398,63.8191,63.2258,65.9091,2.5126
E5_eval,1000,0.65,sequential T3000 c0.5,304,0,0,28724,64.6846,64.4775,65.5209,1.4866
E5_eval,1000,0.8,sequential T3000 c0.5,304,0,0,28724,79.3935,79.2025,80.1649,1.4726
E5_eval,1000,concentrated_pumper_no_verify,sequential T3000 c0.5,304,148,1050,395,63.7975,63.0094,67.1053,1.0127
E5_eval,1000,concentrated_pumper_verifies_instantly,sequential T3000 c0.5,304,23,1050,395,63.7975,63.0094,67.1053,1.0127
E5_eval,1000,concentrated_pumper_verifies_humanlike,sequential T3000 c0.5,304,240,1050,395,63.7975,63.0094,67.1053,1.0127
E5_eval,1000,concentrated_pumper_solves_challenges,sequential T3000 c0.5,304,148,1050,395,63.7975,63.0094,67.1053,1.0127
E5_eval,1000,0.65,sequential T3000 c0.5,305,0,0,28808,64.2634,64.1693,64.6369,1.4822
E5_eval,1000,0.8,sequential T3000 c0.5,305,0,0,28808,79.1134,79.097,79.1789,1.4545
E5_eval,1000,concentrated_pumper_no_verify,sequential T3000 c0.5,305,61,294,406,66.0099,64.1935,71.875,2.2167
E5_eval,1000,concentrated_pumper_verifies_instantly,sequential T3000 c0.5,305,23,294,406,66.0099,64.1935,71.875,2.2167
E5_eval,1000,concentrated_pumper_verifies_humanlike,sequential T3000 c0.5,305,210,294,406,66.0099,64.1935,71.875,2.2167
E5_eval,1000,concentrated_pumper_solves_challenges,sequential T3000 c0.5,305,76,294,406,66.0099,64.1935,71.875,2.2167
E5_eval,1000,0.65,sequential T3000 c0.5,306,0,0,28959,63.9145,63.9654,63.7078,1.6506
E5_eval,1000,0.8,sequential T3000 c0.5,306,0,0,28959,79.0324,79.1703,78.4728,1.6195
E5_eval,1000,concentrated_pumper_no_verify,sequential T3000 c0.5,306,147,994,415,62.4096,61.8012,64.5161,2.4096
E5_eval,1000,concentrated_pumper_verifies_instantly,sequential T3000 c0.5,306,23,994,415,62.4096,61.8012,64.5161,2.4096
E5_eval,1000,concentrated_pumper_verifies_humanlike,sequential T3000 c0.5,306,227,994,415,62.4096,61.8012,64.5161,2.4096
E5_eval,1000,concentrated_pumper_solves_challenges,sequential T3000 c0.5,306,147,994,415,62.4096,61.8012,64.5161,2.4096
E5_eval,1000,0.65,sequential T3000 c0.5,307,0,0,29036,63.9413,64.1796,62.9746,1.5877
E5_eval,1000,0.8,sequential T3000 c0.5,307,0,0,29036,78.7195,78.737,78.6486,1.5601
E5_eval,1000,concentrated_pumper_no_verify,sequential T3000 c0.5,307,105,535,388,62.6289,63.6364,58.75,1.5464
E5_eval,1000,concentrated_pumper_verifies_instantly,sequential T3000 c0.5,307,20,535,388,62.6289,63.6364,58.75,1.5464
E5_eval,1000,concentrated_pumper_verifies_humanlike,sequential T3000 c0.5,307,406,535,388,62.6289,63.6364,58.75,1.5464
E5_eval,1000,concentrated_pumper_solves_challenges,sequential T3000 c0.5,307,116,535,388,62.6289,63.6364,58.75,1.5464
E5_eval,1000,0.65,sequential T3000 c0.5,308,0,0,28904,63.9565,63.86,64.337,1.6918
E5_eval,1000,0.8,sequential T3000 c0.5,308,0,0,28904,78.7019,78.7177,78.6398,1.6572
E5_eval,1000,concentrated_pumper_no_verify,sequential T3000 c0.5,308,135,898,410,65.8537,65.1786,68.9189,1.7073
E5_eval,1000,concentrated_pumper_verifies_instantly,sequential T3000 c0.5,308,26,898,410,65.8537,65.1786,68.9189,1.7073
E5_eval,1000,concentrated_pumper_verifies_humanlike,sequential T3000 c0.5,308,202,898,410,65.8537,65.1786,68.9189,1.7073
E5_eval,1000,concentrated_pumper_solves_challenges,sequential T3000 c0.5,308,135,898,410,65.8537,65.1786,68.9189,1.7073
E5_eval,1000,0.65,sequential T3000 c0.5,309,0,0,28807,64.3142,64.1589,64.9488,1.5829
E5_eval,1000,0.8,sequential T3000 c0.5,309,0,0,28807,79.2238,79.1452,79.5447,1.5205
E5_eval,1000,concentrated_pumper_no_verify,sequential T3000 c0.5,309,83,465,398,64.3216,65.7321,58.4416,1.2563
E5_eval,1000,concentrated_pumper_verifies_instantly,sequential T3000 c0.5,309,23,465,398,64.3216,65.7321,58.4416,1.2563
E5_eval,1000,concentrated_pumper_verifies_humanlike,sequential T3000 c0.5,309,330,465,398,64.3216,65.7321,58.4416,1.2563
E5_eval,1000,concentrated_pumper_solves_challenges,sequential T3000 c0.5,309,104,465,398,64.3216,65.7321,58.4416,1.2563
E5_eval,uniform,0.65,counter graded 1/10 min,300,0,0,28666,63.9294,63.9553,63.828,3.7012
E5_eval,uniform,0.8,counter graded 1/10 min,300,0,0,28666,78.5879,78.6071,78.5127,3.7012
E5_eval,uniform,concentrated_pumper_no_verify,counter graded 1/10 min,300,6,1176,412,63.3495,62.6168,65.9341,5.0971
E5_eval,uniform,concentrated_pumper_verifies_instantly,counter graded 1/10 min,300,7,1176,412,63.3495,62.6168,65.9341,5.0971
E5_eval,uniform,concentrated_pumper_verifies_humanlike,counter graded 1/10 min,300,7,1176,412,63.3495,62.6168,65.9341,5.0971
E5_eval,uniform,concentrated_pumper_solves_challenges,counter graded 1/10 min,300,12,1176,412,63.3495,62.6168,65.9341,5.0971
E5_eval,uniform,0.65,counter graded 1/10 min,301,0,0,28791,63.367,63.3586,63.4006,3.6956
E5_eval,uniform,0.8,counter graded 1/10 min,301,0,0,28791,78.5558,78.5159,78.7156,3.6956
E5_eval,uniform,concentrated_pumper_no_verify,counter graded 1/10 min,301,6,355,405,61.7284,62.9179,56.5789,6.9136
E5_eval,uniform,concentrated_pumper_verifies_instantly,counter graded 1/10 min,301,6,355,405,61.7284,62.9179,56.5789,6.9136
E5_eval,uniform,concentrated_pumper_verifies_humanlike,counter graded 1/10 min,301,6,355,405,61.7284,62.9179,56.5789,6.9136
E5_eval,uniform,concentrated_pumper_solves_challenges,counter graded 1/10 min,301,12,355,405,61.7284,62.9179,56.5789,6.9136
E5_eval,uniform,0.65,counter graded 1/10 min,302,0,0,28576,64.1202,64.1656,63.9373,3.6149
E5_eval,uniform,0.8,counter graded 1/10 min,302,0,0,28576,78.7374,78.792,78.5173,3.6149
E5_eval,uniform,concentrated_pumper_no_verify,counter graded 1/10 min,302,6,434,385,68.0519,69.0852,63.2353,3.8961
E5_eval,uniform,concentrated_pumper_verifies_instantly,counter graded 1/10 min,302,6,434,385,68.0519,69.0852,63.2353,3.8961
E5_eval,uniform,concentrated_pumper_verifies_humanlike,counter graded 1/10 min,302,6,434,385,68.0519,69.0852,63.2353,3.8961
E5_eval,uniform,concentrated_pumper_solves_challenges,counter graded 1/10 min,302,12,434,385,68.0519,69.0852,63.2353,3.8961
E5_eval,uniform,0.65,counter graded 1/10 min,303,0,0,28707,64.176,63.9944,64.881,3.7412
E5_eval,uniform,0.8,counter graded 1/10 min,303,0,0,28707,78.6707,78.4247,79.6259,3.7412
E5_eval,uniform,concentrated_pumper_no_verify,counter graded 1/10 min,303,7,493,379,65.4354,65.6357,64.7727,2.6385
E5_eval,uniform,concentrated_pumper_verifies_instantly,counter graded 1/10 min,303,7,493,379,65.4354,65.6357,64.7727,2.6385
E5_eval,uniform,concentrated_pumper_verifies_humanlike,counter graded 1/10 min,303,7,493,379,65.4354,65.6357,64.7727,2.6385
E5_eval,uniform,concentrated_pumper_solves_challenges,counter graded 1/10 min,303,13,493,379,65.4354,65.6357,64.7727,2.6385
E5_eval,uniform,0.65,counter graded 1/10 min,304,0,0,28683,64.16,64.4046,63.179,3.6398
E5_eval,uniform,0.8,counter graded 1/10 min,304,0,0,28683,79.2316,79.3057,78.9345,3.6398
E5_eval,uniform,concentrated_pumper_no_verify,counter graded 1/10 min,304,6,1050,427,61.1241,60.7251,62.5,1.8735
E5_eval,uniform,concentrated_pumper_verifies_instantly,counter graded 1/10 min,304,6,1050,427,61.1241,60.7251,62.5,1.8735
E5_eval,uniform,concentrated_pumper_verifies_humanlike,counter graded 1/10 min,304,6,1050,427,61.1241,60.7251,62.5,1.8735
E5_eval,uniform,concentrated_pumper_solves_challenges,counter graded 1/10 min,304,12,1050,427,61.1241,60.7251,62.5,1.8735
E5_eval,uniform,0.65,counter graded 1/10 min,305,0,0,28956,64.453,64.6723,63.5565,3.6193
E5_eval,uniform,0.8,counter graded 1/10 min,305,0,0,28956,79.0095,79.1618,78.3869,3.6193
E5_eval,uniform,concentrated_pumper_no_verify,counter graded 1/10 min,305,6,294,390,63.8462,63.7874,64.0449,3.8462
E5_eval,uniform,concentrated_pumper_verifies_instantly,counter graded 1/10 min,305,6,294,390,63.8462,63.7874,64.0449,3.8462
E5_eval,uniform,concentrated_pumper_verifies_humanlike,counter graded 1/10 min,305,6,294,390,63.8462,63.7874,64.0449,3.8462
E5_eval,uniform,concentrated_pumper_solves_challenges,counter graded 1/10 min,305,12,294,390,63.8462,63.7874,64.0449,3.8462
E5_eval,uniform,0.65,counter graded 1/10 min,306,0,0,29060,64.2498,64.3401,63.8771,3.8059
E5_eval,uniform,0.8,counter graded 1/10 min,306,0,0,29060,78.8438,78.8938,78.637,3.8059
E5_eval,uniform,concentrated_pumper_no_verify,counter graded 1/10 min,306,6,994,416,64.9038,63.7725,69.5122,4.0865
E5_eval,uniform,concentrated_pumper_verifies_instantly,counter graded 1/10 min,306,6,994,416,64.9038,63.7725,69.5122,4.0865
E5_eval,uniform,concentrated_pumper_verifies_humanlike,counter graded 1/10 min,306,6,994,416,64.9038,63.7725,69.5122,4.0865
E5_eval,uniform,concentrated_pumper_solves_challenges,counter graded 1/10 min,306,12,994,416,64.9038,63.7725,69.5122,4.0865
E5_eval,uniform,0.65,counter graded 1/10 min,307,0,0,28939,64.1073,63.8753,65.0381,3.8598
E5_eval,uniform,0.8,counter graded 1/10 min,307,0,0,28939,78.6378,78.4694,79.3139,3.8598
E5_eval,uniform,concentrated_pumper_no_verify,counter graded 1/10 min,307,6,535,419,68.7351,69.4864,65.9091,4.0573
E5_eval,uniform,concentrated_pumper_verifies_instantly,counter graded 1/10 min,307,6,535,419,68.7351,69.4864,65.9091,4.0573
E5_eval,uniform,concentrated_pumper_verifies_humanlike,counter graded 1/10 min,307,6,535,419,68.7351,69.4864,65.9091,4.0573
E5_eval,uniform,concentrated_pumper_solves_challenges,counter graded 1/10 min,307,12,535,419,68.7351,69.4864,65.9091,4.0573
E5_eval,uniform,0.65,counter graded 1/10 min,308,0,0,28982,64.0915,64.1534,63.8427,3.8231
E5_eval,uniform,0.8,counter graded 1/10 min,308,0,0,28982,79.1077,79.2589,78.4997,3.8231
E5_eval,uniform,concentrated_pumper_no_verify,counter graded 1/10 min,308,6,898,408,64.951,67.1779,56.0976,3.4314
E5_eval,uniform,concentrated_pumper_verifies_instantly,counter graded 1/10 min,308,6,898,408,64.951,67.1779,56.0976,3.4314
E5_eval,uniform,concentrated_pumper_verifies_humanlike,counter graded 1/10 min,308,6,898,408,64.951,67.1779,56.0976,3.4314
E5_eval,uniform,concentrated_pumper_solves_challenges,counter graded 1/10 min,308,12,898,408,64.951,67.1779,56.0976,3.4314
E5_eval,uniform,0.65,counter graded 1/10 min,309,0,0,28659,63.9241,63.7994,64.4276,3.5905
E5_eval,uniform,0.8,counter graded 1/10 min,309,0,0,28659,78.628,78.5304,79.0223,3.5905
E5_eval,uniform,concentrated_pumper_no_verify,counter graded 1/10 min,309,6,465,396,65.1515,65.7051,63.0952,2.5253
E5_eval,uniform,concentrated_pumper_verifies_instantly,counter graded 1/10 min,309,6,465,396,65.1515,65.7051,63.0952,2.5253
E5_eval,uniform,concentrated_pumper_verifies_humanlike,counter graded 1/10 min,309,6,465,396,65.1515,65.7051,63.0952,2.5253
E5_eval,uniform,concentrated_pumper_solves_challenges,counter graded 1/10 min,309,13,465,396,65.1515,65.7051,63.0952,2.5253
E5_eval,uniform,0.65,counter graded 10/day,300,0,0,28666,64.0515,64.1086,63.828,1.7861
E5_eval,uniform,0.8,counter graded 10/day,300,0,0,28666,78.7449,78.8042,78.5127,1.7861
E5_eval,uniform,concentrated_pumper_no_verify,counter graded 10/day,300,28,1176,412,63.5922,62.9283,65.9341,2.4272
E5_eval,uniform,concentrated_pumper_verifies_instantly,counter graded 10/day,300,29,1176,412,63.5922,62.9283,65.9341,2.4272
E5_eval,uniform,concentrated_pumper_verifies_humanlike,counter graded 10/day,300,29,1176,412,63.5922,62.9283,65.9341,2.4272
E5_eval,uniform,concentrated_pumper_solves_challenges,counter graded 10/day,300,58,1176,412,63.5922,62.9283,65.9341,2.4272
E5_eval,uniform,0.65,counter graded 10/day,301,0,0,28791,63.4921,63.5149,63.4006,1.7888
E5_eval,uniform,0.8,counter graded 10/day,301,0,0,28791,78.7086,78.7069,78.7156,1.7888
E5_eval,uniform,concentrated_pumper_no_verify,counter graded 10/day,301,27,355,405,62.716,64.1337,56.5789,3.2099
E5_eval,uniform,concentrated_pumper_verifies_instantly,counter graded 10/day,301,27,355,405,62.716,64.1337,56.5789,3.2099
E5_eval,uniform,concentrated_pumper_verifies_humanlike,counter graded 10/day,301,27,355,405,62.716,64.1337,56.5789,3.2099
E5_eval,uniform,concentrated_pumper_solves_challenges,counter graded 10/day,301,57,355,405,62.716,64.1337,56.5789,3.2099
E5_eval,uniform,0.65,counter graded 10/day,302,0,0,28576,64.2112,64.2792,63.9373,1.7567
E5_eval,uniform,0.8,counter graded 10/day,302,0,0,28576,78.8494,78.9317,78.5173,1.7567
E5_eval,uniform,concentrated_pumper_no_verify,counter graded 10/day,302,27,434,385,68.0519,69.0852,63.2353,1.8182
E5_eval,uniform,concentrated_pumper_verifies_instantly,counter graded 10/day,302,28,434,385,68.0519,69.0852,63.2353,1.8182
E5_eval,uniform,concentrated_pumper_verifies_humanlike,counter graded 10/day,302,28,434,385,68.0519,69.0852,63.2353,1.8182
E5_eval,uniform,concentrated_pumper_solves_challenges,counter graded 10/day,302,57,434,385,68.0519,69.0852,63.2353,1.8182
E5_eval,uniform,0.65,counter graded 10/day,303,0,0,28707,64.3432,64.2047,64.881,1.7661
E5_eval,uniform,0.8,counter graded 10/day,303,0,0,28707,78.8727,78.6788,79.6259,1.7661
E5_eval,uniform,concentrated_pumper_no_verify,counter graded 10/day,303,30,493,379,65.4354,65.6357,64.7727,1.5831
E5_eval,uniform,concentrated_pumper_verifies_instantly,counter graded 10/day,303,30,493,379,65.4354,65.6357,64.7727,1.5831
E5_eval,uniform,concentrated_pumper_verifies_humanlike,counter graded 10/day,303,30,493,379,65.4354,65.6357,64.7727,1.5831
E5_eval,uniform,concentrated_pumper_solves_challenges,counter graded 10/day,303,60,493,379,65.4354,65.6357,64.7727,1.5831
E5_eval,uniform,0.65,counter graded 10/day,304,0,0,28683,64.3168,64.6006,63.179,1.8129
E5_eval,uniform,0.8,counter graded 10/day,304,0,0,28683,79.4024,79.5191,78.9345,1.8129
E5_eval,uniform,concentrated_pumper_no_verify,counter graded 10/day,304,30,1050,427,61.1241,60.7251,62.5,0.4684
E5_eval,uniform,concentrated_pumper_verifies_instantly,counter graded 10/day,304,32,1050,427,61.1241,60.7251,62.5,0.4684
E5_eval,uniform,concentrated_pumper_verifies_humanlike,counter graded 10/day,304,32,1050,427,61.1241,60.7251,62.5,0.4684
E5_eval,uniform,concentrated_pumper_solves_challenges,counter graded 10/day,304,60,1050,427,61.1241,60.7251,62.5,0.4684
E5_eval,uniform,0.65,counter graded 10/day,305,0,0,28956,64.5704,64.8184,63.5565,1.8684
E5_eval,uniform,0.8,counter graded 10/day,305,0,0,28956,79.1546,79.3424,78.3869,1.8684
E5_eval,uniform,concentrated_pumper_no_verify,counter graded 10/day,305,30,294,390,63.8462,63.7874,64.0449,1.0256
E5_eval,uniform,concentrated_pumper_verifies_instantly,counter graded 10/day,305,30,294,390,63.8462,63.7874,64.0449,1.0256
E5_eval,uniform,concentrated_pumper_verifies_humanlike,counter graded 10/day,305,30,294,390,63.8462,63.7874,64.0449,1.0256
E5_eval,uniform,concentrated_pumper_solves_challenges,counter graded 10/day,305,60,294,390,63.8462,63.7874,64.0449,1.0256
E5_eval,uniform,0.65,counter graded 10/day,306,0,0,29060,64.3634,64.4811,63.8771,1.81
E5_eval,uniform,0.8,counter graded 10/day,306,0,0,29060,78.9952,79.0819,78.637,1.81
E5_eval,uniform,concentrated_pumper_no_verify,counter graded 10/day,306,29,994,416,64.9038,63.7725,69.5122,1.6827
E5_eval,uniform,concentrated_pumper_verifies_instantly,counter graded 10/day,306,30,994,416,64.9038,63.7725,69.5122,1.6827
E5_eval,uniform,concentrated_pumper_verifies_humanlike,counter graded 10/day,306,29,994,416,64.9038,63.7725,69.5122,1.6827
E5_eval,uniform,concentrated_pumper_solves_challenges,counter graded 10/day,306,59,994,416,64.9038,63.7725,69.5122,1.6827
E5_eval,uniform,0.65,counter graded 10/day,307,0,0,28939,64.2317,64.0307,65.0381,1.7278
E5_eval,uniform,0.8,counter graded 10/day,307,0,0,28939,78.821,78.6981,79.3139,1.7278
E5_eval,uniform,concentrated_pumper_no_verify,counter graded 10/day,307,29,535,419,68.7351,69.4864,65.9091,1.432
E5_eval,uniform,concentrated_pumper_verifies_instantly,counter graded 10/day,307,29,535,419,68.7351,69.4864,65.9091,1.432
E5_eval,uniform,concentrated_pumper_verifies_humanlike,counter graded 10/day,307,29,535,419,68.7351,69.4864,65.9091,1.432
E5_eval,uniform,concentrated_pumper_solves_challenges,counter graded 10/day,307,59,535,419,68.7351,69.4864,65.9091,1.432
E5_eval,uniform,0.65,counter graded 10/day,308,0,0,28982,64.2054,64.2956,63.8427,1.8667
E5_eval,uniform,0.8,counter graded 10/day,308,0,0,28982,79.2526,79.4399,78.4997,1.8667
E5_eval,uniform,concentrated_pumper_no_verify,counter graded 10/day,308,29,898,408,65.4412,67.7914,56.0976,1.7157
E5_eval,uniform,concentrated_pumper_verifies_instantly,counter graded 10/day,308,31,898,408,65.4412,67.7914,56.0976,1.7157
E5_eval,uniform,concentrated_pumper_verifies_humanlike,counter graded 10/day,308,30,898,408,65.4412,67.7914,56.0976,1.7157
E5_eval,uniform,concentrated_pumper_solves_challenges,counter graded 10/day,308,59,898,408,65.4412,67.7914,56.0976,1.7157
E5_eval,uniform,0.65,counter graded 10/day,309,0,0,28659,64.0706,63.9822,64.4276,1.7167
E5_eval,uniform,0.8,counter graded 10/day,309,0,0,28659,78.7955,78.7393,79.0223,1.7167
E5_eval,uniform,concentrated_pumper_no_verify,counter graded 10/day,309,29,465,396,65.1515,65.7051,63.0952,1.2626
E5_eval,uniform,concentrated_pumper_verifies_instantly,counter graded 10/day,309,30,465,396,65.1515,65.7051,63.0952,1.2626
E5_eval,uniform,concentrated_pumper_verifies_humanlike,counter graded 10/day,309,29,465,396,65.1515,65.7051,63.0952,1.2626
E5_eval,uniform,concentrated_pumper_solves_challenges,counter graded 10/day,309,59,465,396,65.1515,65.7051,63.0952,1.2626
E5_eval,uniform,0.65,counter refuse 20/day,300,0,0,28666,64.0724,64.1349,63.828,1.6047
E5_eval,uniform,0.8,counter refuse 20/day,300,0,0,28666,78.7658,78.8305,78.5127,1.6047
E5_eval,uniform,concentrated_pumper_no_verify,counter refuse 20/day,300,58,1176,412,63.5922,62.9283,65.9341,2.4272
E5_eval,uniform,concentrated_pumper_verifies_instantly,counter refuse 20/day,300,58,1176,412,63.5922,62.9283,65.9341,2.4272
E5_eval,uniform,concentrated_pumper_verifies_humanlike,counter refuse 20/day,300,58,1176,412,63.5922,62.9283,65.9341,2.4272
E5_eval,uniform,concentrated_pumper_solves_challenges,counter refuse 20/day,300,58,1176,412,63.5922,62.9283,65.9341,2.4272
E5_eval,uniform,0.65,counter refuse 20/day,301,0,0,28791,63.5164,63.5452,63.4006,1.5769
E5_eval,uniform,0.8,counter refuse 20/day,301,0,0,28791,78.7399,78.7459,78.7156,1.5769
E5_eval,uniform,concentrated_pumper_no_verify,counter refuse 20/day,301,57,355,405,62.716,64.1337,56.5789,3.2099
E5_eval,uniform,concentrated_pumper_verifies_instantly,counter refuse 20/day,301,57,355,405,62.716,64.1337,56.5789,3.2099
E5_eval,uniform,concentrated_pumper_verifies_humanlike,counter refuse 20/day,301,57,355,405,62.716,64.1337,56.5789,3.2099
E5_eval,uniform,concentrated_pumper_solves_challenges,counter refuse 20/day,301,57,355,405,62.716,64.1337,56.5789,3.2099
E5_eval,uniform,0.65,counter refuse 20/day,302,0,0,28576,64.2112,64.2792,63.9373,1.6167
E5_eval,uniform,0.8,counter refuse 20/day,302,0,0,28576,78.8494,78.9317,78.5173,1.6167
E5_eval,uniform,concentrated_pumper_no_verify,counter refuse 20/day,302,57,434,385,68.0519,69.0852,63.2353,1.8182
E5_eval,uniform,concentrated_pumper_verifies_instantly,counter refuse 20/day,302,57,434,385,68.0519,69.0852,63.2353,1.8182
E5_eval,uniform,concentrated_pumper_verifies_humanlike,counter refuse 20/day,302,57,434,385,68.0519,69.0852,63.2353,1.8182
E5_eval,uniform,concentrated_pumper_solves_challenges,counter refuse 20/day,302,57,434,385,68.0519,69.0852,63.2353,1.8182
E5_eval,uniform,0.65,counter refuse 20/day,303,0,0,28707,64.3467,64.2091,64.881,1.5606
E5_eval,uniform,0.8,counter refuse 20/day,303,0,0,28707,78.8762,78.6831,79.6259,1.5606
E5_eval,uniform,concentrated_pumper_no_verify,counter refuse 20/day,303,59,493,379,65.4354,65.6357,64.7727,1.5831
E5_eval,uniform,concentrated_pumper_verifies_instantly,counter refuse 20/day,303,59,493,379,65.4354,65.6357,64.7727,1.5831
E5_eval,uniform,concentrated_pumper_verifies_humanlike,counter refuse 20/day,303,59,493,379,65.4354,65.6357,64.7727,1.5831
E5_eval,uniform,concentrated_pumper_solves_challenges,counter refuse 20/day,303,59,493,379,65.4354,65.6357,64.7727,1.5831
E5_eval,uniform,0.65,counter refuse 20/day,304,0,0,28683,64.3238,64.6093,63.179,1.6247
E5_eval,uniform,0.8,counter refuse 20/day,304,0,0,28683,79.4094,79.5278,78.9345,1.6247
E5_eval,uniform,concentrated_pumper_no_verify,counter refuse 20/day,304,60,1050,427,61.1241,60.7251,62.5,0.4684
E5_eval,uniform,concentrated_pumper_verifies_instantly,counter refuse 20/day,304,60,1050,427,61.1241,60.7251,62.5,0.4684
E5_eval,uniform,concentrated_pumper_verifies_humanlike,counter refuse 20/day,304,60,1050,427,61.1241,60.7251,62.5,0.4684
E5_eval,uniform,concentrated_pumper_solves_challenges,counter refuse 20/day,304,60,1050,427,61.1241,60.7251,62.5,0.4684
E5_eval,uniform,0.65,counter refuse 20/day,305,0,0,28956,64.5842,64.8356,63.5565,1.637
E5_eval,uniform,0.8,counter refuse 20/day,305,0,0,28956,79.1684,79.3596,78.3869,1.637
E5_eval,uniform,concentrated_pumper_no_verify,counter refuse 20/day,305,60,294,390,63.8462,63.7874,64.0449,1.0256
E5_eval,uniform,concentrated_pumper_verifies_instantly,counter refuse 20/day,305,60,294,390,63.8462,63.7874,64.0449,1.0256
E5_eval,uniform,concentrated_pumper_verifies_humanlike,counter refuse 20/day,305,60,294,390,63.8462,63.7874,64.0449,1.0256
E5_eval,uniform,concentrated_pumper_solves_challenges,counter refuse 20/day,305,60,294,390,63.8462,63.7874,64.0449,1.0256
E5_eval,uniform,0.65,counter refuse 20/day,306,0,0,29060,64.3772,64.4982,63.8771,1.576
E5_eval,uniform,0.8,counter refuse 20/day,306,0,0,29060,79.0193,79.1118,78.637,1.576
E5_eval,uniform,concentrated_pumper_no_verify,counter refuse 20/day,306,59,994,416,64.9038,63.7725,69.5122,1.6827
E5_eval,uniform,concentrated_pumper_verifies_instantly,counter refuse 20/day,306,59,994,416,64.9038,63.7725,69.5122,1.6827
E5_eval,uniform,concentrated_pumper_verifies_humanlike,counter refuse 20/day,306,59,994,416,64.9038,63.7725,69.5122,1.6827
E5_eval,uniform,concentrated_pumper_solves_challenges,counter refuse 20/day,306,59,994,416,64.9038,63.7725,69.5122,1.6827
E5_eval,uniform,0.65,counter refuse 20/day,307,0,0,28939,64.2455,64.048,65.0381,1.4963
E5_eval,uniform,0.8,counter refuse 20/day,307,0,0,28939,78.8382,78.7197,79.3139,1.4963
E5_eval,uniform,concentrated_pumper_no_verify,counter refuse 20/day,307,59,535,419,68.7351,69.4864,65.9091,1.432
E5_eval,uniform,concentrated_pumper_verifies_instantly,counter refuse 20/day,307,59,535,419,68.7351,69.4864,65.9091,1.432
E5_eval,uniform,concentrated_pumper_verifies_humanlike,counter refuse 20/day,307,59,535,419,68.7351,69.4864,65.9091,1.432
E5_eval,uniform,concentrated_pumper_solves_challenges,counter refuse 20/day,307,59,535,419,68.7351,69.4864,65.9091,1.432
E5_eval,uniform,0.65,counter refuse 20/day,308,0,0,28982,64.2192,64.3128,63.8427,1.6286
E5_eval,uniform,0.8,counter refuse 20/day,308,0,0,28982,79.2699,79.4614,78.4997,1.6286
E5_eval,uniform,concentrated_pumper_no_verify,counter refuse 20/day,308,59,898,408,65.4412,67.7914,56.0976,1.7157
E5_eval,uniform,concentrated_pumper_verifies_instantly,counter refuse 20/day,308,59,898,408,65.4412,67.7914,56.0976,1.7157
E5_eval,uniform,concentrated_pumper_verifies_humanlike,counter refuse 20/day,308,59,898,408,65.4412,67.7914,56.0976,1.7157
E5_eval,uniform,concentrated_pumper_solves_challenges,counter refuse 20/day,308,59,898,408,65.4412,67.7914,56.0976,1.7157
E5_eval,uniform,0.65,counter refuse 20/day,309,0,0,28659,64.0881,64.004,64.4276,1.483
E5_eval,uniform,0.8,counter refuse 20/day,309,0,0,28659,78.8129,78.7611,79.0223,1.483
E5_eval,uniform,concentrated_pumper_no_verify,counter refuse 20/day,309,59,465,396,65.1515,65.7051,63.0952,1.2626
E5_eval,uniform,concentrated_pumper_verifies_instantly,counter refuse 20/day,309,59,465,396,65.1515,65.7051,63.0952,1.2626
E5_eval,uniform,concentrated_pumper_verifies_humanlike,counter refuse 20/day,309,59,465,396,65.1515,65.7051,63.0952,1.2626
E5_eval,uniform,concentrated_pumper_solves_challenges,counter refuse 20/day,309,59,465,396,65.1515,65.7051,63.0952,1.2626
E5_eval,uniform,0.65,none,300,0,0,28666,64.0724,64.1349,63.828,1.6047
E5_eval,uniform,0.8,none,300,0,0,28666,78.7658,78.8305,78.5127,1.6047
E5_eval,uniform,concentrated_pumper_no_verify,none,300,343,1176,412,63.5922,62.9283,65.9341,2.4272
E5_eval,uniform,concentrated_pumper_verifies_instantly,none,300,1142,1176,412,63.5922,62.9283,65.9341,2.4272
E5_eval,uniform,concentrated_pumper_verifies_humanlike,none,300,1163,1176,412,63.5922,62.9283,65.9341,2.4272
E5_eval,uniform,concentrated_pumper_solves_challenges,none,300,478,1176,412,63.5922,62.9283,65.9341,2.4272
E5_eval,uniform,0.65,none,301,0,0,28791,63.5164,63.5452,63.4006,1.5769
E5_eval,uniform,0.8,none,301,0,0,28791,78.7399,78.7459,78.7156,1.5769
E5_eval,uniform,concentrated_pumper_no_verify,none,301,338,355,405,62.716,64.1337,56.5789,3.2099
E5_eval,uniform,concentrated_pumper_verifies_instantly,none,301,352,355,405,62.716,64.1337,56.5789,3.2099
E5_eval,uniform,concentrated_pumper_verifies_humanlike,none,301,353,355,405,62.716,64.1337,56.5789,3.2099
E5_eval,uniform,concentrated_pumper_solves_challenges,none,301,352,355,405,62.716,64.1337,56.5789,3.2099
E5_eval,uniform,0.65,none,302,0,0,28576,64.2112,64.2792,63.9373,1.6167
E5_eval,uniform,0.8,none,302,0,0,28576,78.8494,78.9317,78.5173,1.6167
E5_eval,uniform,concentrated_pumper_no_verify,none,302,349,434,385,68.0519,69.0852,63.2353,1.8182
E5_eval,uniform,concentrated_pumper_verifies_instantly,none,302,430,434,385,68.0519,69.0852,63.2353,1.8182
E5_eval,uniform,concentrated_pumper_verifies_humanlike,none,302,430,434,385,68.0519,69.0852,63.2353,1.8182
E5_eval,uniform,concentrated_pumper_solves_challenges,none,302,421,434,385,68.0519,69.0852,63.2353,1.8182
E5_eval,uniform,0.65,none,303,0,0,28707,64.3467,64.2091,64.881,1.5606
E5_eval,uniform,0.8,none,303,0,0,28707,78.8762,78.6831,79.6259,1.5606
E5_eval,uniform,concentrated_pumper_no_verify,none,303,358,493,379,65.4354,65.6357,64.7727,1.5831
E5_eval,uniform,concentrated_pumper_verifies_instantly,none,303,491,493,379,65.4354,65.6357,64.7727,1.5831
E5_eval,uniform,concentrated_pumper_verifies_humanlike,none,303,491,493,379,65.4354,65.6357,64.7727,1.5831
E5_eval,uniform,concentrated_pumper_solves_challenges,none,303,461,493,379,65.4354,65.6357,64.7727,1.5831
E5_eval,uniform,0.65,none,304,0,0,28683,64.3238,64.6093,63.179,1.6247
E5_eval,uniform,0.8,none,304,0,0,28683,79.4094,79.5278,78.9345,1.6247
E5_eval,uniform,concentrated_pumper_no_verify,none,304,334,1050,427,61.1241,60.7251,62.5,0.4684
E5_eval,uniform,concentrated_pumper_verifies_instantly,none,304,1029,1050,427,61.1241,60.7251,62.5,0.4684
E5_eval,uniform,concentrated_pumper_verifies_humanlike,none,304,1045,1050,427,61.1241,60.7251,62.5,0.4684
E5_eval,uniform,concentrated_pumper_solves_challenges,none,304,444,1050,427,61.1241,60.7251,62.5,0.4684
E5_eval,uniform,0.65,none,305,0,0,28956,64.5842,64.8356,63.5565,1.637
E5_eval,uniform,0.8,none,305,0,0,28956,79.1684,79.3596,78.3869,1.637
E5_eval,uniform,concentrated_pumper_no_verify,none,305,291,294,390,63.8462,63.7874,64.0449,1.0256
E5_eval,uniform,concentrated_pumper_verifies_instantly,none,305,294,294,390,63.8462,63.7874,64.0449,1.0256
E5_eval,uniform,concentrated_pumper_verifies_humanlike,none,305,294,294,390,63.8462,63.7874,64.0449,1.0256
E5_eval,uniform,concentrated_pumper_solves_challenges,none,305,294,294,390,63.8462,63.7874,64.0449,1.0256
E5_eval,uniform,0.65,none,306,0,0,29060,64.3772,64.4982,63.8771,1.576
E5_eval,uniform,0.8,none,306,0,0,29060,79.0193,79.1118,78.637,1.576
E5_eval,uniform,concentrated_pumper_no_verify,none,306,331,994,416,64.9038,63.7725,69.5122,1.6827
E5_eval,uniform,concentrated_pumper_verifies_instantly,none,306,978,994,416,64.9038,63.7725,69.5122,1.6827
E5_eval,uniform,concentrated_pumper_verifies_humanlike,none,306,987,994,416,64.9038,63.7725,69.5122,1.6827
E5_eval,uniform,concentrated_pumper_solves_challenges,none,306,455,994,416,64.9038,63.7725,69.5122,1.6827
E5_eval,uniform,0.65,none,307,0,0,28939,64.2455,64.048,65.0381,1.4963
E5_eval,uniform,0.8,none,307,0,0,28939,78.8382,78.7197,79.3139,1.4963
E5_eval,uniform,concentrated_pumper_no_verify,none,307,370,535,419,68.7351,69.4864,65.9091,1.432
E5_eval,uniform,concentrated_pumper_verifies_instantly,none,307,533,535,419,68.7351,69.4864,65.9091,1.432
E5_eval,uniform,concentrated_pumper_verifies_humanlike,none,307,533,535,419,68.7351,69.4864,65.9091,1.432
E5_eval,uniform,concentrated_pumper_solves_challenges,none,307,496,535,419,68.7351,69.4864,65.9091,1.432
E5_eval,uniform,0.65,none,308,0,0,28982,64.2192,64.3128,63.8427,1.6286
E5_eval,uniform,0.8,none,308,0,0,28982,79.2699,79.4614,78.4997,1.6286
E5_eval,uniform,concentrated_pumper_no_verify,none,308,331,898,408,65.4412,67.7914,56.0976,1.7157
E5_eval,uniform,concentrated_pumper_verifies_instantly,none,308,882,898,408,65.4412,67.7914,56.0976,1.7157
E5_eval,uniform,concentrated_pumper_verifies_humanlike,none,308,891,898,408,65.4412,67.7914,56.0976,1.7157
E5_eval,uniform,concentrated_pumper_solves_challenges,none,308,469,898,408,65.4412,67.7914,56.0976,1.7157
E5_eval,uniform,0.65,none,309,0,0,28659,64.0881,64.004,64.4276,1.483
E5_eval,uniform,0.8,none,309,0,0,28659,78.8129,78.7611,79.0223,1.483
E5_eval,uniform,concentrated_pumper_no_verify,none,309,358,465,396,65.1515,65.7051,63.0952,1.2626
E5_eval,uniform,concentrated_pumper_verifies_instantly,none,309,461,465,396,65.1515,65.7051,63.0952,1.2626
E5_eval,uniform,concentrated_pumper_verifies_humanlike,none,309,462,465,396,65.1515,65.7051,63.0952,1.2626
E5_eval,uniform,concentrated_pumper_solves_challenges,none,309,448,465,396,65.1515,65.7051,63.0952,1.2626
E5_eval,uniform,0.65,sequential T100 c0,300,0,0,28666,64.0724,64.1349,63.828,1.6675
E5_eval,uniform,0.8,sequential T100 c0,300,0,0,28666,78.7658,78.8305,78.5127,1.6082
E5_eval,uniform,concentrated_pumper_no_verify,sequential T100 c0,300,185,1176,412,63.5922,62.9283,65.9341,2.4272
E5_eval,uniform,concentrated_pumper_verifies_instantly,sequential T100 c0,300,17,1176,412,63.5922,62.9283,65.9341,2.4272
E5_eval,uniform,concentrated_pumper_verifies_humanlike,sequential T100 c0,300,187,1176,412,63.5922,62.9283,65.9341,2.4272
E5_eval,uniform,concentrated_pumper_solves_challenges,sequential T100 c0,300,185,1176,412,63.5922,62.9283,65.9341,2.4272
E5_eval,uniform,0.65,sequential T100 c0,301,0,0,28791,63.5164,63.5452,63.4006,1.6672
E5_eval,uniform,0.8,sequential T100 c0,301,0,0,28791,78.7399,78.7459,78.7156,1.5838
E5_eval,uniform,concentrated_pumper_no_verify,sequential T100 c0,301,56,355,405,62.716,64.1337,56.5789,3.2099
E5_eval,uniform,concentrated_pumper_verifies_instantly,sequential T100 c0,301,13,355,405,62.716,64.1337,56.5789,3.2099
E5_eval,uniform,concentrated_pumper_verifies_humanlike,sequential T100 c0,301,82,355,405,62.716,64.1337,56.5789,3.2099
E5_eval,uniform,concentrated_pumper_solves_challenges,sequential T100 c0,301,61,355,405,62.716,64.1337,56.5789,3.2099
E5_eval,uniform,0.65,sequential T100 c0,302,0,0,28576,64.2077,64.2748,63.9373,1.6692
E5_eval,uniform,0.8,sequential T100 c0,302,0,0,28576,78.8494,78.9317,78.5173,1.6307
E5_eval,uniform,concentrated_pumper_no_verify,sequential T100 c0,302,65,434,385,68.0519,69.0852,63.2353,1.8182
E5_eval,uniform,concentrated_pumper_verifies_instantly,sequential T100 c0,302,15,434,385,68.0519,69.0852,63.2353,1.8182
E5_eval,uniform,concentrated_pumper_verifies_humanlike,sequential T100 c0,302,131,434,385,68.0519,69.0852,63.2353,1.8182
E5_eval,uniform,concentrated_pumper_solves_challenges,sequential T100 c0,302,74,434,385,68.0519,69.0852,63.2353,1.8182
E5_eval,uniform,0.65,sequential T100 c0,303,0,0,28707,64.3467,64.2091,64.881,1.6372
E5_eval,uniform,0.8,sequential T100 c0,303,0,0,28707,78.8762,78.6831,79.6259,1.5676
E5_eval,uniform,concentrated_pumper_no_verify,sequential T100 c0,303,81,493,379,65.4354,65.6357,64.7727,1.5831
E5_eval,uniform,concentrated_pumper_verifies_instantly,sequential T100 c0,303,13,493,379,65.4354,65.6357,64.7727,1.5831
E5_eval,uniform,concentrated_pumper_verifies_humanlike,sequential T100 c0,303,148,493,379,65.4354,65.6357,64.7727,1.5831
E5_eval,uniform,concentrated_pumper_solves_challenges,sequential T100 c0,303,85,493,379,65.4354,65.6357,64.7727,1.5831
E5_eval,uniform,0.65,sequential T100 c0,304,0,0,28683,64.3238,64.6093,63.179,1.677
E5_eval,uniform,0.8,sequential T100 c0,304,0,0,28683,79.4059,79.5235,78.9345,1.6421
E5_eval,uniform,concentrated_pumper_no_verify,sequential T100 c0,304,148,1050,427,61.1241,60.7251,62.5,0.4684
E5_eval,uniform,concentrated_pumper_verifies_instantly,sequential T100 c0,304,18,1050,427,61.1241,60.7251,62.5,0.4684
E5_eval,uniform,concentrated_pumper_verifies_humanlike,sequential T100 c0,304,167,1050,427,61.1241,60.7251,62.5,0.4684
E5_eval,uniform,concentrated_pumper_solves_challenges,sequential T100 c0,304,148,1050,427,61.1241,60.7251,62.5,0.4684
E5_eval,uniform,0.65,sequential T100 c0,305,0,0,28956,64.5773,64.827,63.5565,1.6853
E5_eval,uniform,0.8,sequential T100 c0,305,0,0,28956,79.1684,79.3596,78.3869,1.6439
E5_eval,uniform,concentrated_pumper_no_verify,sequential T100 c0,305,51,294,390,63.8462,63.7874,64.0449,1.0256
E5_eval,uniform,concentrated_pumper_verifies_instantly,sequential T100 c0,305,15,294,390,63.8462,63.7874,64.0449,1.0256
E5_eval,uniform,concentrated_pumper_verifies_humanlike,sequential T100 c0,305,94,294,390,63.8462,63.7874,64.0449,1.0256
E5_eval,uniform,concentrated_pumper_solves_challenges,sequential T100 c0,305,61,294,390,63.8462,63.7874,64.0449,1.0256
E5_eval,uniform,0.65,sequential T100 c0,306,0,0,29060,64.3772,64.4982,63.8771,1.6242
E5_eval,uniform,0.8,sequential T100 c0,306,0,0,29060,79.0193,79.1118,78.637,1.5864
E5_eval,uniform,concentrated_pumper_no_verify,sequential T100 c0,306,147,994,416,64.9038,63.7725,69.5122,1.6827
E5_eval,uniform,concentrated_pumper_verifies_instantly,sequential T100 c0,306,16,994,416,64.9038,63.7725,69.5122,1.6827
E5_eval,uniform,concentrated_pumper_verifies_humanlike,sequential T100 c0,306,192,994,416,64.9038,63.7725,69.5122,1.6827
E5_eval,uniform,concentrated_pumper_solves_challenges,sequential T100 c0,306,147,994,416,64.9038,63.7725,69.5122,1.6827
E5_eval,uniform,0.65,sequential T100 c0,307,0,0,28939,64.2317,64.0307,65.0381,1.5585
E5_eval,uniform,0.8,sequential T100 c0,307,0,0,28939,78.8279,78.7068,79.3139,1.5135
E5_eval,uniform,concentrated_pumper_no_verify,sequential T100 c0,307,105,535,419,68.7351,69.4864,65.9091,1.432
E5_eval,uniform,concentrated_pumper_verifies_instantly,sequential T100 c0,307,15,535,419,68.7351,69.4864,65.9091,1.432
E5_eval,uniform,concentrated_pumper_verifies_humanlike,sequential T100 c0,307,122,535,419,68.7351,69.4864,65.9091,1.432
E5_eval,uniform,concentrated_pumper_solves_challenges,sequential T100 c0,307,105,535,419,68.7351,69.4864,65.9091,1.432
E5_eval,uniform,0.65,sequential T100 c0,308,0,0,28982,64.2088,64.2999,63.8427,1.7114
E5_eval,uniform,0.8,sequential T100 c0,308,0,0,28982,79.2699,79.4614,78.4997,1.6493
E5_eval,uniform,concentrated_pumper_no_verify,sequential T100 c0,308,135,898,408,65.4412,67.7914,56.0976,1.7157
E5_eval,uniform,concentrated_pumper_verifies_instantly,sequential T100 c0,308,17,898,408,65.4412,67.7914,56.0976,1.7157
E5_eval,uniform,concentrated_pumper_verifies_humanlike,sequential T100 c0,308,171,898,408,65.4412,67.7914,56.0976,1.7157
E5_eval,uniform,concentrated_pumper_solves_challenges,sequential T100 c0,308,135,898,408,65.4412,67.7914,56.0976,1.7157
E5_eval,uniform,0.65,sequential T100 c0,309,0,0,28659,64.0811,63.9953,64.4276,1.5458
E5_eval,uniform,0.8,sequential T100 c0,309,0,0,28659,78.806,78.7524,79.0223,1.5039
E5_eval,uniform,concentrated_pumper_no_verify,sequential T100 c0,309,78,465,396,65.1515,65.7051,63.0952,1.2626
E5_eval,uniform,concentrated_pumper_verifies_instantly,sequential T100 c0,309,13,465,396,65.1515,65.7051,63.0952,1.2626
E5_eval,uniform,concentrated_pumper_verifies_humanlike,sequential T100 c0,309,128,465,396,65.1515,65.7051,63.0952,1.2626
E5_eval,uniform,concentrated_pumper_solves_challenges,sequential T100 c0,309,83,465,396,65.1515,65.7051,63.0952,1.2626
E5_eval,uniform,0.65,sequential T1000 c1,300,0,0,28666,64.0724,64.1349,63.828,1.6082
E5_eval,uniform,0.8,sequential T1000 c1,300,0,0,28666,78.7658,78.8305,78.5127,1.6047
E5_eval,uniform,concentrated_pumper_no_verify,sequential T1000 c1,300,185,1176,412,63.5922,62.9283,65.9341,2.4272
E5_eval,uniform,concentrated_pumper_verifies_instantly,sequential T1000 c1,300,20,1176,412,63.5922,62.9283,65.9341,2.4272
E5_eval,uniform,concentrated_pumper_verifies_humanlike,sequential T1000 c1,300,276,1176,412,63.5922,62.9283,65.9341,2.4272
E5_eval,uniform,concentrated_pumper_solves_challenges,sequential T1000 c1,300,185,1176,412,63.5922,62.9283,65.9341,2.4272
E5_eval,uniform,0.65,sequential T1000 c1,301,0,0,28791,63.5164,63.5452,63.4006,1.5873
E5_eval,uniform,0.8,sequential T1000 c1,301,0,0,28791,78.7399,78.7459,78.7156,1.5838
E5_eval,uniform,concentrated_pumper_no_verify,sequential T1000 c1,301,56,355,405,62.716,64.1337,56.5789,3.2099
E5_eval,uniform,concentrated_pumper_verifies_instantly,sequential T1000 c1,301,19,355,405,62.716,64.1337,56.5789,3.2099
E5_eval,uniform,concentrated_pumper_verifies_humanlike,sequential T1000 c1,301,353,355,405,62.716,64.1337,56.5789,3.2099
E5_eval,uniform,concentrated_pumper_solves_challenges,sequential T1000 c1,301,73,355,405,62.716,64.1337,56.5789,3.2099
E5_eval,uniform,0.65,sequential T1000 c1,302,0,0,28576,64.2112,64.2792,63.9373,1.6272
E5_eval,uniform,0.8,sequential T1000 c1,302,0,0,28576,78.8494,78.9317,78.5173,1.6167
E5_eval,uniform,concentrated_pumper_no_verify,sequential T1000 c1,302,74,434,385,68.0519,69.0852,63.2353,1.8182
E5_eval,uniform,concentrated_pumper_verifies_instantly,sequential T1000 c1,302,20,434,385,68.0519,69.0852,63.2353,1.8182
E5_eval,uniform,concentrated_pumper_verifies_humanlike,sequential T1000 c1,302,430,434,385,68.0519,69.0852,63.2353,1.8182
E5_eval,uniform,concentrated_pumper_solves_challenges,sequential T1000 c1,302,74,434,385,68.0519,69.0852,63.2353,1.8182
E5_eval,uniform,0.65,sequential T1000 c1,303,0,0,28707,64.3432,64.2047,64.881,1.5676
E5_eval,uniform,0.8,sequential T1000 c1,303,0,0,28707,78.8762,78.6831,79.6259,1.5606
E5_eval,uniform,concentrated_pumper_no_verify,sequential T1000 c1,303,85,493,379,65.4354,65.6357,64.7727,1.5831
E5_eval,uniform,concentrated_pumper_verifies_instantly,sequential T1000 c1,303,21,493,379,65.4354,65.6357,64.7727,1.5831
E5_eval,uniform,concentrated_pumper_verifies_humanlike,sequential T1000 c1,303,491,493,379,65.4354,65.6357,64.7727,1.5831
E5_eval,uniform,concentrated_pumper_solves_challenges,sequential T1000 c1,303,85,493,379,65.4354,65.6357,64.7727,1.5831
E5_eval,uniform,0.65,sequential T1000 c1,304,0,0,28683,64.3134,64.5962,63.179,1.6456
E5_eval,uniform,0.8,sequential T1000 c1,304,0,0,28683,79.4059,79.5235,78.9345,1.6281
E5_eval,uniform,concentrated_pumper_no_verify,sequential T1000 c1,304,148,1050,427,61.1241,60.7251,62.5,0.4684
E5_eval,uniform,concentrated_pumper_verifies_instantly,sequential T1000 c1,304,20,1050,427,61.1241,60.7251,62.5,0.4684
E5_eval,uniform,concentrated_pumper_verifies_humanlike,sequential T1000 c1,304,490,1050,427,61.1241,60.7251,62.5,0.4684
E5_eval,uniform,concentrated_pumper_solves_challenges,sequential T1000 c1,304,148,1050,427,61.1241,60.7251,62.5,0.4684
E5_eval,uniform,0.65,sequential T1000 c1,305,0,0,28956,64.5842,64.8356,63.5565,1.6439
E5_eval,uniform,0.8,sequential T1000 c1,305,0,0,28956,79.1684,79.3596,78.3869,1.637
E5_eval,uniform,concentrated_pumper_no_verify,sequential T1000 c1,305,58,294,390,63.8462,63.7874,64.0449,1.0256
E5_eval,uniform,concentrated_pumper_verifies_instantly,sequential T1000 c1,305,19,294,390,63.8462,63.7874,64.0449,1.0256
E5_eval,uniform,concentrated_pumper_verifies_humanlike,sequential T1000 c1,305,294,294,390,63.8462,63.7874,64.0449,1.0256
E5_eval,uniform,concentrated_pumper_solves_challenges,sequential T1000 c1,305,65,294,390,63.8462,63.7874,64.0449,1.0256
E5_eval,uniform,0.65,sequential T1000 c1,306,0,0,29060,64.3772,64.4982,63.8771,1.5864
E5_eval,uniform,0.8,sequential T1000 c1,306,0,0,29060,79.0193,79.1118,78.637,1.576
E5_eval,uniform,concentrated_pumper_no_verify,sequential T1000 c1,306,147,994,416,64.9038,63.7725,69.5122,1.6827
E5_eval,uniform,concentrated_pumper_verifies_instantly,sequential T1000 c1,306,21,994,416,64.9038,63.7725,69.5122,1.6827
E5_eval,uniform,concentrated_pumper_verifies_humanlike,sequential T1000 c1,306,483,994,416,64.9038,63.7725,69.5122,1.6827
E5_eval,uniform,concentrated_pumper_solves_challenges,sequential T1000 c1,306,147,994,416,64.9038,63.7725,69.5122,1.6827
E5_eval,uniform,0.65,sequential T1000 c1,307,0,0,28939,64.242,64.0437,65.0381,1.5101
E5_eval,uniform,0.8,sequential T1000 c1,307,0,0,28939,78.8382,78.7197,79.3139,1.4963
E5_eval,uniform,concentrated_pumper_no_verify,sequential T1000 c1,307,105,535,419,68.7351,69.4864,65.9091,1.432
E5_eval,uniform,concentrated_pumper_verifies_instantly,sequential T1000 c1,307,18,535,419,68.7351,69.4864,65.9091,1.432
E5_eval,uniform,concentrated_pumper_verifies_humanlike,sequential T1000 c1,307,533,535,419,68.7351,69.4864,65.9091,1.432
E5_eval,uniform,concentrated_pumper_solves_challenges,sequential T1000 c1,307,116,535,419,68.7351,69.4864,65.9091,1.432
E5_eval,uniform,0.65,sequential T1000 c1,308,0,0,28982,64.2192,64.3128,63.8427,1.6355
E5_eval,uniform,0.8,sequential T1000 c1,308,0,0,28982,79.2699,79.4614,78.4997,1.632
E5_eval,uniform,concentrated_pumper_no_verify,sequential T1000 c1,308,135,898,408,65.4412,67.7914,56.0976,1.7157
E5_eval,uniform,concentrated_pumper_verifies_instantly,sequential T1000 c1,308,18,898,408,65.4412,67.7914,56.0976,1.7157
E5_eval,uniform,concentrated_pumper_verifies_humanlike,sequential T1000 c1,308,753,898,408,65.4412,67.7914,56.0976,1.7157
E5_eval,uniform,concentrated_pumper_solves_challenges,sequential T1000 c1,308,135,898,408,65.4412,67.7914,56.0976,1.7157
E5_eval,uniform,0.65,sequential T1000 c1,309,0,0,28659,64.0881,64.004,64.4276,1.4899
E5_eval,uniform,0.8,sequential T1000 c1,309,0,0,28659,78.8129,78.7611,79.0223,1.483
E5_eval,uniform,concentrated_pumper_no_verify,sequential T1000 c1,309,83,465,396,65.1515,65.7051,63.0952,1.2626
E5_eval,uniform,concentrated_pumper_verifies_instantly,sequential T1000 c1,309,16,465,396,65.1515,65.7051,63.0952,1.2626
E5_eval,uniform,concentrated_pumper_verifies_humanlike,sequential T1000 c1,309,390,465,396,65.1515,65.7051,63.0952,1.2626
E5_eval,uniform,concentrated_pumper_solves_challenges,sequential T1000 c1,309,104,465,396,65.1515,65.7051,63.0952,1.2626
E5_eval,uniform,0.65,sequential T1000 c2,300,0,0,28666,64.0724,64.1349,63.828,1.6082
E5_eval,uniform,0.8,sequential T1000 c2,300,0,0,28666,78.7658,78.8305,78.5127,1.6047
E5_eval,uniform,concentrated_pumper_no_verify,sequential T1000 c2,300,185,1176,412,63.5922,62.9283,65.9341,2.4272
E5_eval,uniform,concentrated_pumper_verifies_instantly,sequential T1000 c2,300,20,1176,412,63.5922,62.9283,65.9341,2.4272
E5_eval,uniform,concentrated_pumper_verifies_humanlike,sequential T1000 c2,300,961,1176,412,63.5922,62.9283,65.9341,2.4272
E5_eval,uniform,concentrated_pumper_solves_challenges,sequential T1000 c2,300,185,1176,412,63.5922,62.9283,65.9341,2.4272
E5_eval,uniform,0.65,sequential T1000 c2,301,0,0,28791,63.5164,63.5452,63.4006,1.5873
E5_eval,uniform,0.8,sequential T1000 c2,301,0,0,28791,78.7399,78.7459,78.7156,1.5838
E5_eval,uniform,concentrated_pumper_no_verify,sequential T1000 c2,301,56,355,405,62.716,64.1337,56.5789,3.2099
E5_eval,uniform,concentrated_pumper_verifies_instantly,sequential T1000 c2,301,19,355,405,62.716,64.1337,56.5789,3.2099
E5_eval,uniform,concentrated_pumper_verifies_humanlike,sequential T1000 c2,301,353,355,405,62.716,64.1337,56.5789,3.2099
E5_eval,uniform,concentrated_pumper_solves_challenges,sequential T1000 c2,301,73,355,405,62.716,64.1337,56.5789,3.2099
E5_eval,uniform,0.65,sequential T1000 c2,302,0,0,28576,64.2112,64.2792,63.9373,1.6272
E5_eval,uniform,0.8,sequential T1000 c2,302,0,0,28576,78.8494,78.9317,78.5173,1.6167
E5_eval,uniform,concentrated_pumper_no_verify,sequential T1000 c2,302,74,434,385,68.0519,69.0852,63.2353,1.8182
E5_eval,uniform,concentrated_pumper_verifies_instantly,sequential T1000 c2,302,20,434,385,68.0519,69.0852,63.2353,1.8182
E5_eval,uniform,concentrated_pumper_verifies_humanlike,sequential T1000 c2,302,430,434,385,68.0519,69.0852,63.2353,1.8182
E5_eval,uniform,concentrated_pumper_solves_challenges,sequential T1000 c2,302,74,434,385,68.0519,69.0852,63.2353,1.8182
E5_eval,uniform,0.65,sequential T1000 c2,303,0,0,28707,64.3432,64.2047,64.881,1.5676
E5_eval,uniform,0.8,sequential T1000 c2,303,0,0,28707,78.8762,78.6831,79.6259,1.5606
E5_eval,uniform,concentrated_pumper_no_verify,sequential T1000 c2,303,85,493,379,65.4354,65.6357,64.7727,1.5831
E5_eval,uniform,concentrated_pumper_verifies_instantly,sequential T1000 c2,303,21,493,379,65.4354,65.6357,64.7727,1.5831
E5_eval,uniform,concentrated_pumper_verifies_humanlike,sequential T1000 c2,303,491,493,379,65.4354,65.6357,64.7727,1.5831
E5_eval,uniform,concentrated_pumper_solves_challenges,sequential T1000 c2,303,85,493,379,65.4354,65.6357,64.7727,1.5831
E5_eval,uniform,0.65,sequential T1000 c2,304,0,0,28683,64.3134,64.5962,63.179,1.6456
E5_eval,uniform,0.8,sequential T1000 c2,304,0,0,28683,79.4059,79.5235,78.9345,1.6281
E5_eval,uniform,concentrated_pumper_no_verify,sequential T1000 c2,304,148,1050,427,61.1241,60.7251,62.5,0.4684
E5_eval,uniform,concentrated_pumper_verifies_instantly,sequential T1000 c2,304,20,1050,427,61.1241,60.7251,62.5,0.4684
E5_eval,uniform,concentrated_pumper_verifies_humanlike,sequential T1000 c2,304,1045,1050,427,61.1241,60.7251,62.5,0.4684
E5_eval,uniform,concentrated_pumper_solves_challenges,sequential T1000 c2,304,148,1050,427,61.1241,60.7251,62.5,0.4684
E5_eval,uniform,0.65,sequential T1000 c2,305,0,0,28956,64.5842,64.8356,63.5565,1.6439
E5_eval,uniform,0.8,sequential T1000 c2,305,0,0,28956,79.1684,79.3596,78.3869,1.637
E5_eval,uniform,concentrated_pumper_no_verify,sequential T1000 c2,305,58,294,390,63.8462,63.7874,64.0449,1.0256
E5_eval,uniform,concentrated_pumper_verifies_instantly,sequential T1000 c2,305,19,294,390,63.8462,63.7874,64.0449,1.0256
E5_eval,uniform,concentrated_pumper_verifies_humanlike,sequential T1000 c2,305,294,294,390,63.8462,63.7874,64.0449,1.0256
E5_eval,uniform,concentrated_pumper_solves_challenges,sequential T1000 c2,305,65,294,390,63.8462,63.7874,64.0449,1.0256
E5_eval,uniform,0.65,sequential T1000 c2,306,0,0,29060,64.3772,64.4982,63.8771,1.5864
E5_eval,uniform,0.8,sequential T1000 c2,306,0,0,29060,79.0193,79.1118,78.637,1.576
E5_eval,uniform,concentrated_pumper_no_verify,sequential T1000 c2,306,147,994,416,64.9038,63.7725,69.5122,1.6827
E5_eval,uniform,concentrated_pumper_verifies_instantly,sequential T1000 c2,306,21,994,416,64.9038,63.7725,69.5122,1.6827
E5_eval,uniform,concentrated_pumper_verifies_humanlike,sequential T1000 c2,306,987,994,416,64.9038,63.7725,69.5122,1.6827
E5_eval,uniform,concentrated_pumper_solves_challenges,sequential T1000 c2,306,147,994,416,64.9038,63.7725,69.5122,1.6827
E5_eval,uniform,0.65,sequential T1000 c2,307,0,0,28939,64.242,64.0437,65.0381,1.5101
E5_eval,uniform,0.8,sequential T1000 c2,307,0,0,28939,78.8382,78.7197,79.3139,1.4963
E5_eval,uniform,concentrated_pumper_no_verify,sequential T1000 c2,307,105,535,419,68.7351,69.4864,65.9091,1.432
E5_eval,uniform,concentrated_pumper_verifies_instantly,sequential T1000 c2,307,18,535,419,68.7351,69.4864,65.9091,1.432
E5_eval,uniform,concentrated_pumper_verifies_humanlike,sequential T1000 c2,307,533,535,419,68.7351,69.4864,65.9091,1.432
E5_eval,uniform,concentrated_pumper_solves_challenges,sequential T1000 c2,307,116,535,419,68.7351,69.4864,65.9091,1.432
E5_eval,uniform,0.65,sequential T1000 c2,308,0,0,28982,64.2192,64.3128,63.8427,1.6355
E5_eval,uniform,0.8,sequential T1000 c2,308,0,0,28982,79.2699,79.4614,78.4997,1.632
E5_eval,uniform,concentrated_pumper_no_verify,sequential T1000 c2,308,135,898,408,65.4412,67.7914,56.0976,1.7157
E5_eval,uniform,concentrated_pumper_verifies_instantly,sequential T1000 c2,308,18,898,408,65.4412,67.7914,56.0976,1.7157
E5_eval,uniform,concentrated_pumper_verifies_humanlike,sequential T1000 c2,308,891,898,408,65.4412,67.7914,56.0976,1.7157
E5_eval,uniform,concentrated_pumper_solves_challenges,sequential T1000 c2,308,135,898,408,65.4412,67.7914,56.0976,1.7157
E5_eval,uniform,0.65,sequential T1000 c2,309,0,0,28659,64.0881,64.004,64.4276,1.4899
E5_eval,uniform,0.8,sequential T1000 c2,309,0,0,28659,78.8129,78.7611,79.0223,1.483
E5_eval,uniform,concentrated_pumper_no_verify,sequential T1000 c2,309,83,465,396,65.1515,65.7051,63.0952,1.2626
E5_eval,uniform,concentrated_pumper_verifies_instantly,sequential T1000 c2,309,16,465,396,65.1515,65.7051,63.0952,1.2626
E5_eval,uniform,concentrated_pumper_verifies_humanlike,sequential T1000 c2,309,462,465,396,65.1515,65.7051,63.0952,1.2626
E5_eval,uniform,concentrated_pumper_solves_challenges,sequential T1000 c2,309,104,465,396,65.1515,65.7051,63.0952,1.2626
E5_eval,uniform,0.65,sequential T1000 cinf,300,0,0,28666,64.0724,64.1349,63.828,1.6082
E5_eval,uniform,0.8,sequential T1000 cinf,300,0,0,28666,78.7658,78.8305,78.5127,1.6047
E5_eval,uniform,concentrated_pumper_no_verify,sequential T1000 cinf,300,185,1176,412,63.5922,62.9283,65.9341,2.4272
E5_eval,uniform,concentrated_pumper_verifies_instantly,sequential T1000 cinf,300,20,1176,412,63.5922,62.9283,65.9341,2.4272
E5_eval,uniform,concentrated_pumper_verifies_humanlike,sequential T1000 cinf,300,1163,1176,412,63.5922,62.9283,65.9341,2.4272
E5_eval,uniform,concentrated_pumper_solves_challenges,sequential T1000 cinf,300,185,1176,412,63.5922,62.9283,65.9341,2.4272
E5_eval,uniform,0.65,sequential T1000 cinf,301,0,0,28791,63.5164,63.5452,63.4006,1.5873
E5_eval,uniform,0.8,sequential T1000 cinf,301,0,0,28791,78.7399,78.7459,78.7156,1.5838
E5_eval,uniform,concentrated_pumper_no_verify,sequential T1000 cinf,301,56,355,405,62.716,64.1337,56.5789,3.2099
E5_eval,uniform,concentrated_pumper_verifies_instantly,sequential T1000 cinf,301,19,355,405,62.716,64.1337,56.5789,3.2099
E5_eval,uniform,concentrated_pumper_verifies_humanlike,sequential T1000 cinf,301,353,355,405,62.716,64.1337,56.5789,3.2099
E5_eval,uniform,concentrated_pumper_solves_challenges,sequential T1000 cinf,301,73,355,405,62.716,64.1337,56.5789,3.2099
E5_eval,uniform,0.65,sequential T1000 cinf,302,0,0,28576,64.2112,64.2792,63.9373,1.6272
E5_eval,uniform,0.8,sequential T1000 cinf,302,0,0,28576,78.8494,78.9317,78.5173,1.6167
E5_eval,uniform,concentrated_pumper_no_verify,sequential T1000 cinf,302,74,434,385,68.0519,69.0852,63.2353,1.8182
E5_eval,uniform,concentrated_pumper_verifies_instantly,sequential T1000 cinf,302,20,434,385,68.0519,69.0852,63.2353,1.8182
E5_eval,uniform,concentrated_pumper_verifies_humanlike,sequential T1000 cinf,302,430,434,385,68.0519,69.0852,63.2353,1.8182
E5_eval,uniform,concentrated_pumper_solves_challenges,sequential T1000 cinf,302,74,434,385,68.0519,69.0852,63.2353,1.8182
E5_eval,uniform,0.65,sequential T1000 cinf,303,0,0,28707,64.3432,64.2047,64.881,1.5676
E5_eval,uniform,0.8,sequential T1000 cinf,303,0,0,28707,78.8762,78.6831,79.6259,1.5606
E5_eval,uniform,concentrated_pumper_no_verify,sequential T1000 cinf,303,85,493,379,65.4354,65.6357,64.7727,1.5831
E5_eval,uniform,concentrated_pumper_verifies_instantly,sequential T1000 cinf,303,21,493,379,65.4354,65.6357,64.7727,1.5831
E5_eval,uniform,concentrated_pumper_verifies_humanlike,sequential T1000 cinf,303,491,493,379,65.4354,65.6357,64.7727,1.5831
E5_eval,uniform,concentrated_pumper_solves_challenges,sequential T1000 cinf,303,85,493,379,65.4354,65.6357,64.7727,1.5831
E5_eval,uniform,0.65,sequential T1000 cinf,304,0,0,28683,64.3134,64.5962,63.179,1.6456
E5_eval,uniform,0.8,sequential T1000 cinf,304,0,0,28683,79.4059,79.5235,78.9345,1.6281
E5_eval,uniform,concentrated_pumper_no_verify,sequential T1000 cinf,304,148,1050,427,61.1241,60.7251,62.5,0.4684
E5_eval,uniform,concentrated_pumper_verifies_instantly,sequential T1000 cinf,304,20,1050,427,61.1241,60.7251,62.5,0.4684
E5_eval,uniform,concentrated_pumper_verifies_humanlike,sequential T1000 cinf,304,1045,1050,427,61.1241,60.7251,62.5,0.4684
E5_eval,uniform,concentrated_pumper_solves_challenges,sequential T1000 cinf,304,148,1050,427,61.1241,60.7251,62.5,0.4684
E5_eval,uniform,0.65,sequential T1000 cinf,305,0,0,28956,64.5842,64.8356,63.5565,1.6439
E5_eval,uniform,0.8,sequential T1000 cinf,305,0,0,28956,79.1684,79.3596,78.3869,1.637
E5_eval,uniform,concentrated_pumper_no_verify,sequential T1000 cinf,305,58,294,390,63.8462,63.7874,64.0449,1.0256
E5_eval,uniform,concentrated_pumper_verifies_instantly,sequential T1000 cinf,305,19,294,390,63.8462,63.7874,64.0449,1.0256
E5_eval,uniform,concentrated_pumper_verifies_humanlike,sequential T1000 cinf,305,294,294,390,63.8462,63.7874,64.0449,1.0256
E5_eval,uniform,concentrated_pumper_solves_challenges,sequential T1000 cinf,305,65,294,390,63.8462,63.7874,64.0449,1.0256
E5_eval,uniform,0.65,sequential T1000 cinf,306,0,0,29060,64.3772,64.4982,63.8771,1.5864
E5_eval,uniform,0.8,sequential T1000 cinf,306,0,0,29060,79.0193,79.1118,78.637,1.576
E5_eval,uniform,concentrated_pumper_no_verify,sequential T1000 cinf,306,147,994,416,64.9038,63.7725,69.5122,1.6827
E5_eval,uniform,concentrated_pumper_verifies_instantly,sequential T1000 cinf,306,21,994,416,64.9038,63.7725,69.5122,1.6827
E5_eval,uniform,concentrated_pumper_verifies_humanlike,sequential T1000 cinf,306,987,994,416,64.9038,63.7725,69.5122,1.6827
E5_eval,uniform,concentrated_pumper_solves_challenges,sequential T1000 cinf,306,147,994,416,64.9038,63.7725,69.5122,1.6827
E5_eval,uniform,0.65,sequential T1000 cinf,307,0,0,28939,64.242,64.0437,65.0381,1.5101
E5_eval,uniform,0.8,sequential T1000 cinf,307,0,0,28939,78.8382,78.7197,79.3139,1.4963
E5_eval,uniform,concentrated_pumper_no_verify,sequential T1000 cinf,307,105,535,419,68.7351,69.4864,65.9091,1.432
E5_eval,uniform,concentrated_pumper_verifies_instantly,sequential T1000 cinf,307,18,535,419,68.7351,69.4864,65.9091,1.432
E5_eval,uniform,concentrated_pumper_verifies_humanlike,sequential T1000 cinf,307,533,535,419,68.7351,69.4864,65.9091,1.432
E5_eval,uniform,concentrated_pumper_solves_challenges,sequential T1000 cinf,307,116,535,419,68.7351,69.4864,65.9091,1.432
E5_eval,uniform,0.65,sequential T1000 cinf,308,0,0,28982,64.2192,64.3128,63.8427,1.6355
E5_eval,uniform,0.8,sequential T1000 cinf,308,0,0,28982,79.2699,79.4614,78.4997,1.632
E5_eval,uniform,concentrated_pumper_no_verify,sequential T1000 cinf,308,135,898,408,65.4412,67.7914,56.0976,1.7157
E5_eval,uniform,concentrated_pumper_verifies_instantly,sequential T1000 cinf,308,18,898,408,65.4412,67.7914,56.0976,1.7157
E5_eval,uniform,concentrated_pumper_verifies_humanlike,sequential T1000 cinf,308,891,898,408,65.4412,67.7914,56.0976,1.7157
E5_eval,uniform,concentrated_pumper_solves_challenges,sequential T1000 cinf,308,135,898,408,65.4412,67.7914,56.0976,1.7157
E5_eval,uniform,0.65,sequential T1000 cinf,309,0,0,28659,64.0881,64.004,64.4276,1.4899
E5_eval,uniform,0.8,sequential T1000 cinf,309,0,0,28659,78.8129,78.7611,79.0223,1.483
E5_eval,uniform,concentrated_pumper_no_verify,sequential T1000 cinf,309,83,465,396,65.1515,65.7051,63.0952,1.2626
E5_eval,uniform,concentrated_pumper_verifies_instantly,sequential T1000 cinf,309,16,465,396,65.1515,65.7051,63.0952,1.2626
E5_eval,uniform,concentrated_pumper_verifies_humanlike,sequential T1000 cinf,309,462,465,396,65.1515,65.7051,63.0952,1.2626
E5_eval,uniform,concentrated_pumper_solves_challenges,sequential T1000 cinf,309,104,465,396,65.1515,65.7051,63.0952,1.2626
E5_eval,uniform,0.65,sequential T3000 c0,300,0,0,28666,64.0724,64.1349,63.828,1.6047
E5_eval,uniform,0.8,sequential T3000 c0,300,0,0,28666,78.7658,78.8305,78.5127,1.6047
E5_eval,uniform,concentrated_pumper_no_verify,sequential T3000 c0,300,185,1176,412,63.5922,62.9283,65.9341,2.4272
E5_eval,uniform,concentrated_pumper_verifies_instantly,sequential T3000 c0,300,22,1176,412,63.5922,62.9283,65.9341,2.4272
E5_eval,uniform,concentrated_pumper_verifies_humanlike,sequential T3000 c0,300,207,1176,412,63.5922,62.9283,65.9341,2.4272
E5_eval,uniform,concentrated_pumper_solves_challenges,sequential T3000 c0,300,185,1176,412,63.5922,62.9283,65.9341,2.4272
E5_eval,uniform,0.65,sequential T3000 c0,301,0,0,28791,63.5129,63.5409,63.4006,1.5838
E5_eval,uniform,0.8,sequential T3000 c0,301,0,0,28791,78.7399,78.7459,78.7156,1.5769
E5_eval,uniform,concentrated_pumper_no_verify,sequential T3000 c0,301,61,355,405,62.716,64.1337,56.5789,3.2099
E5_eval,uniform,concentrated_pumper_verifies_instantly,sequential T3000 c0,301,19,355,405,62.716,64.1337,56.5789,3.2099
E5_eval,uniform,concentrated_pumper_verifies_humanlike,sequential T3000 c0,301,238,355,405,62.716,64.1337,56.5789,3.2099
E5_eval,uniform,concentrated_pumper_solves_challenges,sequential T3000 c0,301,65,355,405,62.716,64.1337,56.5789,3.2099
E5_eval,uniform,0.65,sequential T3000 c0,302,0,0,28576,64.2112,64.2792,63.9373,1.6167
E5_eval,uniform,0.8,sequential T3000 c0,302,0,0,28576,78.8494,78.9317,78.5173,1.6167
E5_eval,uniform,concentrated_pumper_no_verify,sequential T3000 c0,302,74,434,385,68.0519,69.0852,63.2353,1.8182
E5_eval,uniform,concentrated_pumper_verifies_instantly,sequential T3000 c0,302,20,434,385,68.0519,69.0852,63.2353,1.8182
E5_eval,uniform,concentrated_pumper_verifies_humanlike,sequential T3000 c0,302,423,434,385,68.0519,69.0852,63.2353,1.8182
E5_eval,uniform,concentrated_pumper_solves_challenges,sequential T3000 c0,302,74,434,385,68.0519,69.0852,63.2353,1.8182
E5_eval,uniform,0.65,sequential T3000 c0,303,0,0,28707,64.3432,64.2047,64.881,1.5641
E5_eval,uniform,0.8,sequential T3000 c0,303,0,0,28707,78.8762,78.6831,79.6259,1.5606
E5_eval,uniform,concentrated_pumper_no_verify,sequential T3000 c0,303,85,493,379,65.4354,65.6357,64.7727,1.5831
E5_eval,uniform,concentrated_pumper_verifies_instantly,sequential T3000 c0,303,22,493,379,65.4354,65.6357,64.7727,1.5831
E5_eval,uniform,concentrated_pumper_verifies_humanlike,sequential T3000 c0,303,206,493,379,65.4354,65.6357,64.7727,1.5831
E5_eval,uniform,concentrated_pumper_solves_challenges,sequential T3000 c0,303,102,493,379,65.4354,65.6357,64.7727,1.5831
E5_eval,uniform,0.65,sequential T3000 c0,304,0,0,28683,64.3238,64.6093,63.179,1.6316
E5_eval,uniform,0.8,sequential T3000 c0,304,0,0,28683,79.4094,79.5278,78.9345,1.6247
E5_eval,uniform,concentrated_pumper_no_verify,sequential T3000 c0,304,148,1050,427,61.1241,60.7251,62.5,0.4684
E5_eval,uniform,concentrated_pumper_verifies_instantly,sequential T3000 c0,304,23,1050,427,61.1241,60.7251,62.5,0.4684
E5_eval,uniform,concentrated_pumper_verifies_humanlike,sequential T3000 c0,304,167,1050,427,61.1241,60.7251,62.5,0.4684
E5_eval,uniform,concentrated_pumper_solves_challenges,sequential T3000 c0,304,148,1050,427,61.1241,60.7251,62.5,0.4684
E5_eval,uniform,0.65,sequential T3000 c0,305,0,0,28956,64.5842,64.8356,63.5565,1.637
E5_eval,uniform,0.8,sequential T3000 c0,305,0,0,28956,79.1684,79.3596,78.3869,1.637
E5_eval,uniform,concentrated_pumper_no_verify,sequential T3000 c0,305,61,294,390,63.8462,63.7874,64.0449,1.0256
E5_eval,uniform,concentrated_pumper_verifies_instantly,sequential T3000 c0,305,23,294,390,63.8462,63.7874,64.0449,1.0256
E5_eval,uniform,concentrated_pumper_verifies_humanlike,sequential T3000 c0,305,210,294,390,63.8462,63.7874,64.0449,1.0256
E5_eval,uniform,concentrated_pumper_solves_challenges,sequential T3000 c0,305,76,294,390,63.8462,63.7874,64.0449,1.0256
E5_eval,uniform,0.65,sequential T3000 c0,306,0,0,29060,64.3772,64.4982,63.8771,1.5795
E5_eval,uniform,0.8,sequential T3000 c0,306,0,0,29060,79.0193,79.1118,78.637,1.576
E5_eval,uniform,concentrated_pumper_no_verify,sequential T3000 c0,306,147,994,416,64.9038,63.7725,69.5122,1.6827
E5_eval,uniform,concentrated_pumper_verifies_instantly,sequential T3000 c0,306,23,994,416,64.9038,63.7725,69.5122,1.6827
E5_eval,uniform,concentrated_pumper_verifies_humanlike,sequential T3000 c0,306,211,994,416,64.9038,63.7725,69.5122,1.6827
E5_eval,uniform,concentrated_pumper_solves_challenges,sequential T3000 c0,306,147,994,416,64.9038,63.7725,69.5122,1.6827
E5_eval,uniform,0.65,sequential T3000 c0,307,0,0,28939,64.2455,64.048,65.0381,1.4997
E5_eval,uniform,0.8,sequential T3000 c0,307,0,0,28939,78.8382,78.7197,79.3139,1.4963
E5_eval,uniform,concentrated_pumper_no_verify,sequential T3000 c0,307,105,535,419,68.7351,69.4864,65.9091,1.432
E5_eval,uniform,concentrated_pumper_verifies_instantly,sequential T3000 c0,307,20,535,419,68.7351,69.4864,65.9091,1.432
E5_eval,uniform,concentrated_pumper_verifies_humanlike,sequential T3000 c0,307,171,535,419,68.7351,69.4864,65.9091,1.432
E5_eval,uniform,concentrated_pumper_solves_challenges,sequential T3000 c0,307,116,535,419,68.7351,69.4864,65.9091,1.432
E5_eval,uniform,0.65,sequential T3000 c0,308,0,0,28982,64.2192,64.3128,63.8427,1.632
E5_eval,uniform,0.8,sequential T3000 c0,308,0,0,28982,79.2699,79.4614,78.4997,1.6286
E5_eval,uniform,concentrated_pumper_no_verify,sequential T3000 c0,308,135,898,408,65.4412,67.7914,56.0976,1.7157
E5_eval,uniform,concentrated_pumper_verifies_instantly,sequential T3000 c0,308,22,898,408,65.4412,67.7914,56.0976,1.7157
E5_eval,uniform,concentrated_pumper_verifies_humanlike,sequential T3000 c0,308,190,898,408,65.4412,67.7914,56.0976,1.7157
E5_eval,uniform,concentrated_pumper_solves_challenges,sequential T3000 c0,308,135,898,408,65.4412,67.7914,56.0976,1.7157
E5_eval,uniform,0.65,sequential T3000 c0,309,0,0,28659,64.0881,64.004,64.4276,1.4864
E5_eval,uniform,0.8,sequential T3000 c0,309,0,0,28659,78.8129,78.7611,79.0223,1.483
E5_eval,uniform,concentrated_pumper_no_verify,sequential T3000 c0,309,83,465,396,65.1515,65.7051,63.0952,1.2626
E5_eval,uniform,concentrated_pumper_verifies_instantly,sequential T3000 c0,309,20,465,396,65.1515,65.7051,63.0952,1.2626
E5_eval,uniform,concentrated_pumper_verifies_humanlike,sequential T3000 c0,309,252,465,396,65.1515,65.7051,63.0952,1.2626
E5_eval,uniform,concentrated_pumper_solves_challenges,sequential T3000 c0,309,104,465,396,65.1515,65.7051,63.0952,1.2626
E5_eval,uniform,0.65,sequential T3000 c0.5,300,0,0,28666,64.0724,64.1349,63.828,1.6047
E5_eval,uniform,0.8,sequential T3000 c0.5,300,0,0,28666,78.7658,78.8305,78.5127,1.6047
E5_eval,uniform,concentrated_pumper_no_verify,sequential T3000 c0.5,300,185,1176,412,63.5922,62.9283,65.9341,2.4272
E5_eval,uniform,concentrated_pumper_verifies_instantly,sequential T3000 c0.5,300,24,1176,412,63.5922,62.9283,65.9341,2.4272
E5_eval,uniform,concentrated_pumper_verifies_humanlike,sequential T3000 c0.5,300,276,1176,412,63.5922,62.9283,65.9341,2.4272
E5_eval,uniform,concentrated_pumper_solves_challenges,sequential T3000 c0.5,300,185,1176,412,63.5922,62.9283,65.9341,2.4272
E5_eval,uniform,0.65,sequential T3000 c0.5,301,0,0,28791,63.5164,63.5452,63.4006,1.5804
E5_eval,uniform,0.8,sequential T3000 c0.5,301,0,0,28791,78.7399,78.7459,78.7156,1.5769
E5_eval,uniform,concentrated_pumper_no_verify,sequential T3000 c0.5,301,61,355,405,62.716,64.1337,56.5789,3.2099
E5_eval,uniform,concentrated_pumper_verifies_instantly,sequential T3000 c0.5,301,21,355,405,62.716,64.1337,56.5789,3.2099
E5_eval,uniform,concentrated_pumper_verifies_humanlike,sequential T3000 c0.5,301,353,355,405,62.716,64.1337,56.5789,3.2099
E5_eval,uniform,concentrated_pumper_solves_challenges,sequential T3000 c0.5,301,73,355,405,62.716,64.1337,56.5789,3.2099
E5_eval,uniform,0.65,sequential T3000 c0.5,302,0,0,28576,64.2112,64.2792,63.9373,1.6167
E5_eval,uniform,0.8,sequential T3000 c0.5,302,0,0,28576,78.8494,78.9317,78.5173,1.6167
E5_eval,uniform,concentrated_pumper_no_verify,sequential T3000 c0.5,302,74,434,385,68.0519,69.0852,63.2353,1.8182
E5_eval,uniform,concentrated_pumper_verifies_instantly,sequential T3000 c0.5,302,24,434,385,68.0519,69.0852,63.2353,1.8182
E5_eval,uniform,concentrated_pumper_verifies_humanlike,sequential T3000 c0.5,302,430,434,385,68.0519,69.0852,63.2353,1.8182
E5_eval,uniform,concentrated_pumper_solves_challenges,sequential T3000 c0.5,302,86,434,385,68.0519,69.0852,63.2353,1.8182
E5_eval,uniform,0.65,sequential T3000 c0.5,303,0,0,28707,64.3467,64.2091,64.881,1.5606
E5_eval,uniform,0.8,sequential T3000 c0.5,303,0,0,28707,78.8762,78.6831,79.6259,1.5606
E5_eval,uniform,concentrated_pumper_no_verify,sequential T3000 c0.5,303,85,493,379,65.4354,65.6357,64.7727,1.5831
E5_eval,uniform,concentrated_pumper_verifies_instantly,sequential T3000 c0.5,303,22,493,379,65.4354,65.6357,64.7727,1.5831
E5_eval,uniform,concentrated_pumper_verifies_humanlike,sequential T3000 c0.5,303,296,493,379,65.4354,65.6357,64.7727,1.5831
E5_eval,uniform,concentrated_pumper_solves_challenges,sequential T3000 c0.5,303,102,493,379,65.4354,65.6357,64.7727,1.5831
E5_eval,uniform,0.65,sequential T3000 c0.5,304,0,0,28683,64.3238,64.6093,63.179,1.6281
E5_eval,uniform,0.8,sequential T3000 c0.5,304,0,0,28683,79.4094,79.5278,78.9345,1.6247
E5_eval,uniform,concentrated_pumper_no_verify,sequential T3000 c0.5,304,148,1050,427,61.1241,60.7251,62.5,0.4684
E5_eval,uniform,concentrated_pumper_verifies_instantly,sequential T3000 c0.5,304,23,1050,427,61.1241,60.7251,62.5,0.4684
E5_eval,uniform,concentrated_pumper_verifies_humanlike,sequential T3000 c0.5,304,240,1050,427,61.1241,60.7251,62.5,0.4684
E5_eval,uniform,concentrated_pumper_solves_challenges,sequential T3000 c0.5,304,148,1050,427,61.1241,60.7251,62.5,0.4684
E5_eval,uniform,0.65,sequential T3000 c0.5,305,0,0,28956,64.5842,64.8356,63.5565,1.637
E5_eval,uniform,0.8,sequential T3000 c0.5,305,0,0,28956,79.1684,79.3596,78.3869,1.637
E5_eval,uniform,concentrated_pumper_no_verify,sequential T3000 c0.5,305,61,294,390,63.8462,63.7874,64.0449,1.0256
E5_eval,uniform,concentrated_pumper_verifies_instantly,sequential T3000 c0.5,305,23,294,390,63.8462,63.7874,64.0449,1.0256
E5_eval,uniform,concentrated_pumper_verifies_humanlike,sequential T3000 c0.5,305,210,294,390,63.8462,63.7874,64.0449,1.0256
E5_eval,uniform,concentrated_pumper_solves_challenges,sequential T3000 c0.5,305,76,294,390,63.8462,63.7874,64.0449,1.0256
E5_eval,uniform,0.65,sequential T3000 c0.5,306,0,0,29060,64.3772,64.4982,63.8771,1.5795
E5_eval,uniform,0.8,sequential T3000 c0.5,306,0,0,29060,79.0193,79.1118,78.637,1.576
E5_eval,uniform,concentrated_pumper_no_verify,sequential T3000 c0.5,306,147,994,416,64.9038,63.7725,69.5122,1.6827
E5_eval,uniform,concentrated_pumper_verifies_instantly,sequential T3000 c0.5,306,23,994,416,64.9038,63.7725,69.5122,1.6827
E5_eval,uniform,concentrated_pumper_verifies_humanlike,sequential T3000 c0.5,306,227,994,416,64.9038,63.7725,69.5122,1.6827
E5_eval,uniform,concentrated_pumper_solves_challenges,sequential T3000 c0.5,306,147,994,416,64.9038,63.7725,69.5122,1.6827
E5_eval,uniform,0.65,sequential T3000 c0.5,307,0,0,28939,64.2455,64.048,65.0381,1.4997
E5_eval,uniform,0.8,sequential T3000 c0.5,307,0,0,28939,78.8382,78.7197,79.3139,1.4963
E5_eval,uniform,concentrated_pumper_no_verify,sequential T3000 c0.5,307,105,535,419,68.7351,69.4864,65.9091,1.432
E5_eval,uniform,concentrated_pumper_verifies_instantly,sequential T3000 c0.5,307,20,535,419,68.7351,69.4864,65.9091,1.432
E5_eval,uniform,concentrated_pumper_verifies_humanlike,sequential T3000 c0.5,307,406,535,419,68.7351,69.4864,65.9091,1.432
E5_eval,uniform,concentrated_pumper_solves_challenges,sequential T3000 c0.5,307,116,535,419,68.7351,69.4864,65.9091,1.432
E5_eval,uniform,0.65,sequential T3000 c0.5,308,0,0,28982,64.2192,64.3128,63.8427,1.632
E5_eval,uniform,0.8,sequential T3000 c0.5,308,0,0,28982,79.2699,79.4614,78.4997,1.6286
E5_eval,uniform,concentrated_pumper_no_verify,sequential T3000 c0.5,308,135,898,408,65.4412,67.7914,56.0976,1.7157
E5_eval,uniform,concentrated_pumper_verifies_instantly,sequential T3000 c0.5,308,26,898,408,65.4412,67.7914,56.0976,1.7157
E5_eval,uniform,concentrated_pumper_verifies_humanlike,sequential T3000 c0.5,308,202,898,408,65.4412,67.7914,56.0976,1.7157
E5_eval,uniform,concentrated_pumper_solves_challenges,sequential T3000 c0.5,308,135,898,408,65.4412,67.7914,56.0976,1.7157
E5_eval,uniform,0.65,sequential T3000 c0.5,309,0,0,28659,64.0881,64.004,64.4276,1.483
E5_eval,uniform,0.8,sequential T3000 c0.5,309,0,0,28659,78.8129,78.7611,79.0223,1.483
E5_eval,uniform,concentrated_pumper_no_verify,sequential T3000 c0.5,309,83,465,396,65.1515,65.7051,63.0952,1.2626
E5_eval,uniform,concentrated_pumper_verifies_instantly,sequential T3000 c0.5,309,20,465,396,65.1515,65.7051,63.0952,1.2626
E5_eval,uniform,concentrated_pumper_verifies_humanlike,sequential T3000 c0.5,309,330,465,396,65.1515,65.7051,63.0952,1.2626
E5_eval,uniform,concentrated_pumper_solves_challenges,sequential T3000 c0.5,309,104,465,396,65.1515,65.7051,63.0952,1.2626
